GENE	CHR	START	TWAS.Z
SCYL3	1	169849631	2.07219
C1orf112	1	169662007	1.91159
FGR	1	27612064	0.55176
CFH	1	196651878	0.04544
STPG1	1	24356999	2.02862
AK2	1	33007940	-1.81348
KDM1A	1	23019448	-0.92514
ST7L	1	112523518	2.20321
DNAJC11	1	6634168	-0.21587
CSDE1	1	114716913	1.35656
FAM76A	1	27725979	-1.26507
SPRTN	1	231337104	-2.22225
TCEB3	1	23743155	-1.27544
LYPLA2	1	23790970	-0.38639
CLCN6	1	11806096	-0.44088
MTMR11	1	149928651	0.15698
ATP1A2	1	160115759	0.17679
NCDN	1	35557473	-0.4087
GCLM	1	93885205	0.41369
SH2D2A	1	156806243	-0.04785
LRRC7	1	69568398	1.46001
ADSS	1	244408494	0.67621
PQLC2	1	19312326	0.70552
THAP3	1	6624866	0.99426
USH2A	1	215622894	0.96658
VPS13D	1	12230067	-1.95504
H6PD	1	9234775	0.37131
VAMP3	1	7771269	-0.2475
PER3	1	7784320	-1.58189
PTGER3	1	70852353	0.16743
SIKE1	1	114769479	2.19557
TRAPPC3	1	36136570	3.60572
THRAP3	1	36224416	-1.81826
ARID4B	1	235131634	0.08937
OPN3	1	241590102	1.15687
SDCCAG8	1	243256034	-0.69019
HHAT	1	210328252	-2.03541
SOAT1	1	179293714	-1.80037
ATP2B4	1	203626561	-2.0287
ZC3H11A	1	203795654	-2.946
YIPF1	1	53851719	-3.93623
NDC1	1	53765460	-1.10992
TARBP1	1	234391313	-0.77908
PIGV	1	26787472	2.58902
PTPRU	1	29236516	0.19418
COL11A1	1	102876467	6.68146
DDX20	1	111755245	-0.10905
CHI3L2	1	111200771	2.25701
SPEN	1	15847864	0.39713
TMEM206	1	212363931	-1.84149
PPP2R5A	1	212285537	-1.48649
TIE1	1	43300993	-1.922
KDM4A	1	43650158	-0.4614
ZMYND12	1	42430329	0.17931
ELOVL1	1	43363397	0.36864
DNTTIP2	1	93866283	1.89132
RRP15	1	218285287	1.35102
IARS2	1	220094102	-0.91443
NUP133	1	229440260	-1.75781
KCNAB2	1	5991466	0.18227
KIAA1107	1	92167857	3.46877
HES2	1	6412418	-1.57267
TESK2	1	45343883	3.72364
EIF2B3	1	44850522	-3.20607
CDC42	1	22052627	-1.25511
EPHA8	1	22563564	1.04234
FCGR2B	1	161663147	1.75247
ENO1	1	8861002	-0.44264
ARHGEF10L	1	17539835	-1.08647
FMO4	1	171314208	-0.51993
PLXNA2	1	208022242	1.14414
RAP1GAP	1	21596215	2.01368
PPP1R12B	1	202348699	-0.05067
ACTN2	1	236686454	1.92551
CAPZB	1	19338776	1.92046
SDF4	1	1216908	0.77855
MKNK1	1	46557408	-3.50983
CDC14A	1	100345025	-1.35018
PGM1	1	63593276	2.43394
RSBN1	1	113761832	1.14241
MAGI3	1	113390749	-1.74905
PTPRC	1	198638671	-1.66065
CACNA1S	1	201039512	-0.39073
PKP1	1	201283452	0.35376
DUSP12	1	161749758	-2.41992
HSPB11	1	53916574	-0.41033
TRAF5	1	211326615	0.50492
PLOD1	1	11934205	-1.1576
PPIE	1	39692182	0.3957
ZMPSTE24	1	40258107	0.38259
EIF3I	1	32221928	-1.12255
NKAIN1	1	31179745	1.60433
COL16A1	1	31652247	5.70704
TXLNA	1	32179686	-2.03956
OVGP1	1	111414314	-0.01821
SLC25A24	1	108134036	1.85681
EPS15	1	51354263	-1.03342
POMGNT1	1	46188682	-0.45063
ERO1B	1	236215555	0.96886
ASAP3	1	23428563	-1.67224
SLC9A1	1	27098815	-1.07564
RGS1	1	192575727	0.79094
NUDC	1	26900238	-2.4404
MUL1	1	20499448	1.85098
USP48	1	21678298	1.08245
TBX15	1	118883046	1.15793
AGO1	1	35869808	-2.33127
GPATCH2	1	217426992	0.12934
FMO2	1	171185208	1.94462
ACOT7	1	6264269	1.17693
SH3GLB1	1	86704570	2.74912
CDC7	1	91500893	3.55441
SYDE2	1	85156873	0.46994
PALMD	1	99645943	-0.31184
DVL1	1	1335276	-1.89713
DHCR24	1	54849633	0.12638
MARK1	1	220528183	0.28697
GPX7	1	52602372	-1.38683
PAPPA2	1	176463171	0.02269
RALGPS2	1	178725147	0.12385
ANGPTL1	1	178849705	1.41523
CEP104	1	3812081	-1.22651
FAM20B	1	179025804	0.52562
MRPL37	1	54184041	3.92541
ICMT	1	6221193	-0.45168
CHD5	1	6101793	2.00091
PHF13	1	6613685	0.78867
ERRFI1	1	8004404	2.59633
PARK7	1	7954291	1.39172
WDR77	1	111439890	1.47758
ATP5F1	1	111448864	-0.11399
RAP1A	1	111542218	-0.30545
CAPZA1	1	112619173	-6.83484
RNF19B	1	32936445	-1.79334
ASH1L	1	155335268	-0.38127
DLGAP3	1	34865436	-0.14423
SFPQ	1	35176378	-2.78199
RHOU	1	228735077	0.42833
GON4L	1	155749662	-2.38412
ARHGEF2	1	155946851	4.59685
LAMTOR2	1	156054752	-3.43265
DOCK7	1	62454298	-0.09436
SRM	1	11054584	1.09171
DLEU2L	1	63547082	0.17883
FBXO2	1	11648367	-1.55051
FBXO6	1	11664124	0.54851
C1orf21	1	184387058	0.86257
MAD2L2	1	11674480	-0.72014
DNAJC6	1	65248219	0.59232
LEPR	1	65420652	1.84891
PDC	1	186443566	-0.33677
PLA2G4A	1	186828953	-0.31561
GADD45A	1	67685061	0.581
WLS	1	68098473	-4.53133
RGS2	1	192809039	-0.1179
BCAS2	1	114567557	0.57176
CTH	1	70411218	-0.77937
OLFML3	1	113979391	1.23756
CRYZ	1	74705482	0.04883
CD58	1	116514535	-2.43757
TTF2	1	117060303	0.49554
NR5A2	1	200027602	0.86808
KIF21B	1	200969390	0.30456
ADPRHL2	1	36088875	4.02832
MAP7D1	1	36155579	3.94958
WARS2	1	119031216	0.53132
RP11-268J15.5	1	36323734	2.14741
OSCP1	1	36415827	-1.18468
GNPAT	1	231241207	0.77677
TSNAX	1	231528653	0.46428
NID1	1	235975830	-1.26761
LGALS8	1	236518000	-2.06092
HPCAL4	1	39678648	1.59065
MYCL	1	39895426	1.74837
SIPA1L2	1	232397965	-1.56093
ZNF684	1	40531561	2.4592
KCNQ4	1	40784012	-0.52943
ETV3	1	157121191	-0.2553
ACADM	1	75724347	-0.42329
ST6GALNAC5	1	76867441	0.15449
ADGRL2	1	81306160	0.3934
PADI2	1	17066761	1.65108
SDHB	1	17018722	-1.75866
MFAP2	1	16974502	0.39324
KDM5B	1	202724491	-0.16476
UAP1	1	162561506	-3.72283
RGS4	1	163068775	1.66068
IGSF21	1	18107746	-0.93417
RBBP5	1	205086142	-1.98108
GBP3	1	89006666	0.53942
PINK1-AS	1	20642657	-1.2754
HMGCL	1	23801885	-1.45081
ID3	1	23557918	0.06424
CD46	1	207752057	0.23785
APH1A	1	150265399	1.61909
ARTN	1	43933320	-0.64619
ATP6V0B	1	43974487	1.43888
B4GALT2	1	43978943	2.47862
AKR1A1	1	45550543	-4.73724
PRDX1	1	45511036	1.8869
PIK3R3	1	46040140	-5.77027
BLZF1	1	169367970	0.21227
CCDC181	1	169394870	1.18478
FAAH	1	46394265	1.33819
TMED5	1	93149742	1.3396
DR1	1	93345888	-3.35465
CNN3	1	94896949	-1.10363
F3	1	94529225	0.04326
ABCD3	1	94418455	-0.24863
PTBP2	1	96721665	-1.74167
PRDX6	1	173477266	1.01694
DARS2	1	173824503	-0.88708
IRF6	1	209785623	1.32434
PLPPR5	1	98890245	-0.05715
PLPPR4	1	99263953	-0.00375
SERPINC1	1	173903804	0.60602
RCAN3	1	24502351	0.60524
SYF2	1	25222679	0.05246
SLC35A3	1	99969789	1.01446
STMN1	1	25884181	-0.6806
MTFR1L	1	25818640	1.68383
RPS6KA1	1	26529761	-1.44054
NENF	1	212432887	-1.49343
NSL1	1	212726153	1.46047
PROX1	1	213983181	1.47708
ARID1A	1	26693236	3.54576
RPA2	1	27891524	-0.60293
PPP1R8	1	27830778	1.1533
STX12	1	27773183	-0.71985
MARC2	1	220748225	0.72646
TNNT2	1	201359008	0.08446
CAMSAP2	1	200739558	1.23263
CA14	1	150257159	0.18935
ANKRD13C	1	70260588	-0.85027
SGIP1	1	66533383	-0.1019
CASQ2	1	115700007	-1.04322
OLFM3	1	101802574	0.11573
C1orf198	1	230837119	-1.31614
TRIM67	1	231162112	-1.63586
HEATR1	1	236549005	1.92551
MRPS14	1	175010789	0.18289
CENPL	1	173799550	0.53873
SEC16B	1	177923956	-0.83397
TAF12	1	28589323	0.84129
TARDBP	1	11012344	2.91948
ECHDC2	1	52895910	2.2469
LHX4	1	180230286	0.06784
TRMT1L	1	185118098	1.07142
DESI2	1	244652935	-1.68351
ADGRB2	1	31727117	-0.98918
TMEM54	1	32894594	-2.3091
ZSCAN20	1	33472645	-0.23937
HPCA	1	32885994	-1.62637
LRIF1	1	110947185	-0.76007
CLCC1	1	108929508	-0.03083
FMOD	1	203340628	0.98593
COPA	1	160289273	1.35461
ODF2L	1	86346824	-2.83243
TRMT13	1	100133150	2.50532
RWDD3	1	95234155	-1.04298
ZNF644	1	90915298	-0.37303
RPAP2	1	92298965	2.95912
RNF11	1	51236271	0.15787
STIL	1	47250139	0.81403
LPGAT1	1	211743457	-0.8589
MSTO1	1	155610205	4.91938
C1orf61	1	156404250	-1.42242
ATG4C	1	62784135	1.06766
HNRNPR	1	23303771	-0.14257
ZNF436	1	23359448	0.958
UROD	1	45012147	1.10983
ST3GAL3	1	43705824	0.30716
TMEM53	1	44635238	2.03646
HECTD3	1	45002540	3.40012
DNAJC8	1	28199456	-0.19572
IFI6	1	27666061	0.90225
HIVEP3	1	41506365	2.07137
EMC1	1	19215664	-1.27375
PLA2G5	1	20028179	-2.02069
UBR4	1	19074506	-0.55512
MACF1	1	39081316	1.97165
ARHGEF16	1	3454426	-0.75137
LRRC47	1	3778558	-1.21168
SESN2	1	28259527	-0.33349
ATPIF1	1	28236109	-0.19572
MED18	1	28329002	1.3812
THEMIS2	1	27872543	-2.09783
UBE4B	1	10032832	2.37689
GJA9	1	38874451	0.30201
CAP1	1	40040233	0.43577
PPT1	1	40072705	-1.04718
ACAP3	1	1292376	-1.60734
C1orf159	1	1081818	0.8546
NPHP4	1	5862811	0.70485
SPATA6	1	48295372	0.36944
LRRC41	1	46261196	-0.45063
KIAA0907	1	155913043	-4.50375
ATP1A4	1	160151570	-1.07876
ARHGEF11	1	156934840	-1.46082
SYT11	1	155859509	-0.97963
DPH2	1	43970000	0.37578
NASP	1	45583846	3.39871
FBXO44	1	11654375	2.5787
RSG1	1	16231700	-0.41698
CASP9	1	15490832	-0.73388
CHI3L1	1	203178931	-2.6609
DSTYK	1	205142505	-0.08714
SLC41A1	1	205789093	-1.64864
EPHB2	1	22710839	-1.49345
SRRM1	1	24631716	-0.11214
GNAT2	1	109603267	0.49461
GSTM1	1	109687814	-0.19963
TSPAN2	1	115048011	-1.83202
GSTM5	1	109712255	1.0156
GSTM3	1	109733932	-1.11049
SYT6	1	114089291	-0.10152
VAV3	1	107571160	1.9093
PTPN22	1	113813811	0.51886
SORT1	1	109309568	1.02122
WNT2B	1	112466541	0.38956
LAMTOR5	1	110401249	-1.51345
CEPT1	1	111139627	1.01464
AP4B1	1	113894748	-0.98808
CDC73	1	193122017	0.41399
TIMM17A	1	201955491	-2.02493
CRB1	1	197268204	0.11272
YARS	1	32775237	1.07915
PHC2	1	33323623	4.37364
CDCA8	1	37692418	-0.33164
GNL2	1	37566816	-5.67569
CYP2J2	1	59893308	2.58536
BTF3L4	1	52056125	-1.47213
ZCCHC11	1	52408282	-0.40975
PRPF38A	1	52404564	-3.54518
KCNK1	1	233614004	-2.22662
URB2	1	229626234	1.60283
COG2	1	230642489	0.84159
ABCB10	1	229516582	0.93704
NTPCR	1	232950605	-0.41173
GLUL	1	182381704	0.69972
STX6	1	180972712	0.23456
RGS8	1	182641816	-0.38654
RNASEL	1	182573634	-1.33577
KIAA1614	1	180913154	-2.2507
CEP350	1	179954738	-0.33769
NPL	1	182789293	0.59492
PIGC	1	172370189	-0.36
LAMC1	1	183023460	-2.41585
EPRS	1	219968601	-1.86543
KCTD3	1	215567392	-0.10324
TTLL7	1	83865028	0.33865
FNBP1L	1	93448131	2.33736
KYAT3	1	88935773	-1.63793
RABGGTB	1	75786197	0.16965
ARHGAP29	1	94148988	-0.24863
IFI44	1	78649796	1.44346
SLC44A5	1	75202131	1.13548
RPL7P9	1	96678874	-0.35773
RTCA	1	100266207	0.63997
SLC2A5	1	9035107	0.53622
RERE	1	8352397	3.26409
PADI1	1	17205126	1.85087
EPHA2	1	16124337	0.118
ARHGEF19	1	16197854	-0.39324
PEX14	1	10472288	-2.83451
MYOM3	1	24056035	-1.23485
SH3BGRL3	1	26279176	1.68383
ZNF593	1	26169871	1.00251
C1orf216	1	35713875	2.12652
KIAA0319L	1	35433490	0.2021
MAP3K6	1	27355184	0.4193
GPN2	1	26876133	-1.06582
WDTC1	1	27234516	0.95873
NBPF3	1	21440128	-1.60091
HSPG2	1	21822245	-3.24436
SERBP1	1	67407810	0.65179
BCL10	1	85266248	0.75901
PRKACB	1	84078062	-0.85963
PIGK	1	77088990	-0.64626
AZIN2	1	33081104	-1.98097
RPS8	1	44775251	-0.51741
LMO4	1	87328468	0.04826
SYPL2	1	109466628	2.40609
BARHL2	1	90711539	-1.02076
MTF2	1	93079235	1.1262
SLC44A3	1	94820342	0.08952
CTTNBP2NL	1	112396181	0.38956
C1orf162	1	111473792	-0.02656
CELSR2	1	109250019	3.55926
ATP1B1	1	169105697	1.71489
TIPRL	1	168178933	0.65553
MPC2	1	167916729	1.27653
DCAF6	1	167935783	-1.52613
RXRG	1	165400917	3.4002
TBX19	1	168281040	0.27505
UCK2	1	165827531	2.35576
POU2F1	1	167220829	-0.14391
MAEL	1	166975582	1.86565
MGST3	1	165630861	6.15205
RFWD2	1	175944831	-1.47916
UFC1	1	161152776	-0.9488
PPOX	1	161166410	-0.28647
FCGR2A	1	161505430	-0.49525
NUF2	1	163266576	-1.37165
RGS5	1	163111121	3.97779
SDHC	1	161314257	-0.78879
USP21	1	161159450	-0.04288
RRNAD1	1	156728442	0.66655
MRPL24	1	156737303	-0.04785
CASQ1	1	160190556	-1.35461
ISG20L2	1	156721891	1.66958
HDGF	1	156742107	2.68731
ABL2	1	179099327	-0.36077
XPR1	1	180632004	1.00795
TOR1AIP1	1	179882042	-0.10946
HMCN1	1	185734551	1.57615
LYPLAL1	1	219173844	-9.72604
PRUNE1	1	151008420	1.44449
SF3B4	1	149923317	-1.22679
TARS2	1	150487364	-0.57821
CGN	1	151510510	1.37312
SETDB1	1	150926263	0.06028
MCL1	1	150574551	-0.47972
CTSK	1	150796208	0.88323
PI4KB	1	151291797	-1.38903
ENSA	1	150600851	1.10542
MRPL9	1	151759643	0.63144
POGZ	1	151402724	0.02453
GOLPH3L	1	150646225	-0.8241
KCNH1	1	210678315	0.77721
DYRK3	1	206635536	-1.64588
EIF2D	1	206571292	0.82095
INTS7	1	211940399	-0.14125
VASH2	1	212950520	1.57181
TAF1A	1	222557902	-4.12423
SMYD2	1	214281102	0.18467
SUSD4	1	223220819	-0.51595
DUSP10	1	221701424	1.53982
ATP8B2	1	154325553	0.14048
ADAM15	1	155050566	-1.06008
S100A8	1	153390032	0.70016
TPM3	1	154155304	-2.60532
SNAPIN	1	153658654	-1.6168
SLC27A3	1	153774354	-0.83787
UBAP2L	1	154220179	-0.16767
SLC39A1	1	153959099	0.64677
HAX1	1	154272511	-4.54225
CREB3L4	1	153967534	1.12018
KCNN3	1	154697455	0.75017
GATAD2B	1	153789030	-0.83542
ILF2	1	153661788	-0.67043
RIT1	1	155897808	-3.42286
INTS3	1	153728067	-0.24226
C1orf131	1	231223763	0.11369
SCCPDH	1	246724047	2.52169
RP5-862P8.2	1	233327768	-3.35778
CEP170	1	243124428	-1.48023
SNAP47	1	227728539	3.22641
SRP9	1	225777813	0.03826
SDE2	1	225982702	-0.37108
DEGS1	1	224175756	0.03565
FBXO28	1	224114087	3.58529
ARF1	1	228082660	3.47062
LEFTY2	1	225936598	1.55831
ITPKB	1	226631690	4.48088
GUK1	1	228139962	-0.3964
CDC42BPA	1	226989865	-3.49555
CNIH3	1	224434660	-0.84841
C1orf35	1	228100726	-0.6726
PYCR2	1	225919877	0.22194
LBR	1	225401502	1.49838
SOX13	1	204073115	1.48074
ETNK2	1	204131062	-1.10165
PPFIA4	1	203026498	-1.987
ZMYM4	1	35268967	-0.28096
PLCH2	1	2425980	-1.47317
FCGR1A	1	149782671	2.93446
NEK7	1	198156963	0.28021
RABGAP1L	1	174159410	0.42273
TMEM56	1	95117338	-1.56173
TCTEX1D1	1	66752459	-2.33697
WDR78	1	66812885	0.42946
HNRNPU	1	244840638	0.10517
LINC00467	1	211382803	0.51916
DDAH1	1	85318481	4.0688
HS2ST1	1	86914648	1.37467
CC2D1B	1	52345723	1.04029
MIA3	1	222618086	1.54712
OBSCN	1	228208130	-1.3924
TRIM11	1	228393673	0.67325
ENAH	1	225486835	1.11631
CCSAP	1	229321005	1.49408
FAM69A	1	92832737	-0.42166
RHOC	1	112701106	0.38956
PPM1J	1	112709994	-2.20175
SLC16A1	1	112911847	-0.14079
SPAG17	1	117953861	1.38369
GPR61	1	109539872	-0.90365
MFSD14A	1	100038097	0.34575
SASS6	1	100083563	-1.28864
ZFYVE9	1	52142094	0.5948
CPT2	1	53196429	-0.44245
NECAP2	1	16440672	1.57551
LRP8	1	53242364	0.85015
SSBP3	1	54225432	1.50649
TNFRSF14	1	2555639	-2.16725
PANK4	1	2508533	-1.65009
PEX10	1	2403964	-0.71221
RER1	1	2391775	-5.30729
SKI	1	2228695	-2.30957
PAFAH2	1	25959767	0.51847
EXTL1	1	26019884	-0.51847
TPRG1L	1	3625002	0.91796
EYA3	1	27970344	0.46616
WASF2	1	27404226	0.41121
FAM46B	1	27005020	0.92024
RNF207	1	6205475	-0.18227
GPR153	1	6247346	-0.49555
CD1D	1	158179947	1.12387
PPP1R15B	1	204403387	1.7312
ELK4	1	205597556	-0.12968
DUSP23	1	159780932	1.10146
NBL1	1	19640554	4.84997
DEDD	1	161120974	1.36272
NDUFS2	1	161197104	-0.62099
FCER1G	1	161215234	0.78431
TOMM40L	1	161225939	-0.24211
CACHD1	1	64470792	1.92932
EPB41	1	28887091	1.13558
SV2A	1	149903318	0.24139
CSRP1	1	201483530	1.51433
C1QC	1	22643630	1.41056
CIART	1	150282543	-0.91253
CCDC24	1	43991359	-1.43888
CYB5R1	1	202961869	-0.95589
PSMD4	1	151254703	-1.51703
PSMB4	1	151399534	-1.22435
BTG2	1	203305491	-1.42926
ALDH4A1	1	18871430	0.83721
THEM4	1	151873584	0.41683
MED8	1	43383917	0.26111
CCDC17	1	45620044	4.08682
GPBP1L1	1	45627304	5.96335
DFFA	1	10456522	0.90163
CCDC28B	1	32200386	-0.20986
TMEM234	1	32214472	-0.19339
BSDC1	1	32365103	-0.13557
ZBTB8A	1	32539427	-0.13107
ATAD3B	1	1471769	0.78941
ZNF362	1	33256545	0.19174
FNDC5	1	32862268	-2.0585
S100A1	1	153627926	1.61972
ZBTB7B	1	155002630	-2.60532
FLAD1	1	154983338	0.03534
SHC1	1	154962298	0.17619
ADAR	1	154582062	0.48855
IL6R	1	154405193	-1.1642
CRTC2	1	153947669	1.56329
FDPS	1	155308748	-2.32148
FAM189B	1	155247205	1.51343
PAQR6	1	156243321	-0.97812
PMF1	1	156212993	0.35341
SLC25A44	1	156193932	0.14131
LMNA	1	156082573	-2.52147
GPATCH4	1	156594487	-1.24825
TAL1	1	47216290	0.44041
CMPK1	1	47333797	-0.05401
ELAVL4	1	50048014	0.80632
COA7	1	52684451	-1.39336
ZYG11B	1	52726467	-2.2469
SLC1A7	1	53087179	-1.51211
C1orf123	1	53214099	0.24252
PLPP3	1	56494747	2.57075
PRKAA2	1	56645322	0.05001
KLHL21	1	6590724	-0.21747
ZSWIM5	1	45016399	-0.46152
GMEB1	1	28668732	-0.18947
SLC45A1	1	8317826	-0.23652
RAVER2	1	64745095	-0.05309
FBLIM1	1	15756607	-0.32845
SLC25A34	1	15736405	0.90959
AKR7A3	1	19282558	0.17326
PDPN	1	13583465	3.63794
LRRC38	1	13474977	-0.02482
DHRS3	1	12567910	2.42246
PEF1	1	31629862	1.53558
SYNC	1	32680360	0.25926
UBXN10	1	20186085	0.3398
CAMK2N1	1	20482391	1.64955
ALPL	1	21509372	-0.224
MXRA8	1	1352689	-1.50687
FAAP20	1	2184461	-1.40413
MEGF6	1	3489920	-0.90401
DIRAS3	1	68045962	3.34063
NFIA	1	60865259	-0.80223
OMA1	1	58415384	1.11587
TM2D1	1	61681046	-1.86494
USP1	1	62436297	-1.8551
FUBP1	1	77944055	-0.77071
NEXN	1	77888513	0.37602
DNAJB4	1	77979175	0.27046
ADGRL4	1	78889764	-1.04126
LRRIQ3	1	74026015	1.30027
TYW3	1	74733152	1.47999
SNX7	1	98661701	1.47352
B3GALT2	1	193179045	1.14272
NTNG1	1	107140007	-1.11764
HENMT1	1	108648290	-0.22703
C1orf52	1	85249953	2.2097
GBP4	1	89181148	1.03389
ZNF326	1	89995112	0.522
BRINP3	1	190097662	-0.70554
VCAM1	1	100719742	-5.28856
ARPC5	1	183620846	2.60316
CADM3	1	159171609	0.37443
ZNF496	1	247297412	0.36209
KCNJ9	1	160081570	-0.49624
DDR2	1	162631373	5.42026
PEA15	1	160205337	1.0026
NCSTN	1	160343272	1.06588
OLFML2B	1	161983192	0.67134
KLHDC9	1	161098361	0.60754
FLVCR1	1	212858255	1.45716
ATF3	1	212565334	-0.59042
DENND2D	1	111187174	1.96811
AXDND1	1	179365720	1.51013
TDRD5	1	179591613	1.17471
IER5	1	181088712	0.57268
BPNT1	1	220057482	1.09545
SPATA17	1	217631324	0.64409
C1orf115	1	220689845	3.08783
KIF26B	1	245154985	-0.50785
TFB2M	1	246540560	-0.54412
CNST	1	246566444	-0.25368
KLHDC8A	1	205336065	-2.93875
B3GALNT2	1	235449923	0.41152
MAPKAPK2	1	206684944	-1.9124
CAPN2	1	223701593	-1.3778
MRPL55	1	228106679	1.27378
C1orf145	1	228203506	1.5893
TRIM17	1	228407940	0.67325
DISC1	1	231626815	-1.43108
ADCK3	1	226897536	-1.88634
RPRD2	1	150363091	-1.01604
CTSS	1	150730196	0.71672
SCNM1	1	151156664	-2.07386
VPS72	1	151169987	-0.81852
S100A11	1	152032506	-2.20774
PMVK	1	154924734	-2.28718
PYGO2	1	154957026	-1.441
HIPK1	1	113929192	-1.23756
DCST1	1	155033824	-1.06008
C1orf106	1	200891048	0.51884
YY1AP1	1	155659443	-2.80333
NAXE	1	156591762	0.82703
SLC22A15	1	115976498	0.3834
IGFN1	1	201190825	-1.8081
ELF3	1	202007945	0.4236
CCT3	1	156308968	-1.44184
TMEM79	1	156282935	1.78159
ADORA1	1	203090654	2.61157
NFASC	1	204828651	-0.2914
MNDA	1	158831317	1.33031
IFI16	1	158999968	0.3561
GRIK3	1	36795527	0.3772
DNALI1	1	37556919	-3.39369
HEYL	1	39624153	-1.60339
C1orf50	1	42767269	-1.64263
RAB4A	1	229271062	1.23708
GNG4	1	235547687	-3.71996
COA6	1	234373456	-0.85114
MFSD2A	1	39955112	0.72258
NDUFS5	1	39026318	0.61735
SLC16A4	1	110362848	2.94461
GSTM4	1	109656081	-0.00313
SLC50A1	1	155135344	2.36223
SHE	1	154469772	1.94658
PTAFR	1	28147166	-0.4521
NPR1	1	153678637	3.00537
CLIC4	1	24745357	2.5318
DFFB	1	3857267	1.3928
LUZP1	1	23084023	1.11736
PUSL1	1	1308567	-0.197
IFFO2	1	18904281	0.04227
LRRN2	1	204617170	-4.02924
S1PR1	1	101236888	0.55094
ZNF672	1	248838210	0.99244
LRRC8D	1	89821014	1.01876
CLSTN1	1	9729026	-1.69341
PIK3CD	1	9651732	-4.05595
SLC25A33	1	9539482	-1.06843
SPSB1	1	9292880	0.4889
PLEKHG5	1	6466092	3.34737
NHLH1	1	160367067	1.75438
SLFNL1	1	41015597	-1.1884
CTPS1	1	40979335	-3.08025
COL8A2	1	36095236	8.17397
EXOSC10	1	11066618	1.8151
PPIH	1	42658425	1.14187
EPHX4	1	92029982	1.07986
ALG14	1	94974407	-0.94688
MTX1	1	155208699	2.0226
CKS1B	1	154974653	-2.79451
VANGL1	1	115641953	0.91185
ARV1	1	230978981	1.61559
HSPB7	1	16014028	0.8919
PLK3	1	44800225	5.04497
GNG5	1	84498325	-0.19335
CYB561D1	1	109494052	-0.22414
PHLDA3	1	201464383	1.27354
PODN	1	53062052	-1.35417
MFSD4A	1	205568885	-1.34291
TMEM81	1	205083129	-1.67948
GOLT1A	1	204198160	0.39942
ANGEL2	1	212992182	1.55056
SH3BP5L	1	248810446	-0.36402
APITD1	1	10430443	2.768
KDF1	1	26949562	-0.57249
ZBTB8OS	1	32600172	-2.86799
MTHFR	1	11785723	-0.44088
KCNA3	1	110672465	-1.97629
KCNA2	1	110593580	-0.57589
NHLH2	1	115836377	-2.11066
JUN	1	58780788	-1.2271
PGBD5	1	230314482	-0.12652
GBA	1	155234452	-2.79451
AGTRAP	1	11736084	-0.66663
SVBP	1	42807052	-0.16738
RPS27	1	153990759	1.57819
DMAP1	1	44213455	-2.44861
BOLA1	1	149887890	-2.15087
PDE4DIP	1	148808181	0.60429
RIIAD1	1	151710433	0.41683
ERICH3	1	74568111	-0.03506
FUCA1	1	23845077	-0.83301
C1orf101	1	244454377	-0.10882
VWA1	1	1434861	1.02538
ZBTB18	1	244048939	-1.36041
CITED4	1	40861051	-1.1523
TRNAU1AP	1	28553085	0.65781
FAM73A	1	77779624	0.81084
YOD1	1	207043849	1.76918
LINC01555	1	84628230	-1.04156
GREM2	1	240489573	0.37632
HIST3H2A	1	228456979	1.09248
ZNF678	1	227563543	1.45827
AMIGO1	1	109504175	1.01917
GPR3	1	27392644	0.05172
LSM10	1	36391238	1.77078
SNRPE	1	203861603	2.69652
FAM89A	1	231018958	-0.53286
TDRKH	1	151770107	-0.91731
PAQR7	1	25861210	-1.67147
ACBD3	1	226144679	0.39602
RP11-181G12.2	1	2181794	-1.20907
RABIF	1	202878957	0.0607
SEP15	1	86862445	-2.95193
EPHA10	1	37713880	0.44141
SF3A3	1	37956975	-5.08263
UTP11	1	38009258	-0.00742
FAM167B	1	32247233	-2.86142
TMEM50A	1	25337917	-2.44707
SLC35F3	1	233904933	-0.56692
LIN9	1	226231149	4.6022
ANKRD45	1	173609561	-0.23098
KIRREL	1	157993273	0.92876
C1orf64	1	16004236	-1.46663
ST6GALNAC3	1	76074719	-0.30647
PTP4A2	1	31906421	0.64385
NCMAP	1	24556111	-0.79382
PDE4B	1	65792514	0.34849
FAM19A3	1	112720419	1.57048
ZBTB40	1	22451851	-0.34647
MGAT4EP	1	202820266	0.44998
CLCNKB	1	16043736	-0.38463
MANEAL	1	37793802	-0.50416
PGBD2	1	248906196	-0.24153
ZBTB37	1	173868082	0.49027
IFNLR1	1	24154157	0.09236
ROR1	1	63774022	1.63248
MUC1	1	155185824	-0.25317
FAM131C	1	16057769	0.15197
DNAH14	1	224896262	-1.21119
RNPC3	1	103525691	2.06801
LEMD1	1	205381378	-0.38039
AIDA	1	222668013	-4.38942
AGBL4	1	48532855	0.23781
TOR3A	1	179081377	-0.84579
MST1P2	1	16645622	-1.3746
CYP4X1	1	47023568	0.69213
CCDC30	1	42463330	-0.17931
TMEM222	1	27322145	-0.50733
ARHGAP30	1	161046946	0.54967
FOXD2	1	47436017	-1.97905
MST1L	1	16754910	1.2427
ESPN	1	6424788	2.03236
RNF220	1	44405194	0.69488
TLR5	1	223109406	1.42281
SAMD11	1	923928	-2.71371
PERM1	1	975204	0.69445
ZFP69B	1	40450102	-1.14459
ZFP69	1	40477215	0.9686
KLHL17	1	960587	-0.49865
C1orf204	1	159834474	-0.66724
AGRN	1	1020123	-0.20644
HES4	1	998962	2.78809
ZNF669	1	247099962	0.07584
SELL	1	169690667	1.9775
S100A16	1	153606886	1.31695
RBM34	1	235131183	0.85354
BCL2L15	1	113878168	-0.98808
PRELP	1	203475828	0.10133
FAM78B	1	166057426	-1.91457
NOC2L	1	944204	6.08748
S100A13	1	153618787	1.58749
BTBD8	1	92080305	-0.16355
PNRC2	1	23959109	-1.41832
KAZN	1	13892792	0.71887
SH2D5	1	20719732	-0.34647
OR2L13	1	248098649	-0.20635
TMEM63A	1	225845536	0.34342
SEMA4A	1	156147366	-0.09789
CD55	1	207321508	-0.46994
ZNF124	1	247121975	-0.36827
ESRRG	1	216503246	-0.13798
GDAP2	1	117863485	-0.55528
SLC6A9	1	43991500	-0.65697
AJAP1	1	4654732	-0.31877
LAMB3	1	209614870	-2.54334
HIST3H2BB	1	228458107	1.51376
SLC6A17	1	110150486	-2.14727
LRRC8B	1	89524836	1.04098
IPP	1	45694324	2.66777
HHLA3	1	70354805	-0.66697
DMBX1	1	46506996	2.03733
CDC42SE1	1	151050971	-5.39668
TAF13	1	109062486	0.03083
ATAD3A	1	1512151	-0.64968
FAM212B	1	111680630	0.24201
HES5	1	2528745	-2.06071
S100A6	1	153534599	0.36914
DNM3	1	171841498	0.21992
SNHG12	1	28578538	-0.81541
MAN1A2	1	117367449	1.53708
SZT2	1	43389882	0.89277
FLVCR1-AS1	1	212852108	-0.67755
YTHDF2	1	28736621	-0.68382
C1orf228	1	44674692	0.17148
RD3	1	211476522	-2.82599
MDM4	1	204516379	2.70097
RYR2	1	237042205	0.63622
ABCA4	1	93992835	2.00687
IPO9	1	201829141	-0.23932
GLMP	1	156290089	-0.73904
F5	1	169514166	-3.30031
COLGALT2	1	183929854	3.88631
RCSD1	1	167630093	1.70856
MTOR	1	11106535	1.39673
LRIG2	1	113073209	0.30203
FOXJ3	1	42176539	1.83348
CD247	1	167430640	0.81863
HMGN2	1	26472450	-0.64682
GJC2	1	228149852	0.70152
DUSP27	1	167094045	0.34851
TSEN15	1	184051677	-5.71091
PRMT6	1	107056679	1.12049
SHISA4	1	201888680	-0.08446
C1orf174	1	3889125	0.11701
NOS1AP	1	162069774	-2.02154
SMG5	1	156249224	-0.97812
OR2L2	1	248038268	0.55244
EFCAB2	1	244969705	0.44887
COX20	1	244835322	0.13347
CHML	1	241628853	-0.97621
STUM	1	226548800	0.81349
TATDN3	1	212791828	1.00204
RP11-296O14.3	1	173417793	-0.01411
MSTO2P	1	155745829	-1.98654
SAMD13	1	84298366	-1.77382
C1orf141	1	67092165	1.37457
EFCAB7	1	63523372	0.61398
PHACTR4	1	28369582	0.22824
ZDHHC18	1	26826710	1.31062
TMEM57	1	25430858	-2.44707
TCEA3	1	23381061	-1.65857
DISP3	1	11479166	1.80559
ZBTB48	1	6580001	-1.43602
RNVU1-7	1	148038753	1.46367
RNU1-1	1	16514122	0.09085
RNU1-2	1	16895980	0.09085
RNU1-4	1	16740516	0.09085
RNU1-3	1	16666785	0.09085
MAP10	1	232804892	0.6739
DENND1B	1	197504748	0.59244
RP1-206D15.6	1	169486076	-0.23008
ACKR1	1	159203307	0.86079
LINGO4	1	151800264	-0.79624
MLLT11	1	151057758	5.6543
NRAS	1	114704469	0.53724
GSTM2	1	109668022	0.67952
RBMXL1	1	88979456	1.54319
LEPROT	1	65420587	1.25388
MYCBP	1	38862964	0.15157
SH3D21	1	36306387	-1.32678
RP11-480I12.5	1	202851828	0.00289
LINC01347	1	243056307	-1.22342
RSC1A1	1	15659869	1.32683
ZC3H11B	1	219608347	0.63656
TSTD1	1	161037631	1.82319
LINC01356	1	112820170	0.19194
RP11-364B6.2	1	104072983	0.56406
CYB5RL	1	54169651	0.22812
LACTBL1	1	22953043	-0.46052
ATAD3C	1	1449689	4.37013
MORF4L1P1	1	220253570	-1.78671
LINC00339	1	22024531	0.18764
HIST2H2BD	1	149843041	-5.04624
MTMR9LP	1	32231658	0.67411
C1orf229	1	247110160	-0.12179
CCNL2	1	1385711	-2.25002
MYBPHL	1	109292365	1.35223
BTBD19	1	44808482	4.99112
RP11-359E8.3	1	211492255	-1.88098
CCDC18-AS1	1	93262186	3.9469
RP11-54O7.3	1	916865	-1.20214
CH17-472G23.2	1	120267334	1.78763
LINC01057	1	94613814	1.7925
RP11-343H5.4	1	206695837	-0.67011
RP3-522D1.1	1	112850028	-0.37764
RP11-466F5.8	1	165768929	32.86598
LAMTOR5-AS1	1	110347116	-1.51345
RP11-576D8.4	1	205455929	-3.2737
PPP1R8P1	1	48325080	-1.1429
HSPA7	1	161606291	0.28971
TAF1A-AS1	1	222589825	-0.17225
RP11-293P20.2	1	24040835	-0.40648
GBP1P1	1	89407679	-0.77149
RP4-784A16.5	1	53328233	-5.52479
FAM229A	1	32361270	0.03802
TUBBP10	1	52994726	-1.53462
RP5-1056L3.3	1	19608114	0.82562
TPI1P1	1	76699789	-1.97062
RP11-776H12.1	1	60515716	-2.65154
RP5-1024G6.5	1	53238610	-2.19957
RP4-635E18.7	1	11068471	0.26838
LINC01359	1	64972225	-0.23582
TP73-AS1	1	3735601	-0.55479
SLC2A1-AS1	1	42959049	-0.12619
PHBP11	1	223856579	1.00607
LINC01341	1	246776013	0.05515
RP5-1074L1.1	1	110286375	-1.24127
RP4-781K5.4	1	234646289	-2.50159
RP5-884G6.2	1	99968383	3.86515
RP1-317E23.3	1	25816749	1.93045
GS1-304P7.2	1	186578279	0.18626
PCAT6	1	202810954	0.93102
RP11-206L10.2	1	725885	2.21348
RP5-864K19.4	1	38860000	0.21265
MIR34A	1	9148011	0.71011
RP11-490K7.4	1	31263245	-0.59898
ZRANB2-AS2	1	71081324	-1.49716
RP5-857K21.4	1	585989	-2.3304
FAM41C	1	868071	-1.05536
RP5-902P8.10	1	1275223	4.37013
RP1-43E13.2	1	19210501	1.64481
PROX1-AS1	1	213817751	1.67553
RP11-767N6.7	1	45694684	3.36739
RP13-15M17.1	1	9576427	1.01155
RP11-436K8.1	1	60659631	-1.50822
RP11-418J17.1	1	119140396	-0.96888
RP11-88H9.2	1	111989770	-1.36932
RP11-92K2.2	1	192716183	-0.34168
FAAHP1	1	46432129	-1.46048
RP4-730K3.3	1	113698884	2.0476
RP1-37J18.2	1	4571481	0.0902
HDAC1P2	1	220625740	0.207
RP11-196G18.3	1	149785659	0.44976
RP11-421L21.3	1	101025878	-0.41556
RP11-147G16.1	1	82215220	-0.16557
RP1-187B23.1	1	25644544	0.27415
RP11-78O9.1	1	94145111	0.60322
UQCRHL	1	15807169	0.20027
RP11-767N6.2	1	45651039	-5.39907
FTH1P2	1	228687415	0.38407
RP11-480I12.9	1	202861754	-1.88389
ANKRD65	1	1418420	4.37013
RP5-1092A11.2	1	3712200	4.02519
HIPK1-AS1	1	113924000	-0.5122
RP11-230B22.1	1	62688482	-0.07303
ASH1L-AS1	1	155562042	-4.33353
RP11-231P20.2	1	26209741	-1.2232
RP5-1024G6.2	1	53209783	0.03974
RP11-96L14.7	1	26169516	2.514
TCEB3-AS1	1	23760382	1.86918
FOXD2-AS1	1	47432133	-1.30361
FAM138A	1	34554	-0.53436
FLG-AS1	1	152168125	-1.89082
RP11-126K1.6	1	151346967	5.06919
RP11-34P13.7	1	89295	-2.48652
RP11-108M9.4	1	16888538	-0.07992
RP11-656D10.3	1	40493157	-0.36344
C1orf226	1	162366908	-1.30416
RP11-34P13.8	1	89551	-1.44107
AMY2B	1	103553815	1.30111
CYMP	1	110480752	-0.83969
RP5-890O3.9	1	1317581	0.86453
RPL23AP21	1	258568	-0.68126
TCEB1P19	1	88829102	0.57794
RP11-568K15.1	1	178006136	-1.91161
NPPA-AS1	1	11841017	1.327
MRPL20	1	1401908	-4.37013
EFNA4	1	155063731	4.33353
CFAP57	1	43172149	-1.43064
TTC4	1	54715822	0.06751
RP11-552M11.4	1	111438638	-0.23731
DDOST	1	20651767	1.2754
RP11-99J16__A.2	1	230710698	1.39827
PCP4L1	1	161258727	1.73688
MTATP6P1	1	633696	4.37013
RP4-669L17.8	1	491225	3.71504
APITD1-CORT	1	10430102	1.13394
TRNP1	1	26993707	1.14824
RP4-798P15.3	1	177928788	0.37935
RP4-791M13.3	1	149048576	-0.88519
FPGT	1	74198212	1.05182
ZBED6	1	203796309	0.38342
RP11-574F21.3	1	160217464	-0.98397
RP11-284N8.3	1	110653560	-2.30749
RP11-488L18.10	1	247187281	-1.25178
RP5-968P14.2	1	26692132	2.58902
PMF1-BGLAP	1	156212982	0.38127
RP4-561L24.3	1	93847174	-1.32099
RP11-439E19.9	1	246682108	-0.4866
RP11-226L15.5	1	160024953	-0.32716
RP11-61J19.5	1	212557833	-1.1043
RP11-439E19.10	1	246772301	-0.89261
RP11-483I13.5	1	108199926	0.45124
RP4-798A10.7	1	16514645	-1.12871
RP11-68I18.10	1	151130075	5.6543
RP11-96K19.4	1	110936369	-0.89115
RP5-1042I8.7	1	119909255	3.53461
RP4-612B15.3	1	86703502	2.74912
OCLM	1	186400572	0.91223
NBPF11	1	148102046	0.64811
RP11-196G18.23	1	149861271	-4.8278
RASSF5	1	206507530	-0.82765
LINC01140	1	87129765	0.04826
NBPF12	1	146938744	-0.48574
RP1-283E3.8	1	1702736	-0.07556
RP11-98D18.17	1	151798054	1.18538
RP4-740C4.5	1	2350414	2.19867
RP3-467L1.6	1	7776383	0.39464
RP11-338N10.2	1	7698303	-3.51047
GAS5-AS1	1	173863248	-0.56853
TSNAX-DISC1	1	231528653	-1.86703
RP11-338N10.1	1	7693124	-3.51047
HIST2H4B	1	149854045	-0.31712
RP5-1092A3.4	1	28239509	-0.19572
TMEM56-RWDD3	1	95117923	-1.05978
RP11-430G17.3	1	61741998	0.45541
NBPF19	1	149390623	-3.72124
RP11-426L16.10	1	112702614	-0.58304
RP1-178F15.5	1	153626332	-1.61972
RP4-635E18.8	1	11029659	2.84375
RP11-42O15.3	1	70445071	0.45388
RP1-178F15.4	1	153631438	-0.91389
RP11-52A20.2	1	167379108	-1.36271
RP5-1126H10.2	1	19072110	0.02561
RP11-345P4.9	1	1613758	-1.77234
RP11-277B15.3	1	167219831	-1.37121
RP4-740C4.7	1	2363061	-1.60869
RP4-758J18.13	1	1409096	1.60734
RP11-101E13.5	1	193090866	-1.56346
GTF2IP20	1	223951394	0.43549
RP11-422P24.11	1	153977743	0.47906
RP11-190A12.8	1	159866954	-0.00223
RP11-378J18.8	1	222658867	4.38942
RP11-326G21.1	1	149264252	3.72124
RP11-533E19.7	1	179881607	-1.86939
RP5-943J3.2	1	89820174	1.33118
RP11-196G18.24	1	149845816	4.18306
RP11-96K19.5	1	110963302	-1.38223
RP11-337C18.10	1	147173186	1.8439
ZBTB8B	1	32465069	0.33275
RP5-1065J22.8	1	109087971	-0.26538
RP4-671G15.2	1	112517799	3.08326
CH17-189H20.1	1	149176022	-0.57912
RP5-994D16.11	1	42785007	2.52879
RP11-544O24.2	1	149345661	0.82117
CH17-472G23.1	1	120197085	-0.5618
RP11-478J18.2	1	213983793	0.34192
RP4-547N15.3	1	67121605	-1.21953
RP11-392O17.2	1	219270774	1.90312
ZNF670	1	247036784	0.97391
RP4-635E18.9	1	11012662	0.43865
RP11-504P24.9	1	223994262	1.08316
FO538757.1	1	184923	2.50303
RP4-635A23.6	1	185292384	-2.41466
RP11-33E12.2	1	85152487	1.05602
RP11-483I13.6	1	108200413	3.01583
AL365181.1	1	156597173	0.73568
RP4-758J24.6	1	54033126	-0.577
CCDC163P	1	45493866	1.8869
BLACAT1	1	205434886	2.27643
AC096949.1	1	99861472	-1.1189
AL022397.1	1	209938251	0.29709
ALOX5	10	45374176	1.88088
ZMYND11	10	134465	0.50064
ZRANB1	10	124942123	0.15019
FAS	10	88990582	0.15333
VCL	10	73995193	1.95971
AIFM2	10	70098223	1.58276
RRP12	10	97356358	1.67215
MRPL43	10	100969458	1.6888
GDI2	10	5765223	2.31105
ALDH18A1	10	95605929	-1.52753
PSD	10	102402617	0.62044
CCAR1	10	68721012	-0.03296
WAPL	10	86435256	2.29854
OAT	10	124397303	1.20435
SLK	10	103967201	1.68514
GSTO2	10	104268873	1.35354
SEC61A2	10	12129637	1.2558
PRKCQ	10	6427143	1.18519
FGFR2	10	121478334	-0.28665
PFKP	10	3066333	-1.53104
KLF6	10	3775996	-1.05899
INPP5A	10	132537820	-0.57764
WNT8B	10	100463041	5.0186
SEC31B	10	100486642	4.91941
PAX2	10	100735603	-0.00225
NFKB2	10	102394110	-2.19969
SPAG6	10	22345445	-1.64897
APBB1IP	10	26438203	-0.23112
ITGA8	10	15513949	2.14092
NEBL	10	20779973	-0.29824
SAR1A	10	70147289	-0.58776
DHX32	10	125836337	-0.03154
CWF19L1	10	100232298	1.51918
SEMA4G	10	100969518	-1.6888
BLNK	10	96191702	1.3759
TLL2	10	96364606	0.34595
CYP26A1	10	93073475	-5.98789
CRTAC1	10	97865000	2.18239
BAMBI	10	28677342	-3.06161
WAC	10	28532493	0.07663
CREM	10	35126791	1.51407
SIRT1	10	67884669	0.40657
HNRNPH3	10	68331174	-1.82197
SCD	10	100347124	-0.48981
ABLIM1	10	114431113	0.04289
NRP1	10	33177492	-0.72873
HSD17B7P2	10	38356380	-2.07225
TSPAN15	10	69451473	-1.9733
H2AFY2	10	70052796	0.71771
FAM21A	10	50067888	0.09314
PDLIM1	10	95237572	-2.29828
ATRNL1	10	115093365	0.1226
HPS1	10	98416198	-0.71678
RASSF4	10	44959407	-0.54477
CXCL12	10	44370165	-1.26263
ERLIN1	10	100150094	-0.94975
CUBN	10	16823964	0.34112
TRDMT1	10	17142254	0.06886
MAPK8	10	48306639	-1.50872
PLEKHA1	10	122374696	-0.80166
UNC5B	10	71212570	0.72531
CDH23	10	71396934	1.36168
C10orf54	10	71747559	0.77471
MICU1	10	72367327	-0.02815
PPP3CB	10	73436428	0.9045
CCSER2	10	84328586	1.98878
MINPP1	10	87504875	1.84423
ACTA2	10	88935074	-0.58425
LIPA	10	89213569	-3.32042
SFXN3	10	101031234	-2.57582
FBXW4	10	101610664	-4.14644
ARHGAP21	10	24583609	-1.89085
SUFU	10	102503987	3.55145
ANKRD26	10	26991914	0.46469
LHPP	10	124461834	1.95787
LARP4B	10	806914	-0.47602
BCCIP	10	125823546	1.31916
MTPAP	10	30309801	0.36594
SH3PXD2A	10	103594027	0.4811
PITRM1	10	3137728	1.53104
OBFC1	10	103882542	0.55495
DKK1	10	52314296	-0.94593
EBF3	10	129835283	0.593
GLRX3	10	130136399	-0.37742
SORCS1	10	106573663	-0.86261
FAM208B	10	5684838	0.39277
SMC3	10	110567691	-0.28321
SHOC2	10	110919547	1.7007
TFAM	10	58385022	0.78284
CCDC6	10	59788763	0.27412
CUL2	10	35008551	-0.98073
DNAJC12	10	67796665	-1.12914
PPIF	10	79347469	-2.03574
PBLD	10	68282660	-3.52979
LGI1	10	93757809	0.0488
SLF2	10	100912569	4.87624
IDE	10	92451684	-0.20386
IFIT3	10	89327894	0.97486
IFIT2	10	89283694	-0.38616
PPP1R3C	10	91628442	-1.73921
PYROXD2	10	98383565	-2.18677
CNNM1	10	99329099	1.51443
HELLS	10	94501434	4.77186
PRLHR	10	118589989	1.14557
TCTN3	10	95663396	-1.62401
FAM45A	10	119104086	1.90764
WDR11	10	120851175	0.77046
C10orf76	10	101845599	-2.90413
CFAP58	10	104353764	-1.56799
C10orf95	10	102449837	-2.04383
MASTL	10	27154824	-0.56448
SEPT7P9	10	38383069	0.61257
PLXDC2	10	19816239	-0.02161
EPC1	10	32267751	1.38379
CPXM2	10	123706207	-1.17278
LDB3	10	86668449	2.44128
OPN4	10	86654557	-0.78981
FAM35A	10	87094161	-1.02311
FAM213A	10	80407829	-3.91029
PLAU	10	73909177	-1.5721
CHST3	10	71964365	1.86654
CISD1	10	58269058	1.01216
EGR2	10	62811996	2.25627
VPS26A	10	69123512	-0.35959
OPTN	10	13099449	-0.38033
ITIH5	10	7559270	0.87872
ECHS1	10	133362480	-0.92259
ARHGAP22	10	48446034	1.17134
PTPRE	10	127907061	-0.56809
FBXO18	10	5890203	-0.49494
RBM17	10	6088987	-1.41326
ANKRD16	10	5861617	-1.48998
STAM	10	17644125	-0.48567
GAD2	10	26216307	2.97328
ABI1	10	26746593	-0.95
ACTR1A	10	102461881	2.27719
MFSD13A	10	102461395	4.55527
CYP2C8	10	95036772	3.79724
MYOF	10	93306429	-0.03626
LOXL4	10	98247690	1.41972
STAMBPL1	10	88879734	0.97294
TACC2	10	121989174	1.49111
DUSP5	10	110497838	1.39083
ARL3	10	102673731	-3.63044
KIF20B	10	89701610	-0.30023
EXOC6	10	92834713	-4.28239
PLCE1	10	94030812	3.95676
RBP4	10	93591687	0.25592
ANXA7	10	73375101	1.54124
FAM149B1	10	73168166	-1.78773
PLA2G12B	10	72935170	1.54124
ZNF365	10	62374192	-2.18209
USP6NL	10	11453946	0.54074
COMMD3	10	22315974	-0.57189
MSRB2	10	23095506	-0.61535
PDSS1	10	26697659	-1.10046
FAM188A	10	15778170	0.90551
SLC39A12	10	17951839	2.57521
RSU1	10	16590611	1.21019
PARD3	10	34109560	-1.14501
ZEB1	10	31318495	1.59224
FAM13C	10	59246129	-0.18515
NRBF2	10	63133247	5.03466
CDHR1	10	84194635	-0.74037
LRIT1	10	84231593	-1.23848
HERC4	10	67921899	-2.39138
CAMK2G	10	73812501	1.68837
ADIRF	10	86968192	1.57516
RPP30	10	90871716	-0.44424
FRA10AC1	10	93667883	-0.29022
HABP2	10	113550837	1.32198
DNAJB12	10	72332830	0.60483
EIF4EBP2	10	70404379	0.70086
NPFFR1	10	70247329	0.05938
TCF7L2	10	112950250	-2.02222
INA	10	103277163	-0.24167
LRRC27	10	132332154	-0.00974
MTG1	10	133394094	0.50075
TAF5	10	103367967	-1.61585
PPRC1	10	102132994	-1.31695
ITPRIP	10	104309698	-0.49084
CNNM2	10	102918293	0.01911
PDCD11	10	103396648	1.47434
ADAM12	10	126012381	2.32918
MKX	10	27672875	4.67008
MPP7	10	28050993	0.33743
ARID5B	10	61901300	0.12582
ENKUR	10	24981979	-2.47839
GPR158	10	25175062	1.23483
DIP2C	10	274190	-0.03678
UPF2	10	11920022	-0.81709
CDC123	10	12195965	-1.46173
CCDC3	10	12896625	0.99477
VTI1A	10	112446998	-0.81708
AKR1C2	10	4987400	-0.82098
DPYSL4	10	132186900	0.05929
ADAM8	10	133262403	-0.19665
GFRA1	10	116056925	-0.09183
CACUL1	10	118674167	-1.0379
TIAL1	10	119571802	1.49841
SUV39H2	10	14878820	0.50485
NMT2	10	15102584	-0.788
IFIT5	10	89414586	0.92502
GPR26	10	123666355	0.62613
MMS19	10	97458324	1.06917
ZFYVE27	10	97737121	1.21023
GOLGA7B	10	97850239	0.51231
SLC25A28	10	99610522	1.18185
MCU	10	72692131	1.0572
CFAP70	10	73253759	1.54124
ADK	10	74151185	0.55215
KCNMA1	10	76869601	0.26894
PCGF6	10	103302796	-0.67994
SFR1	10	104122058	0.17415
SORCS3	10	104641101	-1.31941
SFXN2	10	102714538	-1.15063
HKDC1	10	69220303	-0.18518
HK1	10	69269984	0.31273
KAT6B	10	74825582	0.67738
SAMD8	10	75099586	-0.47719
ARMC3	10	22928024	0.96757
OTUD1	10	23439458	-1.09394
ARHGAP12	10	31805404	-1.76216
HECTD2	10	91409280	-1.54697
MARCH8	10	45454585	-0.78527
ZCCHC24	10	79382325	-0.39386
PHYHIPL	10	59176590	1.78405
REEP3	10	63521363	-0.98291
ZNF22	10	45000475	1.65164
ATP5C1	10	7788129	0.13628
PRPF18	10	13586927	0.54005
TAF3	10	7818504	-0.39547
VDAC2	10	75210154	-0.35789
PDZD8	10	117277274	-0.18308
ZNF503	10	75397830	-1.31265
FAM175B	10	124801785	6.35253
PRDX3	10	119167703	-0.39941
GHITM	10	84139440	-0.82408
STOX1	10	68827541	-1.21328
RET	10	43077027	-0.0135
DDX21	10	68956128	0.92599
BMS1	10	42782801	1.16989
STK32C	10	132207492	-1.93231
CASP7	10	113679162	1.25479
CCDC186	10	114120862	1.33606
C10orf82	10	116663696	-0.17544
C1QL3	10	16513743	1.90458
R3HCC1L	10	98134624	0.29117
HTRA1	10	122461525	0.32542
HIF1AN	10	100529072	1.68259
BTRC	10	101354033	-5.43684
POLL	10	101578882	-0.2042
DPCD	10	101570560	-1.66154
BORCS7	10	102854223	0.71257
NUDT13	10	73110375	0.97611
MSS51	10	73423579	1.09878
USP54	10	73497538	1.54124
NDST2	10	73801911	-1.73316
DDIT4	10	72273920	0.36087
ARMC4	10	27812164	1.84798
ZNF32	10	43643859	-1.00407
HNRNPF	10	43385617	-1.85246
CDK1	10	60778331	-1.6652
FRMPD2	10	48153088	-2.48985
MGMT	10	129467184	0.50809
PFKFB3	10	6144934	-2.65018
KIF5B	10	32009010	0.04221
TRIM8	10	102644496	3.47684
C10orf35	10	69630251	1.17825
ZDHHC16	10	97446131	-1.97104
EXOSC1	10	97436142	1.68846
PGAM1	10	97426160	2.4104
KNDC1	10	133160447	0.82897
CHCHD1	10	73782047	-0.85157
ZFAND4	10	45615501	0.78527
LRRC20	10	70298970	-1.09518
NET1	10	5412551	-0.98737
USMG5	10	103389041	0.67994
FGFBP3	10	91906589	1.72086
ZNF25	10	37949572	-0.42146
PPP2R2D	10	131900644	1.59666
BNIP3	10	131966455	0.28185
SLC35G1	10	93893973	-3.11739
TCERG1L	10	131092391	2.52104
SEC24C	10	73744384	0.73622
CSTF2T	10	51695487	0.39164
CASC2	10	118046279	2.62567
MYOZ1	10	73631654	-0.14975
SKIDA1	10	21513478	-2.10387
PCGF5	10	91163012	0.12529
PIPSL	10	93958191	-1.54926
PPA1	10	70202830	-0.55736
RTKN2	10	62183035	2.84841
CHST15	10	124007666	0.39518
MRPS16	10	73248843	-0.54425
CCDC172	10	116324428	6.65195
GRID1	10	85599555	-3.54358
CAMK1D	10	12349482	-0.32809
SFXN4	10	119140767	-0.10574
ZNF438	10	30820207	-1.02759
NUTM2A	10	87225448	0.14565
PRKG1	10	50991358	0.25153
THNSL1	10	25016658	-1.36864
PDZD7	10	101007683	-2.84941
AKR1C1	10	4963253	-1.07128
SHTN1	10	116881482	2.89225
CYP26C1	10	93060808	-5.98789
TMEM72	10	44911200	0.70386
JAKMIP3	10	132104671	-0.20364
ASAH2	10	50182778	1.30157
NANOS1	10	119029716	-2.83668
UROS	10	125784980	1.37301
FAM196A	10	127135426	-0.1816
ZNF33A	10	38010650	1.29487
BLOC1S2	10	100273280	-0.48018
AKR1C3	10	5035354	1.09862
ACADSB	10	123008979	-1.59436
ASB13	10	5638867	-0.59116
ZNF239	10	43556344	-0.135
NHLRC2	10	113854661	-0.28354
FUT11	10	73772291	2.37098
ACSL5	10	112374018	-1.96143
ADGRA1	10	133070929	2.24779
PSAP	10	71816298	-1.13917
CFAP43	10	104129888	-1.42685
ZNF248	10	37802823	-0.16567
SLC29A3	10	71319258	-0.73012
LRRTM3	10	66926006	0.21223
GRK5	10	119207589	0.74496
SFMBT2	10	7158624	-1.03488
RASGEF1A	10	43194535	-1.40845
DCLRE1A	10	113834725	-2.87519
SPRN	10	133420666	0.26788
METTL10	10	124748149	-5.253
RBM20	10	110644397	1.21424
CYP17A1-AS1	10	102832721	0.8818
LRIT2	10	84220495	-1.39736
ASAH2B	10	50739318	1.0266
AGAP6	10	49982190	-2.52693
MALRD1	10	19048771	0.81232
CALML3-AS1	10	5514244	-1.55377
RP11-363N22.3	10	971146	0.2128
ARHGAP19	10	97222173	2.38514
DNAJC9	10	73183362	1.01024
RPL17P50	10	73005833	1.01024
NUTM2D	10	87357668	0.71864
RP11-572P18.1	10	120354701	1.17712
PPP3CB-AS1	10	73495525	-0.71583
ZMIZ1-AS1	10	78943328	-0.33716
SVIL-AS1	10	29409402	-0.46799
TMEM72-AS1	10	44811024	0.26175
RP11-119F19.4	10	79684494	-2.44926
RP11-441O15.3	10	99431191	0.81022
RP11-197M22.2	10	16721352	-0.0559
PROSER2-AS1	10	11849608	-0.02967
ERCC6	10	49455368	-1.38887
SGMS1-AS1	10	50624951	-0.9678
RP11-474D14.2	10	67960702	0.77322
ENTPD1-AS1	10	95753206	0.60514
ATE1-AS1	10	121928312	-2.13806
KLLN	10	87859161	0.40746
PARG	10	49818279	2.52693
DNMBP-AS1	10	99927010	1.08114
MRLN	10	59736692	-1.51707
VIM-AS1	10	17214239	-2.00667
LINC00856	10	78179185	-1.17918
LRRC37A6P	10	27246350	-0.45957
RP11-464C19.2	10	3833950	-0.98431
LINC00865	10	89829510	-1.1769
IDI2-AS1	10	1022666	-0.41425
LINC01166	10	132943967	1.17494
AGGF1P2	10	133640789	-2.21678
DLG5-AS1	10	77927372	-1.89141
RP11-56M3.1	10	91152605	0.79756
ZNF37BP	10	42513510	-0.31843
FAM21EP	10	50021182	0.02
OLMALINC	10	100373615	0.32713
RP11-517P14.7	10	43523256	-1.96816
ZEB1-AS1	10	31206278	-2.39702
ZNF503-AS2	10	75401519	0.02987
PITRM1-AS1	10	3141632	0.12587
LINC00959	10	130063900	0.78607
FAM21FP	10	45706431	1.26692
PRKCQ-AS1	10	6580419	2.07561
LINC00844	10	58999626	-1.46021
RP11-295P9.3	10	13631143	-0.39108
PARGP1	10	45854093	-1.92557
RP11-499P20.2	10	18513115	0.10932
HOGA1	10	97584323	-0.49276
BMS1P4	10	73715843	1.08536
GLUD1P3	10	73730562	-1.19594
EIF5AL1	10	79512601	7.00886
RP11-411B6.6	10	100505628	4.91941
RP11-305E6.4	10	30302826	-0.71674
RP11-541N10.3	10	103877374	0.75067
STAM-AS1	10	17641284	0.17358
RP11-57H14.4	10	112823490	-4.03507
AGAP12P	10	48009873	2.87945
TIMM23	10	45972449	-0.1794
RPARP-AS1	10	102449817	-0.87726
COMMD3-BMI1	10	22316388	-2.19512
RP11-348N5.7	10	110910596	-0.01513
AGAP11	10	86970741	0.27272
RP11-182L21.6	10	79825902	-6.00406
RP11-179B2.2	10	100911103	-4.87624
ZSWIM8-AS1	10	73796514	-0.15162
RP11-344N10.5	10	73098044	-1.46755
RP11-359E3.4	10	86749754	2.6711
ADIRF-AS1	10	86965345	2.06147
RP11-398C13.6	10	14877688	-0.28615
RP11-330O11.3	10	30831828	0.31188
RP11-508N22.12	10	38137337	-0.33884
RP11-351D16.3	10	43136824	0.06196
RP11-416N2.4	10	103608619	2.27487
RP11-108L7.15	10	101060029	4.09378
RP11-574K11.24	10	73742995	-2.909
RP11-119F19.5	10	79681973	-0.99522
RP11-104F15.9	10	70434829	0.89507
RP11-359E7.3	10	119818866	0.25418
AL135791.1	10	37776537	-0.33736
BAD	11	64269830	-2.65497
ZNF195	11	3339261	0.86086
ABCC8	11	17392885	-0.06735
TMEM132A	11	60924463	-0.18319
ALDH3B1	11	68008578	0.21265
USH1C	11	17493895	-3.13239
PIK3C2A	11	17077730	-1.54006
CD6	11	60971680	-1.88812
PHLDB1	11	118606440	-0.15973
PRDM11	11	45095806	-2.61804
SYT13	11	45240301	2.86654
PLEKHB1	11	73646178	-1.1108
GRAMD1B	11	123358428	0.34487
NR1H3	11	47248300	5.13091
NUP160	11	47778087	1.54161
GAB2	11	78215297	1.60749
USP2	11	119355215	0.3666
USP28	11	113797874	1.28093
DKK3	11	11963106	1.22098
FAM160A2	11	6211335	1.94583
KCNQ1	11	2444684	1.29749
CDON	11	125955796	1.83349
MPPED2	11	30384493	0.20738
RASGRP2	11	64726911	-1.13328
PPP2R5B	11	64917553	-2.43844
DRD4	11	637293	2.82262
NUCB2	11	17208153	5.06586
MARK2	11	63838928	-1.87808
PICALM	11	85957684	-3.7568
TSG101	11	18468336	-2.01453
ACAT1	11	108121516	1.35329
REXO2	11	114439386	-3.42203
RBM7	11	114400030	-0.41235
MCAM	11	119308529	-2.64581
FAM76B	11	95768942	-1.96005
POLD3	11	74493851	1.56489
NAALAD2	11	90131515	2.46709
IGSF9B	11	133908564	-0.66596
PGR	11	101029624	1.36556
GSTP1	11	67583595	-1.30148
APLP2	11	130069837	-4.81439
CD59	11	33698261	-1.896
CD82	11	44564427	0.78903
FOLH1	11	49146635	0.05257
ZW10	11	113733187	0.74516
ALG9	11	111782195	0.6354
NOX4	11	89324356	-2.79683
SF3B2	11	66050729	-0.32884
AAMDC	11	77821109	1.80906
GANAB	11	62624826	-0.43004
SLC17A6	11	22338097	-0.03543
ARCN1	11	118572390	-0.1886
RASSF7	11	560404	-0.88876
DDX25	11	125903348	-1.4142
CRYAB	11	111908565	0.6354
HTATIP2	11	20363685	-0.59032
CTSC	11	88293592	-1.19875
ELP4	11	31509750	5.4024
MTCH2	11	47617315	-8.79871
FNBP4	11	47716517	-1.54161
TECTA	11	121101173	-2.74573
C11orf63	11	122882528	-0.40973
B3GAT1	11	134378504	4.35274
HSPA8	11	123057489	1.21284
SIAE	11	124633113	0.08225
SNX15	11	65027408	-1.75376
LPXN	11	58526871	0.25836
OSBP	11	59574398	-0.9089
UNC93B1	11	67991104	-3.91704
PUS3	11	125893485	0.89029
DCPS	11	126303752	0.25268
KMT5B	11	68154863	-1.80402
PPP6R3	11	68460731	3.81057
NRXN2	11	64606174	-2.11521
MS4A6A	11	60172014	1.38008
MS4A4A	11	60280541	0.13343
CCND1	11	69641087	-3.49143
CCDC86	11	60842071	1.47616
TMEM109	11	60913874	-2.3592
TRIM3	11	6448613	-0.7255
CHORDC1	11	90201160	2.04588
ANAPC15	11	72106378	-0.49746
PANX1	11	94128928	-2.0384
CEP164	11	117314557	-1.23801
EIF4G2	11	10797050	-1.15199
GALNT18	11	11270876	0.10267
BIRC2	11	102347211	-3.95484
DDX6	11	118747766	0.08187
NECTIN1	11	119623408	-0.08464
FBXO3	11	33740939	-2.42703
PDHX	11	34915829	1.25107
SLC1A2	11	35251206	-0.27136
COMMD9	11	36269284	-0.03186
ACCS	11	44065925	0.05329
PTPMT1	11	47565430	11.64962
NAA40	11	63938959	4.42998
CARS	11	3000922	-0.58369
CD81	11	2376177	1.172
C11orf58	11	16613132	1.95941
AIP	11	67483041	-1.26231
NUP98	11	3671083	0.79347
NDUFS8	11	68030617	0.18336
EXPH5	11	108505431	-0.06741
HPS5	11	18278668	-1.92504
GTF2H1	11	18322295	-2.14409
POU2AF1	11	111352252	-1.06826
PTPN5	11	18727928	1.54933
CTSD	11	1752752	-0.2474
KMT2A	11	118436490	-2.29659
IFT46	11	118544528	0.84843
SPCS2	11	74949247	-2.0003
USP35	11	78188812	1.14344
KCNJ5	11	128891356	1.88688
MSANTD2	11	124766498	0.35462
TP53AIP1	11	128934731	2.45814
KIF18A	11	28020620	-6.36648
MAPK8IP1	11	45885651	-2.81654
CRY2	11	45847118	-3.53749
CAT	11	34438925	0.90786
RAB38	11	88113242	0.29248
GPR83	11	94377311	-0.73433
SCGB1D2	11	62242210	0.47187
FRMD8	11	65386599	0.49783
PRDX5	11	64318088	-1.61668
FLRT1	11	64103188	-0.9067
BBOX1	11	27040725	-1.1714
SERGEF	11	17788048	2.72334
KCNC1	11	17734812	0.90596
CHRNA10	11	3665587	-0.40348
LSP1	11	1852970	-1.77328
H19	11	1995163	-0.56908
ANO1	11	70078302	0.31418
PPFIA1	11	70270700	2.05865
TRIM21	11	4384897	2.35292
TRIM22	11	5689689	-1.73784
TIMM10B	11	6481447	-0.50052
TESMIN	11	68707440	0.09798
MACROD1	11	63998558	0.58191
WDR74	11	62832342	0.63603
LGALS12	11	63506084	-0.62332
ARNTL	11	13276652	0.07271
AMPD3	11	10308313	0.58256
SBF2	11	9778667	-4.20779
RRAS2	11	14277926	-0.25873
MEN1	11	64803510	2.53856
ANO3	11	26309599	0.00802
LRP4	11	46856868	2.56071
ACP2	11	47239302	-11.96218
DAGLA	11	61680433	0.46036
SLC43A3	11	57406954	-1.38602
TIMM10	11	57528463	3.15145
FADS2	11	61792980	1.7581
TMEM258	11	61768501	1.60253
ARHGAP32	11	128965060	2.49832
STT3A	11	125591712	0.95772
ETS1	11	128458761	-1.88688
SLC37A2	11	125063067	1.44675
PRR5L	11	36296288	0.04944
LMO2	11	33858576	0.80929
PHF21A	11	45929323	2.98329
FCHSD2	11	72836745	0.15043
SLCO2B1	11	75100563	1.19422
THAP12	11	76349956	0.00319
NUMA1	11	72002864	-1.82164
SYTL2	11	85694224	-0.72129
RAB30	11	82973133	0.56959
PRCP	11	82823502	0.83708
BUD13	11	116748170	0.70316
TRPC6	11	101451564	-0.27483
C11orf70	11	102047443	-2.09655
YAP1	11	102110461	0.82647
RDX	11	110174880	0.62425
FDX1	11	110429883	3.62306
C11orf1	11	111878935	1.39145
FXYD6	11	117836976	-0.90077
ARHGAP20	11	110577042	-1.34729
SIRT3	11	215458	2.82262
IFITM3	11	319669	-1.73805
ATHL1	11	289135	-0.89382
SCYL1	11	65525077	1.43924
CDCA5	11	65066300	3.88751
BTBD10	11	13388001	0.58068
ADM	11	10304680	-4.66448
GAS2	11	22625642	0.79079
SLC5A12	11	26667019	1.06587
LRRC4C	11	40114203	-0.67207
PGAP2	11	3797724	-0.37274
TUT1	11	62575045	1.49945
ZNF215	11	6926404	-0.34343
HSD17B12	11	43680558	0.54376
PAMR1	11	35431823	-1.61931
EIF3M	11	32583798	0.16372
SSRP1	11	57325985	3.00876
SLC43A1	11	57484534	2.58113
PTPRJ	11	47980558	1.01058
C11orf49	11	46936689	-0.25519
CELF1	11	47465944	4.79682
HIKESHI	11	86302211	-1.73878
CCDC81	11	86374736	1.97072
SESN3	11	95165513	0.87407
ENDOD1	11	95089810	-0.15578
KLHL35	11	75422394	1.541
TENM4	11	78652831	1.62706
SERPINH1	11	75562056	1.02668
CAPN5	11	77066932	0.64206
INTS4	11	77878720	0.79592
PAK1	11	77321707	-1.34566
TTC12	11	113314529	-1.24421
NCAM1	11	112961247	-2.12088
ATM	11	108222484	1.06468
AASDHPPT	11	106075501	-0.35104
GLB1L2	11	134331874	0.1305
HYOU1	11	119044189	2.64581
SLC22A8	11	62989154	-1.63179
TKFC	11	61333210	1.0565
MTA2	11	62593214	-2.96475
FADS1	11	61799625	-1.26435
EML3	11	62602218	-2.04028
CPSF7	11	61402641	0.45032
B3GAT3	11	62615296	-2.54634
EI24	11	125569216	0.02216
CCDC15	11	124954121	1.51061
FEZ1	11	125445745	1.12833
ESAM	11	124752583	0.22974
SCN2B	11	118161951	2.42624
SIDT2	11	117178733	-1.8992
TMEM25	11	118531041	-0.59958
TAGLN	11	117199321	-1.8992
TRPT1	11	64223799	-3.67585
NUDT22	11	64225941	-2.73135
FERMT3	11	64206678	3.45409
MRPL49	11	65122183	0.70872
FAU	11	65120628	1.41904
TM7SF2	11	65111845	-5.30978
VPS51	11	65089324	4.07118
CNTN5	11	99020953	1.94026
CWC15	11	94962622	-0.91573
TIRAP	11	126283065	-0.25268
PRSS23	11	86791059	-3.66068
DIXDC1	11	111927144	-0.58004
PIH1D2	11	112064010	-1.40783
IL18	11	112143251	1.23924
UEVLD	11	18529609	-2.16191
TMEM86A	11	18693122	-0.65235
NDUFC2	11	78068304	0.62657
ME3	11	86441108	-3.09124
THYN1	11	134248279	0.75696
VPS26B	11	134224645	2.81678
GUCY1A2	11	106674012	-0.6407
CWF19L2	11	107326345	0.25133
GRIA4	11	105609994	-1.68548
THY1	11	119417378	-0.06498
TBCEL	11	121024072	7.75225
UBASH3B	11	122655675	0.54697
ROBO4	11	124883691	0.69541
ZDHHC5	11	57667747	5.31806
MED19	11	57703714	6.76446
TSPAN18	11	44726465	0.82388
NLRP14	11	7020446	1.52808
FAM86C1	11	71787510	-0.01247
GDPD5	11	75434640	-1.04296
EMSY	11	76444923	-0.08019
ALG8	11	78100936	0.62657
FAM86C2P	11	67791648	-0.21263
SIK3	11	116843402	-2.71634
MPZL3	11	118226690	-0.99376
JAML	11	118193740	0.64144
NLRX1	11	119166568	-1.20588
LRRC56	11	537527	1.92922
SHANK2	11	70467856	1.79276
CLPB	11	72292425	-1.46638
NEU3	11	74988134	-1.25215
CYB561A3	11	61348745	-0.31315
LBHD1	11	62662817	-2.54634
TTC9C	11	62728069	-0.13
TAF6L	11	62771303	1.04504
NXF1	11	62792123	-0.6904
SLC25A45	11	65375192	0.49918
SYVN1	11	65121780	0.1975
ZFPL1	11	65084223	1.09743
TPCN2	11	69048897	0.74467
FAT3	11	92352096	1.10161
PGM2L1	11	74330318	-1.92034
PCF11	11	83156988	-1.43834
PKNOX2	11	125164687	1.13965
RPUSD4	11	126202094	-0.3667
ARHGAP42	11	100687653	-0.99529
LARGE2	11	45921621	-5.3108
PACSIN3	11	47177525	-1.24075
SLC39A13	11	47407132	3.73929
PSMC3	11	47418769	-11.12078
AGBL2	11	47659591	9.66435
NELL1	11	20669551	1.47598
SMCO4	11	93478472	0.19793
TAF1D	11	93729948	0.60867
AMOTL1	11	94706431	1.59387
ADAMTS15	11	130448974	1.42806
ALKBH3	11	43880811	0.64246
SCN3B	11	123629187	-0.85154
ZNF202	11	123724177	0.7902
CUL5	11	108008733	0.6344
SMPD1	11	6390431	-0.66278
APBB1	11	6395124	0.00788
C11orf65	11	108308519	0.85604
ILK	11	6603708	-0.24645
TAF10	11	6606296	2.08581
RAG1	11	36510709	1.61465
PPFIBP2	11	7513298	-0.12757
TUB	11	8019244	-0.65141
RIC3	11	8106093	-0.76795
XRRA1	11	74807739	0.0155
TRIM66	11	8612037	0.50798
RNF169	11	74748868	1.81157
ST5	11	8693351	-2.48319
AKIP1	11	8911139	0.51761
ZNF143	11	9460319	1.47541
WEE1	11	9573681	1.54725
TMEM135	11	87037844	3.26985
TMPRSS5	11	113687550	0.7121
NNMT	11	114257787	-4.1912
SAAL1	11	18069935	1.54429
LDHAL6A	11	18455824	2.7069
MS4A7	11	60378482	-0.7023
MS4A14	11	60378530	-0.12172
ATP5L	11	118401154	-3.30628
STIM1	11	3854527	0.77341
RRM1	11	4094707	-1.46833
OTUB1	11	63985853	0.24316
CABP2	11	67518912	-3.01767
NDUFV1	11	67606852	-2.75192
SDHAF2	11	61430042	-0.09625
DDB1	11	61299451	-0.87212
VPS37C	11	61130256	2.3592
BEST1	11	61949821	-2.07597
FTH1	11	61959718	-2.0392
POLR2G	11	62761544	0.93336
SLC3A2	11	62856102	-1.32243
C11orf84	11	63813388	1.97232
ATG16L2	11	72814308	-0.19478
C2CD3	11	74012714	-1.81394
FADD	11	70203163	-0.65068
LTBP3	11	65538805	5.60003
NAALADL1	11	65044818	-2.21245
SAC3D1	11	65040901	-4.31046
PAFAH1B2	11	117144267	0.46787
STIP1	11	64185272	5.01378
TMEM223	11	62771629	1.50818
ANKRD49	11	94493629	0.11955
GRM5	11	88504576	-3.31598
USP47	11	11841423	-2.02384
HSPB2	11	111912242	0.42787
SLN	11	107707378	-1.02092
NFRKB	11	129863636	-0.83051
PRDM10	11	129899706	1.23616
DNAJC24	11	31369840	-1.02874
PDGFD	11	103907186	-0.77582
C11orf24	11	68261335	-0.45071
TMEM126A	11	85647967	-0.77629
TMEM126B	11	85628573	0.72129
CDC42BPG	11	64823387	1.77047
P2RY6	11	73264505	0.59454
ANO5	11	22193176	-1.1081
HINFP	11	119121587	2.64581
ABCG4	11	119149012	-1.35265
CLP1	11	57648992	-1.88179
TMEM134	11	67461710	2.3616
CORO1B	11	67435510	-2.96078
MUS81	11	65857126	0.06921
CFL1	11	65823022	5.01548
SNX32	11	65833641	-7.17711
NADSYN1	11	71453109	-0.49934
KAT5	11	65711996	-7.51044
KDM2A	11	67119269	-3.01748
RNF26	11	119334527	-2.98223
PC	11	66848233	0.68937
LRFN4	11	66856647	3.2225
C11orf80	11	66744451	0.5493
CMB9-22P13.1	11	65455258	-10.201
TIGD3	11	65354767	1.75357
SPTBN2	11	66685248	-2.55407
CTSF	11	66563463	2.14782
ZDHHC24	11	66520637	-2.21656
BBS1	11	66510606	1.42073
MRPL11	11	66435075	-7.42946
NPAS4	11	66421004	3.69618
SLC29A2	11	66362521	2.55407
BRSK2	11	1389899	1.172
B4GAT1	11	66345372	3.34051
HRAS	11	532242	1.7005
FZD4	11	86945679	3.01608
CD248	11	66314487	-4.37149
RAB1B	11	66268533	5.05266
PTDSS2	11	448268	-2.3182
ARHGAP1	11	46677080	-8.6858
CHST1	11	45648877	-0.45372
BANF1	11	66002079	6.23772
TMEM9B	11	8947294	1.38371
NRIP3	11	8980576	-3.64392
SCUBE2	11	9020391	-1.93576
EIF1AD	11	65996545	-6.23772
EIF3F	11	7970251	0.28787
SART1	11	65961689	-3.79273
CLCF1	11	67364168	-0.47048
LIPT2	11	74491712	2.03435
KCNE3	11	74454841	-1.94626
UCP3	11	74000281	1.57019
UCP2	11	73974667	0.14498
C11orf68	11	65916808	-7.30496
MRPL48	11	73787316	1.84522
RAB6A	11	73675638	1.03884
P2RY2	11	73218298	1.56551
RPS6KB2	11	67428460	-0.75873
CSTF3	11	33077188	1.44275
TCP11L1	11	33039417	-0.15438
PLA2G16	11	63573195	-0.24316
FIBIN	11	26994184	-0.56725
DEAF1	11	644233	-2.39881
TMEM80	11	695428	-2.73037
DSCAML1	11	117427773	-0.02631
PDDC1	11	767220	-0.82654
SLC25A22	11	790475	2.20991
PIDD1	11	799179	-5.08539
RPLP2	11	809647	3.80317
PNPLA2	11	818902	3.92043
CRACR2B	11	826144	2.81056
CD151	11	832843	-4.8503
CHID1	11	867860	1.47414
BET1L	11	167784	1.7162
DDX10	11	108665025	1.35329
AQP11	11	77589391	-1.92525
CCDC89	11	85684866	0.12707
LDLRAD3	11	35943981	0.09249
TMEM151A	11	66291870	-2.96391
RAB39A	11	107928503	0.30508
FJX1	11	35618419	1.52058
DNHD1	11	6497260	-1.93247
HARBI1	11	46602861	-0.33637
C11orf71	11	114391443	-1.12987
CHRM4	11	46385098	2.29517
SLC36A4	11	93144171	0.54265
OR52N4	11	5754693	-1.55746
TMEM136	11	120325129	0.76469
SLC35C1	11	45804072	-0.9607
AP003774.4	11	64449074	-7.72629
COA4	11	73872667	2.25214
MOB2	11	1469457	0.95663
KCNA4	11	30009741	0.43114
KBTBD3	11	106051098	-0.15514
NTM	11	131370478	0.02825
TSKU	11	76782251	-0.58559
CCDC87	11	66590176	5.31926
C11orf54	11	93741591	0.54203
CADM1	11	115169218	0.1302
AP2A2	11	924894	-2.38892
FANCF	11	22622519	-1.21423
JRKL	11	96389989	-1.11535
OPCML	11	132414977	0.40106
C11orf72	11	67602880	-2.75192
TSSC4	11	2400488	-1.08582
MAML2	11	95976598	-0.8644
CEND1	11	787104	-1.21645
OR7E14P	11	17013998	-9.7378
INTS5	11	62646848	1.64824
SIGIRR	11	405716	-2.56923
PRMT3	11	20387530	-1.36071
IRF7	11	612553	1.03158
PSMD13	11	236546	-3.3205
C11orf87	11	109422120	0.17614
IFITM1	11	313506	-1.27084
CYP2R1	11	14877440	-0.72807
BACE1	11	117285207	-0.40224
PDE2A	11	72576141	0.36464
ZFP91	11	58579111	4.82635
TEAD1	11	12674591	3.13207
C11orf96	11	43925342	-0.33081
KRT18P59	11	125113161	0.34908
C11orf95	11	63759892	0.58472
TRAPPC4	11	119018432	0.07714
CASP4	11	104942866	-0.49788
PCNX3	11	65615773	0.55605
MRPL21	11	68891276	2.65891
BCO2	11	112175467	0.43894
FAR1	11	13668670	-1.44736
MPEG1	11	59208510	0.9925
PARVA	11	12377185	0.4516
FAM118B	11	126211414	0.00643
SVIP	11	22813799	0.05982
UVRAG	11	75815167	-0.04569
CTR9	11	10750987	1.23055
LAYN	11	111540280	1.36342
UQCC3	11	62670273	2.54634
RP11-707M1.1	11	49558546	-3.51947
LGR4	11	27365961	-1.17087
IPO7	11	9384622	1.32719
NAP1L4	11	2944431	0.67347
C11orf31	11	57741250	6.21153
PTPRCAP	11	67435510	-1.66685
SIPA1	11	65638097	5.89577
ARL2	11	65014113	2.48445
TMX2	11	57712600	-5.31806
NDUFS3	11	47565336	-8.05053
TSPAN4	11	842808	-1.39168
VSTM5	11	93818232	-0.5322
PPME1	11	74171099	0.86118
STARD10	11	72754729	-0.56349
METTL12	11	62665309	0.93336
AP000580.1	11	77813319	1.25803
FADS3	11	61873519	0.17046
C1QTNF5	11	119338939	-3.15578
HSP90AA2P	11	27888838	-0.4286
PGA4	11	61222216	1.43693
HNRNPUL2-BSCL2	11	62690275	-0.65117
MFRP	11	119338942	0.03339
RBM14	11	66616582	3.35019
RP11-727A23.1	11	83213005	-0.25589
RP11-147I3.1	11	74876286	0.41966
CNTF	11	58622673	5.64202
RPL5P30	11	118560690	1.12404
RPS12P21	11	112218326	0.45785
IFITM10	11	1732410	-0.18448
RP11-425L10.1	11	46428653	-1.35618
RP11-466H18.1	11	16974693	2.39371
HBB	11	5225464	2.72566
USP2-AS1	11	119381778	-10.6186
RP11-677M14.7	11	124800450	1.09957
NEAT1	11	65422774	-4.56824
RP11-712B9.2	11	95150539	0.07861
AP001258.4	11	59130133	-4.56091
RAB30-AS1	11	83072066	1.1016
KCTD21-AS1	11	78139771	0.62924
RP11-613D13.5	11	43829709	1.81007
SBF2-AS1	11	9758292	-0.07381
RP11-685M7.3	11	10809297	0.62926
ZBED5-AS1	11	10858259	-0.17154
RP11-629G13.1	11	112959279	-0.34011
RBM14-RBM4	11	66616626	-2.02358
RP11-1391J7.1	11	856880	0.9873
RP11-295K3.1	11	1734821	0.03336
CTD-2516F10.2	11	7427266	-0.6165
MALAT1	11	65497762	3.44264
RP11-430H10.1	11	45355371	-5.19031
TMX2-CTNND1	11	57712605	-3.19027
AP5B1	11	65775893	-0.57967
RP11-867G23.10	11	66409158	4.28797
RP11-196E1.3	11	119608423	1.94869
AP003068.23	11	65177606	0.55857
RP11-727A23.4	11	83180144	-1.22923
RP11-660L16.2	11	71448674	-0.49934
RP11-320L11.2	11	86283927	-0.29582
RP11-1081L13.4	11	18706537	1.51001
DPP3	11	66480013	3.35019
RP11-655M14.12	11	67605521	-2.8723
RP11-110I1.12	11	118994824	0.39647
RP11-111M22.3	11	76441338	-0.614
RP11-655M14.4	11	67749043	-2.31212
TOLLIP-AS1	11	1309769	0.47742
RP11-754B17.1	11	665910	0.29426
AP003068.18	11	65174117	0.55857
AP006621.5	11	777578	-5.23773
CASC23	11	8011278	0.54925
CTD-2530H12.8	11	75596144	0.5582
RP11-867G23.8	11	66347950	4.28797
RP11-864I4.1	11	62559603	0.34589
CTD-3074O7.5	11	66473490	1.42073
RP4-683L5.1	11	35419057	0.68735
FDXACB1	11	111874056	0.02048
SNHG1	11	62851988	0.63603
RP11-881M11.4	11	60918469	-0.37459
HMBS	11	119084866	-1.20588
CTD-3074O7.11	11	66509079	4.91145
RP11-794G24.1	11	61539516	-1.49121
RP11-286N22.8	11	61429220	0.09625
PGA5	11	61241042	-1.50082
RP11-881M11.2	11	60906789	1.6415
RP11-658F2.8	11	66666036	1.49135
TRIM34	11	5619764	0.30537
SSSCA1-AS1	11	65568482	3.57636
AP000997.2	11	115638563	0.57532
RP11-690D19.3	11	103050687	-1.2229
LINC01616	11	29980113	-0.80971
RP11-21L23.2	11	76800364	-0.03281
TPBGL	11	75240905	0.36178
SPON1	11	13962689	-0.23495
SRSF8	11	95067197	-3.04087
PCF11-AS1	11	83185521	-0.19462
RP11-390K5.6	11	47168281	2.99847
RP11-359E10.1	11	19710934	0.74355
RP11-111M22.5	11	76392196	2.48128
RP11-111M22.4	11	76389648	-0.28915
RP11-158I9.8	11	118791254	-1.76776
AP006285.2	11	1580492	-1.72115
RP11-762L8.6	11	86434924	-1.24975
RP11-684N3.1	11	132403360	-0.34687
CTD-2562J17.6	11	75260129	-2.11373
RP11-286N22.14	11	61352244	0.27666
AP000866.1	11	124789244	0.74154
AP000437.3	11	61143380	0.5473
AP000711.1	11	117611101	1.24768
RP11-454H19.2	11	40107244	-0.9042
RP11-178H8.7	11	93726654	0.60867
RP11-113K21.6	11	83083687	1.1016
AP000892.6	11	117204967	0.64262
RP11-121L10.2	11	90223153	1.73803
LINC00294	11	33076149	0.90061
ST3GAL4-AS1	11	126340889	-0.26848
RP11-472I20.4	11	43578889	0.11957
FKBP4	12	2794953	-1.34169
RECQL	12	21468911	-0.15162
ADIPOR2	12	1688574	1.36154
DYRK4	12	4562204	0.15879
CD9	12	6199715	0.16921
NCAPD2	12	6493356	1.74772
SLC6A13	12	220621	-1.25372
LRRC23	12	6873569	-1.14868
TSPAN9	12	3077355	-1.55067
DCN	12	91140484	1.74844
CALCOCO1	12	53708517	-0.02426
HEBP1	12	12974864	0.26553
YAF2	12	42157104	-0.58493
CNTN1	12	40692442	-0.17687
STRAP	12	15882391	-0.58528
HSD17B6	12	56752161	1.13877
ARNTL2	12	27332854	-3.12035
ZCCHC8	12	122471600	-2.93942
HOXC8	12	54009106	-0.84986
KITLG	12	88492793	-0.78075
LIMA1	12	50175788	0.87816
NRIP2	12	2825348	0.56972
PPP1R12A	12	79773563	-0.55891
STYK1	12	10618939	1.66275
BCAT1	12	24810022	-1.42243
HDAC7	12	47782722	0.22066
MRPS35	12	27710773	1.45652
MON2	12	62466817	0.57829
CS	12	56271699	-0.31202
EIF4B	12	53006158	-0.1876
ASUN	12	26905181	0.6024
DGKA	12	55927319	-0.95292
DIP2B	12	50504985	0.28259
SMARCD1	12	50084972	2.00442
NAV3	12	77324641	1.84637
ABCC9	12	21797401	-0.8885
LRP6	12	12116025	0.75982
ATP2B1	12	89588049	-0.4112
SLC6A15	12	84859488	0.19533
SCARB1	12	124776856	1.53994
NUAK1	12	106063340	-0.22834
WSCD2	12	108129471	-0.65074
SART3	12	108522580	0.31666
RBMS2	12	56521929	0.21569
BAZ2A	12	56595596	1.56508
ACACB	12	109116595	3.65813
TIGAR	12	4307763	-1.45282
RAPGEF3	12	47734367	-4.86671
RAB21	12	71754874	0.25531
AACS	12	125065379	0.81668
FAM234B	12	13044284	-2.36934
SLCO1A2	12	21264600	-1.17416
WBP11	12	14784579	-0.58528
AQP6	12	49967194	0.2259
TMED2	12	123584531	0.8803
ERGIC2	12	29337352	0.8035
TESC	12	117038923	-1.67053
MAPKAPK5	12	111841978	-1.59311
P2RX7	12	121132819	-0.25778
ANAPC5	12	121308245	0.15251
KDM2B	12	121429097	-0.06203
OAS1	12	112906777	-3.83175
PXN	12	120210439	-0.4951
PEBP1	12	118135858	-0.02586
ERP29	12	112013316	-0.53891
NOS1	12	117208142	0.65843
GOLGA3	12	132768909	1.69539
OSBPL8	12	76351797	0.27305
CBX5	12	54230940	-0.68387
EEA1	12	92770637	-2.01262
VWF	12	5948874	0.14152
PSMD9	12	121888731	-0.49811
PPFIBP1	12	27523431	-1.7202
PRDM4	12	107732866	-1.38773
COQ5	12	120503274	-0.03369
SELPLG	12	108622277	-1.27207
CORO1C	12	108645109	2.90356
TSPAN11	12	30926428	2.35459
SLC11A2	12	50979401	-0.58465
MLEC	12	120686869	0.4951
CSRNP2	12	51061205	-1.47558
CAMKK2	12	121237691	-0.1284
SYT10	12	33374238	0.58278
LIN7A	12	80792520	-1.23954
ACSS3	12	80936414	1.28791
PPM1H	12	62643982	0.2648
METAP2	12	95473520	-0.74404
LTA4H	12	96000828	-0.6979
SLC6A12	12	190077	-1.54542
WNT5B	12	1529891	-0.6841
ITFG2	12	2812622	-0.8646
PRR4	12	10845849	0.78577
PRMT8	12	3381349	1.30301
PARP11	12	3791047	-1.06821
GPN3	12	110452484	-1.70018
VPS29	12	110491097	1.49789
RAD51AP1	12	4538798	-0.35028
SH2B3	12	111405948	-3.25404
AKAP3	12	4615508	0.35712
MANSC1	12	12326056	0.8028
KCNA1	12	4909905	-1.99135
DUSP16	12	12474210	1.5884
ALDH2	12	111766887	-2.60838
CDKN1B	12	12715058	-1.7562
LTBR	12	6375045	1.49515
RASAL1	12	113098819	-0.50791
ARHGDIB	12	14942017	0.97232
GTF2H3	12	123633739	-0.60946
SLC38A1	12	46183063	2.03985
VDR	12	47841537	0.05123
RFC5	12	118013588	-1.11637
COPZ1	12	54301202	0.64689
TBC1D30	12	64781193	0.91355
CAND1	12	67269281	0.09872
RAB5B	12	55973913	1.27066
MDM1	12	68272443	1.70155
CNOT2	12	70242994	1.43641
TIMELESS	12	56416373	-0.72748
CPSF6	12	69239537	0.35396
KRR1	12	75490861	0.42667
MRPL51	12	6491886	1.14868
GAPDH	12	6533927	0.83677
CHD4	12	6570083	-1.05227
ACRBP	12	6638075	0.22893
COPS7A	12	6723741	1.0691
CDCA3	12	6844793	1.1663
CHPT1	12	101696947	-1.94366
USP5	12	6852128	0.16359
TPI1	12	6867119	-0.07284
GNPTAB	12	101745497	2.63793
ENO2	12	6913745	1.8652
C12orf57	12	6942978	-0.11932
PTPN6	12	6946468	0.51042
LPCAT3	12	6976186	2.27613
NT5DC3	12	103770453	1.94355
SUDS3	12	118376380	2.09229
LDHB	12	21635342	-0.15162
PRKAB1	12	119667753	-0.69796
CMAS	12	22046174	1.33752
HCFC2	12	104064457	-0.89521
ST8SIA1	12	22063773	2.8122
RFX4	12	106582907	7.88306
FBRSL1	12	132489551	-1.99466
CASC1	12	25108420	0.61093
LRMP	12	25004342	-0.82176
SLC16A7	12	59596067	-0.61071
TMEM5	12	63779803	0.46191
CCND2	12	4273772	2.19681
IQSEC3	12	66765	1.67984
NR2C1	12	95020229	-0.75979
UTP20	12	101280109	0.59585
TMPO	12	98515512	0.2837
CCDC53	12	102012927	0.81555
PLBD1	12	14503661	-2.5436
TAS2R10	12	10825317	1.12685
KCNJ8	12	21764955	-0.88135
TBC1D15	12	71839707	1.04573
RBM19	12	113816738	-1.51858
CIT	12	119685790	2.17237
ACADS	12	120725735	-0.643
HVCN1	12	110627841	-0.00315
RASSF8	12	25959029	0.95891
BHLHE41	12	26120026	1.2206
SSPN	12	26121991	-2.41609
ITPR2	12	26336515	1.69192
CCDC91	12	28133249	-2.2367
TSFM	12	57782589	-1.05283
ARHGAP9	12	57472255	-0.94623
MMP19	12	55835433	-0.53069
SPATS2	12	49366584	-1.19278
NR4A1	12	52022832	-0.28559
ATG101	12	52069246	0.45101
SMUG1	12	54121277	0.67708
PIWIL1	12	130337887	-2.15867
ZNF384	12	6666477	0.24118
EMG1	12	6970893	0.38207
HELB	12	66302545	0.9996
RAP1B	12	68610839	-1.33656
RAB3IP	12	69738681	0.26359
PTPRB	12	70515866	1.32112
DYRK2	12	67648338	1.53306
METTL25	12	82358497	1.0304
CCNT1	12	48688458	-0.34093
KCNA5	12	5043989	-1.95142
CCDC62	12	122774327	0.49796
RAN	12	130871879	-0.70565
C12orf29	12	88033846	0.12837
TMTC1	12	29500840	0.17715
IPO8	12	30628988	-1.41462
ZFC3H1	12	71609472	-1.9609
PPHLN1	12	42238447	-0.87726
FKBP11	12	48921518	1.04556
ARF3	12	48935723	-1.28529
TMEM106C	12	47963569	-1.27405
PLEKHA8P1	12	45173064	-0.41482
EMP1	12	13196716	1.27137
KLRD1	12	10226058	-1.14631
KLRC1	12	10442264	1.66275
SPX	12	21526307	0.87315
TAOK3	12	118149801	-0.13563
USP30	12	109023089	-0.72046
SDS	12	113392445	1.25965
RNFT2	12	116738178	-1.29864
P2RX4	12	121209857	0.84977
BICDL1	12	119989869	1.43679
DTX1	12	113056709	-1.76301
TRAFD1	12	112125501	3.65287
ATP5G2	12	53632726	-0.1543
DNAJC14	12	55820960	0.35618
CD63	12	55725323	-0.65233
PRPH	12	49293252	0.82164
AVIL	12	57797376	0.96525
GLS2	12	56470944	-0.12034
ITGA7	12	55684568	1.12601
RDH5	12	55720367	0.42149
AGAP2	12	57723761	2.09706
TROAP	12	49323236	0.68037
TSPAN31	12	57738013	-1.10477
TFCP2	12	51093663	-0.1937
PAN2	12	56316223	-0.63313
ZC3H10	12	56118159	0.09769
HNRNPA1	12	54280193	0.95123
SLC26A10	12	57619527	-1.10477
OS9	12	57693955	-1.08669
KCNMB4	12	70366276	0.69213
USP15	12	62260338	1.34388
GNS	12	64713445	1.3942
MDM2	12	68808176	0.82352
ISCU	12	108562582	-2.40832
ALDH1L2	12	105019784	0.38466
USP44	12	95516560	-0.30078
SCYL2	12	100267140	0.89455
CKAP4	12	106237877	2.39497
PLXNC1	12	94148723	0.2588
APPL2	12	105173296	0.42689
PWP1	12	107685732	-0.58134
KIAA1033	12	105107324	-0.28345
B4GALNT3	12	460364	1.55689
ERP27	12	14914035	0.87899
ETV6	12	11649854	0.29964
GABARAPL1	12	10212458	1.16284
KIF21A	12	39293228	1.36309
CPNE8	12	38646822	-1.53809
YARS2	12	32727490	-0.96163
FGD4	12	32399529	0.01498
AEBP2	12	19404045	-0.71978
SLCO1C1	12	20695355	-0.46776
TMEM117	12	43835967	4.76612
C1RL	12	7089587	-0.07311
NDUFA9	12	4649095	0.30376
KLRG1	12	8950044	-0.30056
VAMP1	12	6462237	0.32842
PEX5	12	7188685	-0.88032
PIANP	12	6693792	0.16921
AMIGO2	12	47075707	1.02654
PPFIA2	12	81257975	-0.17293
LLPH	12	66116555	0.29857
RPL14P1	12	62965325	-1.10999
MARCH9	12	57755098	-1.40195
GLIPR1	12	75480680	0.38751
PHLDA1	12	76025447	-0.63581
PTPRQ	12	80402178	1.70554
DUSP6	12	89347232	3.94701
POC1B	12	89419718	1.11982
LUM	12	91102629	-1.22616
SNRPF	12	95858928	0.22737
NEDD1	12	96907223	-0.66045
GAS2L3	12	100573683	-0.17175
TMEM132B	12	125186836	0.29837
TDG	12	103965804	0.99377
RITA1	12	113185526	0.27414
SDSL	12	113422237	-0.60709
MMAB	12	109553737	4.74955
GLTP	12	109850943	-5.21727
GIT2	12	109929792	-0.81221
TCHP	12	109900264	-1.17802
FOXN4	12	109277979	-0.63852
SUOX	12	55997180	-1.93835
CCDC65	12	48904110	0.22734
SLC39A5	12	56230049	1.36986
TARBP2	12	53500921	0.69853
RDH16	12	56951431	-1.32447
ACVRL1	12	51906908	0.57023
GPR84	12	54362445	2.26117
KANSL2	12	48653401	-0.68563
CERS5	12	50129306	-2.72518
MAP3K12	12	53479669	0.20113
ITGB7	12	53191318	-0.54571
CSAD	12	53157663	1.92288
LMBR1L	12	49096551	-0.25379
ESYT1	12	56118250	-1.65482
TMBIM6	12	49707725	-0.11032
SETD1B	12	121804180	0.34026
RHOF	12	121777754	0.34026
DENR	12	122752774	1.40107
SRRM4	12	118981495	-1.91837
HMGA2	12	65824131	-1.06478
ABCB9	12	122920951	-4.58005
RILPL2	12	123410683	2.09694
DHX37	12	124946825	-2.91009
UBC	12	124911604	1.85035
CACNA2D4	12	1791957	-0.35978
DCP1B	12	1946054	-0.71582
CACNA1C	12	1970786	1.42451
C12orf45	12	104986310	-0.39595
TMEM263	12	106955719	0.45429
BTBD11	12	107318413	-0.69931
UBE3B	12	109477402	2.73355
RAD9B	12	110501655	-4.19181
PLBD2	12	113358566	-0.21346
SLC2A13	12	39755021	1.29982
GXYLT1	12	42081845	-0.94249
PTPRO	12	15322397	-0.86917
EPS8	12	15620158	-0.07912
AMN1	12	31671137	-0.55704
BICD1	12	32106835	1.9167
HSPB8	12	119178642	-0.17897
MED21	12	27022546	1.28669
RASSF3	12	64507001	-0.58655
PTPRR	12	70638073	0.08158
GRIP1	12	66347431	-0.98295
KIF5A	12	57549998	-0.96435
CABP1	12	120640552	-0.94946
SPPL3	12	120762510	-0.80842
C12orf43	12	121000486	0.4951
WDR66	12	121917862	-0.42783
LRRC43	12	122167738	0.32876
PTMS	12	6765516	1.83418
C1R	12	7080209	-1.74772
ZNF385A	12	54369133	0.2325
RACGAP1	12	49976923	-0.19047
E2F7	12	77021247	0.96435
PDZRN4	12	41188448	0.33222
KCNC2	12	75040077	-0.48396
TCP11L2	12	106301929	-1.94625
SVOP	12	108907741	0.23837
IKBIP	12	98613405	-1.29833
AVPR1A	12	63142759	0.37571
DEPDC4	12	100203669	0.86974
LRTM2	12	1820267	0.03281
FRS2	12	69470349	0.58277
CCT2	12	69585334	-1.36734
A2ML1	12	8822472	0.47822
HSP90B1	12	103930107	-1.43393
TAC3	12	57010000	0.82495
NAB2	12	57088894	0.29189
STAT6	12	57095408	-1.02559
ATP23	12	57941541	-0.96313
PIP4K2C	12	57591174	-0.82495
MARS	12	57475445	1.33357
MBD6	12	57520710	1.33357
POP5	12	120578764	-0.56367
ZNF641	12	48337180	-2.07208
KMT2D	12	49018975	0.81854
TUBA1C	12	49188736	-0.17848
NCKAP5L	12	49791146	0.33215
GPD1	12	50103819	-0.7279
ANKRD33	12	51887960	-0.37373
KRT80	12	52168996	0.39529
TCTN2	12	123671113	1.45696
DENND5B	12	31382223	1.45119
PYM1	12	55901413	1.18539
STAT2	12	56341597	2.3759
TRIAP1	12	120443961	-1.43679
CHST11	12	104455295	-1.24509
KSR2	12	117453012	0.49448
ATF7IP	12	14365632	0.78351
PAH	12	102836885	2.30814
FBXL14	12	1565993	0.75967
CLEC7A	12	10116777	-0.04128
PDE3A	12	20369245	4.28527
RND1	12	48857145	-1.42386
THAP2	12	71663009	-3.37376
CEP83	12	94306449	0.60852
MSRB3	12	65278643	5.24603
LEMD3	12	65169571	0.42286
ADCY6	12	48766194	-1.8543
MYO1H	12	109347903	-1.77553
KIAA1551	12	31959370	-0.55122
FBXW8	12	116910956	3.2373
CSRP2	12	76858715	0.5652
DDIT3	12	57516588	0.46647
CTDSP2	12	57819927	-0.10585
ALG10B	12	38316578	-0.18818
MLXIP	12	122078722	0.77563
UNC119B	12	120710435	-0.52923
VSIG10	12	118063593	-1.4323
PXMP2	12	132687606	-0.91085
ANKLE2	12	132725503	-1.86445
ANO6	12	45215987	-0.41482
ULK1	12	131894651	0.44971
PUS1	12	131929200	0.52191
OVOS2	12	31111652	0.65618
RP11-218M22.1	12	630891	-4.25824
PAWR	12	79574979	-2.27126
CD163L1	12	7346685	0.77934
CCDC184	12	48183584	0.26196
ASB8	12	48147788	-0.62457
DPY19L2	12	63558913	0.35013
DNAJC22	12	49346917	0.33232
COX14	12	50111979	5.61086
APOLD1	12	12725917	1.7562
TMTC2	12	82686880	0.7029
ZNF664	12	123971845	1.34421
SLC17A8	12	100357079	1.41575
PCED1B	12	47079603	-0.95655
R3HDM2	12	57253762	-0.5419
FGD6	12	95076749	-0.97772
GLIPR1L2	12	75391070	1.9372
CAPS2	12	75275979	-0.63581
DDN	12	48995149	1.03993
RNF41	12	56202175	-1.10116
ARL6IP4	12	122980060	4.2247
SHMT2	12	57229327	0.22556
NXPH4	12	57216795	0.79736
TMEM198B	12	55829608	1.45443
C12orf60	12	14803572	1.5944
GPR19	12	12660891	0.05251
TMEM119	12	108589846	6.98731
CCDC60	12	119334712	-0.94195
DAZAP2	12	51238292	-0.5766
EP400	12	131949920	-0.75649
TBK1	12	64451880	3.55547
HTR7P1	12	13000420	-0.6
DIABLO	12	122207662	-0.36606
SNRNP35	12	123457641	-2.69568
POU6F1	12	51186936	-0.33486
XPOT	12	64404350	3.54471
NELL2	12	44508275	-0.66734
NOC4L	12	132144448	0.22272
BRI3BP	12	124993700	1.73032
DDX51	12	132136594	0.38978
C12orf56	12	64264762	-0.07881
METTL7A	12	50923472	-1.60333
STAC3	12	57243453	-0.08923
SP1	12	53380176	0.26819
NDUFA4L2	12	57234903	1.62612
PMEL	12	55954105	-0.24169
RP11-887P2.3	12	93640822	1.48366
PPP1CC	12	110719680	1.90246
TPCN1	12	113221050	0.25799
C1QL4	12	49332411	-0.00632
ZDHHC17	12	76763588	-1.11074
MCRS1	12	49556544	-1.061
CFAP54	12	96489571	-1.32083
TMEM120B	12	121712752	-1.15708
LRRK2	12	40196744	-1.66118
MYL6B	12	56152256	-0.87846
NCOR2	12	124324415	-0.70009
LINC00173	12	116533422	-0.61355
SCN8A	12	51590266	-0.11262
SRGAP1	12	63844293	0.55985
RPS26	12	56041853	1.93835
HIST4H4	12	14767999	-2.05224
IRAK4	12	43758944	0.96268
MRPL42	12	93467488	1.18837
PRIM1	12	56731596	0.82905
TMEM116	12	111931282	2.312
TXNRD1	12	104215779	-0.8292
MMP17	12	131828393	0.63507
CEP290	12	88049014	-0.19514
ATXN2	12	111452214	-0.24917
TCTN1	12	110614027	2.45038
FAM216A	12	110468364	-2.7578
C12orf73	12	103950202	0.05095
LYRM5	12	25195216	-1.39938
LOH12CR2	12	12355406	0.25308
C1RL-AS1	12	7108052	-0.77002
STK38L	12	27243968	2.06476
SLC48A1	12	47753916	-0.73724
TAS2R19	12	11021619	-0.98103
LINC01089	12	121795267	0.80675
RP11-64B16.2	12	119194850	-0.05591
RPL18AP3	12	104265309	-1.56844
RP11-75L1.2	12	9695384	0.1456
DDX47	12	12813316	-0.40003
KLRK1	12	10372353	2.36497
RP11-726G1.1	12	9467552	0.46045
PHB2	12	6965327	-0.66137
CD27-AS1	12	6439001	-0.46079
AC079630.4	12	40186009	0.71924
SLC9A7P1	12	98453835	-0.51558
RP11-745O10.4	12	66123917	3.25189
RPL41	12	56116586	-0.44256
TSPAN19	12	85014311	-1.68092
RP11-282O18.3	12	123252030	4.175
TRHDE-AS1	12	72253508	-2.41098
RP5-1063M23.2	12	3318718	2.29456
LINC00987	12	9240003	0.15363
GGTA2P	12	67265842	0.36907
GOLGA2P5	12	100156357	-1.48864
RPS2P5	12	118246084	-0.0992
ARHGEF25	12	57610180	0.32412
DDX11-AS1	12	31020763	-0.83308
RP11-277P12.20	12	10363769	0.43021
RASSF8-AS1	12	25939329	0.24929
H2AFJ	12	14774383	-1.62291
SOCS2-AS1	12	93542463	-2.00976
LINC01252	12	11548030	0.78577
RP11-637A17.2	12	68674371	0.78849
RP11-967K21.1	12	28163298	1.6102
RP11-768F21.1	12	119387987	-1.66561
FAM138D	12	36602	-1.56823
RP11-359B12.2	12	974133	-1.17974
FZD10-AS1	12	130144315	-0.3645
GPR162	12	6821545	-0.42988
RP11-46H11.3	12	132911470	-0.72146
ATXN7L3B	12	74537827	0.2665
PABPC1P4	12	63822021	-0.48514
RP11-766N7.3	12	64883394	1.4011
AGAP2-AS1	12	57726271	-0.22592
RMST	12	97431653	-1.18265
RP11-157G21.2	12	7438780	-0.11932
PXN-AS1	12	120201291	-1.00438
RP5-940J5.3	12	6532290	-0.24118
RP11-417L19.4	12	131924736	-1.12776
RP11-728G15.1	12	120629611	1.93649
RP13-942N8.1	12	123363868	-0.45133
ZNF10	12	133130575	-1.85867
SUPT16HP1	12	16399274	0.96119
CCDC150P1	12	122322122	0.76244
TAS2R31	12	11030387	-0.98103
SMIM10L1	12	11171222	-1.50466
RP13-977J11.2	12	132186735	0.12383
RP11-611O2.3	12	68841946	0.92907
KLRA1P	12	10588063	1.21774
RP11-283G6.3	12	26125155	-0.72747
RP11-273B20.1	12	7129079	-0.51752
RP11-359J14.2	12	22460519	-1.26672
GATC	12	120446438	1.48206
LINC01619	12	91984976	-1.67591
RP11-96H19.1	12	46383679	-0.42796
RP3-405J10.3	12	50185580	0.87816
RP11-977G19.11	12	56300142	0.53069
RP11-983P16.4	12	53014596	1.56363
RP11-603J24.9	12	56101331	-0.99909
RP11-175P13.3	12	100173196	-0.26415
RP11-585P4.5	12	75483454	2.79923
RP11-762I7.4	12	55761550	0.28991
GALNT4	12	89519408	1.07458
RP11-341G23.4	12	103746315	0.2508
CNPY2	12	56309842	-0.72748
RP11-474L23.3	12	88057876	0.20745
LINC01481	12	69904033	-1.43641
C1GALT1P1	12	69284397	-1.47387
RP11-616L12.1	12	55009746	-0.43024
RP11-554D14.2	12	107903270	-0.81397
RP11-977G19.5	12	56162359	-0.42149
RP11-478C19.2	12	110387463	-6.9379
RP11-123K3.4	12	57249609	1.10116
RP11-412D9.4	12	106954029	3.60989
RP11-793H13.10	12	53506688	0.35466
RP5-1057I20.4	12	47784923	4.86671
RP11-193M21.1	12	85263544	-1.22671
RP11-214K3.20	12	123968023	-1.38175
RP11-571M6.17	12	57803838	-1.90215
RP11-793H13.11	12	53500162	1.95675
RP11-1109F11.3	12	89367807	-2.61046
RP11-500M8.7	12	4604944	-0.37876
RP11-352M15.2	12	45718046	0.29743
GRIN2B	12	13437942	-0.63566
RP11-996F15.6	12	29332733	0.72327
RP11-370I10.11	12	48360920	-0.61254
RP11-585P4.6	12	75333798	-0.3156
RP11-278C7.3	12	32728169	0.62804
RP1-267L14.6	12	112018804	-0.63129
RP11-554D14.8	12	107835541	0.81397
RP11-817I4.1	12	32339368	-0.24298
RP11-631N16.4	12	62603909	0.64593
RP11-131L12.4	12	118430147	-1.19293
RP11-996F15.4	12	29277397	-0.8035
U47924.32	12	6899752	-0.04536
RP11-131L12.3	12	118428281	0.42283
RP11-582E3.6	12	27037100	-2.43379
RP11-278C7.5	12	32736930	1.20017
STMN1P1	12	31715342	2.01091
RP11-713N11.6	12	25103124	-1.54365
RP1-267D11.6	12	120116907	-0.94623
RP11-651L5.3	12	106250759	1.99996
RP11-454E5.4	12	51201684	0.16989
RP11-575F12.3	12	127147149	0.13402
RP11-89H19.2	12	47905122	0.38261
CEP83-AS1	12	94460003	-1.2666
RP11-46H11.11	12	132865855	1.77109
RP11-158L12.4	12	125138245	-0.1739
RP11-417L19.5	12	131896500	0.40723
RP11-21K12.2	12	128813186	-0.16292
RP13-554M15.2	12	132565071	0.02115
RP11-117L5.1	12	130425004	0.07124
RP11-135F9.3	12	100032325	-0.13057
RP11-463O12.5	12	122870059	-1.59107
HELLPAR	12	102197585	3.08583
PCBP2-OT1	12	53464468	-1.26156
RP11-624J6.2	12	53241889	-2.73071
FBXL3	13	76992598	0.1141
AKAP11	13	42272153	-0.473
MIPEP	13	23730189	-0.22691
IFT88	13	20567069	1.64589
MYO16	13	108596152	-0.08189
ATP11A	13	112690329	-0.83162
FRY	13	32031300	-1.45199
DIS3	13	72752169	-4.89336
NUFIP1	13	44939249	0.14712
PDS5B	13	32586427	3.70235
DOCK9	13	98793429	-0.43295
ANKRD10	13	110878540	-0.86233
NALCN	13	101053776	0.17602
FGF14	13	101710804	-0.28748
HTR2A	13	46831550	1.05225
TNFSF13B	13	108251240	0.95347
FNDC3A	13	48975912	-0.64963
CDADC1	13	49247925	-2.90286
UGGT2	13	95801580	0.20404
ARHGEF7	13	111114559	-0.51152
PARP4	13	24420926	0.74516
SUPT20H	13	37009312	-0.37226
MRPS31	13	40729135	-0.98024
SLC25A15	13	40789412	1.38222
KPNA3	13	49699307	0.53423
FLT1	13	28300344	-1.86958
RGCC	13	41457559	-1.56425
VWA8	13	41566837	-0.26387
DGKH	13	42040036	-2.29657
OLFM4	13	53028759	-1.44801
UCHL3	13	75549480	0.24115
PCDH17	13	57631810	1.4474
ENOX1	13	43213518	1.30448
SOHLH2	13	36168208	0.0579
PROSER1	13	39009866	1.38336
UFM1	13	38349849	-2.16402
WBP4	13	41061274	0.74665
SMAD9	13	36844831	0.79759
HSPH1	13	31134974	1.25797
KBTBD7	13	41189833	0.06504
ALG5	13	36949775	0.55037
MTIF3	13	27435643	-0.90811
GTF3A	13	27424544	-0.56377
ZC3H13	13	45954465	0.78879
CLYBL	13	99606669	0.72535
RAP2A	13	97434222	0.27929
ABCC4	13	95019829	-0.47375
EFNB2	13	106489731	1.42239
TM9SF2	13	99501417	0.08546
MCF2L	13	112894378	-0.1633
F10	13	113122814	2.36157
PCID2	13	113177539	0.25162
TNFRSF19	13	23570370	-0.55627
RNF6	13	26132115	0.21325
CDC16	13	114234887	0.03371
MTUS2	13	28820348	0.31661
ZMYM5	13	19823482	-0.22817
USPL1	13	30617693	-0.05485
CDK8	13	26254104	-0.06498
ALOX5AP	13	30713478	0.27691
DCLK1	13	35768652	-3.182
CCNA1	13	36431520	0.36085
EPSTI1	13	42886388	1.42528
TRPC4	13	37636636	0.427
RFXAP	13	36819224	0.82116
TPT1	13	45333471	2.64996
RFC3	13	33818049	-0.24593
GGACT	13	100530164	1.39783
COL4A2	13	110305812	0.2472
CLDN10	13	95433604	-0.95902
UBAC2	13	99200774	-0.32633
ARGLU1	13	106541673	-3.58741
BIVM	13	102799049	-2.20436
KDELC1	13	102784281	1.1918
NEK3	13	52132639	-1.8972
CKAP2	13	52455429	-0.96144
TBC1D4	13	75284665	0.37821
BORA	13	72727749	-0.83308
LRCH1	13	46553168	1.98919
SUCLA2	13	47936491	-1.30881
RCBTB1	13	49531946	0.43253
MED4	13	48053323	1.55271
PHF11	13	49495610	0.04241
LMO7	13	75620434	-5.65705
ITM2B	13	48233158	-1.30881
SPRY2	13	80335976	1.37773
RCBTB2	13	48488959	1.86774
LCP1	13	46125920	0.8225
SETDB2	13	49444374	-2.01764
NUP58	13	25301524	-0.28025
SLC46A3	13	28700064	-0.92481
SLC7A1	13	29509410	-1.04109
N4BP2L1	13	32400723	-0.11926
WDFY2	13	51584455	-1.74264
HNRNPA1L2	13	52640786	-1.54657
RB1	13	48303751	2.94179
SLAIN1	13	77697854	-1.3804
RBM26	13	79311824	-2.4119
ZIC5	13	99962964	-0.25784
RAB20	13	110523066	0.30628
CUL4A	13	113208193	0.437
KLHL1	13	69700594	0.15454
DCUN1D2	13	113455819	-0.74106
TMCO3	13	113490995	-1.19082
EEF1AKMT1	13	20728731	-2.42673
SAP18	13	21140514	-0.52059
FAM124A	13	51222334	1.15655
FREM2	13	38687129	0.88782
SACS	13	23328826	-1.33533
GPR180	13	94601903	-1.97572
ING1	13	110712736	0.3606
ADPRHL1	13	113399610	2.54052
SLITRK5	13	87672615	-0.0232
CRYL1	13	20403667	-1.12957
MICU2	13	21492691	0.16694
AMER2	13	25161684	0.13976
UPF3A	13	114281584	-0.70883
TPT1-AS1	13	45341345	-1.36309
NAA16	13	41311205	1.94377
MRPL57	13	21176645	0.43021
SLC25A30	13	45393316	0.97698
PCCA	13	100089015	1.29383
DLEU1	13	50082171	0.51856
SLITRK1	13	83877205	-1.74942
KCTD12	13	76880166	-1.72161
GPC5	13	91398607	-0.87002
SERTM1	13	36673912	-1.17533
MAB21L1	13	35474182	0.39299
ZDHHC20	13	21372573	0.369
GPC6	13	93226842	-0.01216
PCDH9	13	66302834	-1.26268
HS6ST3	13	96090839	2.23265
LAMP1	13	113297241	0.01384
GRK1	13	113667155	-0.55195
RASA3	13	113977783	1.89609
DLEU7	13	50711008	0.8492
COL4A1	13	110148963	0.33741
COMMD6	13	75525219	-1.96304
GTF2F2	13	45120515	-1.39801
NHLRC3	13	39038306	2.00244
HMGB1	13	30456704	-0.03219
NEK5	13	52033611	-0.49239
TFDP1	13	113584721	-1.66656
KCNRG	13	50015254	0.38964
FAM155A	13	107163510	-0.9496
MZT1	13	72708357	1.79925
TPTE2P6	13	24408157	0.54664
RBM22P2	13	30539597	-1.70588
NAXD	13	110615460	-1.72211
MIR17HG	13	91347820	-0.46868
SIAH3	13	45777243	1.18217
RP11-151A6.4	13	100535741	1.61036
STK24-AS1	13	98577244	0.62347
RPS4XP16	13	51454164	0.81007
RBM26-AS1	13	79406309	1.85966
UBAC2-AS1	13	99196377	1.95599
ANKRD10-IT1	13	110894639	-2.43852
DLEU2	13	49982552	2.66236
RP11-327P2.5	13	51803838	0.2592
CTAGE3P	13	51908218	3.18939
MCF2L-AS1	13	112967484	0.21004
ARHGEF7-AS2	13	111113812	-0.80041
CPB2-AS1	13	46052806	-0.00132
FRY-AS1	13	32025314	1.38001
CCDC169	13	36222008	0.06475
MRPS31P4	13	52600119	0.86879
METTL21EP	13	102880099	0.65714
TPTE2P1	13	24924677	0.92885
UTP14C	13	52024691	1.19954
LINC00562	13	47930153	2.24004
LINC00565	13	113926514	1.27608
PAN3-AS1	13	28136843	-1.37029
RP11-29G8.3	13	75549773	1.05287
RP11-298P3.4	13	32425358	0.16321
BIVM-ERCC5	13	102807354	0.42443
FGF14-AS2	13	102394630	-0.27494
RP11-290D2.6	13	45340039	1.66346
RP11-93H24.3	13	52651305	-1.88758
RP11-78J21.7	13	52600042	0.34209
RP11-12G12.7	13	100086031	0.69954
RP11-403A3.3	13	109988097	-2.35698
RP11-230F18.5	13	113527260	1.63599
RP11-142E9.1	13	33846190	0.22311
RP11-10E18.7	13	95744726	-1.5238
RP11-380B4.3	13	32782874	-2.51113
RP11-88E10.4	13	112602828	-0.73878
RP11-245D16.4	13	52454775	-1.79702
RP11-172H24.4	13	20699307	2.19435
RP11-139H14.5	13	46117864	0.00132
N4BP2L2-IT2	13	32504506	-4.64868
RP11-327P2.7	13	51813347	-1.22392
ABC13-47488600E17.1	13	113953705	0.0099
MAP3K9	14	70722526	0.52193
POMT2	14	77274956	0.527072
BTBD7	14	93237550	1.190865
MAP4K5	14	50418501	1.886171
ANGEL1	14	76786178	0.503798
CCDC88C	14	91271323	5.045068
MNAT1	14	60734742	-0.095994
ZNF839	14	102317377	-0.045417
SLC39A9	14	69398015	-0.630232
CYP46A1	14	99684304	0.027824
TDP1	14	89954939	-0.685582
SPATA7	14	88384924	2.174071
JKAMP	14	59484443	-0.145483
FOXN3	14	89124871	0.73487
AP5M1	14	57268909	1.212159
GALC	14	87837820	0.900366
ADCK1	14	77800083	0.794685
EML1	14	99737693	1.086419
KIF26A	14	104138723	-1.003446
EXOC5	14	57200507	0.10035
PTPN21	14	88465778	0.896711
ACTN1	14	68874143	0.451013
FERMT2	14	52857268	2.600862
MARK3	14	103385392	1.146252
PSEN1	14	73136418	-2.684729
MOK	14	102224500	-0.833775
HSP90AA1	14	102080738	0.117883
ARG2	14	67619798	-1.738723
L2HGDH	14	50237563	-2.403888
TXNDC16	14	52430590	0.309697
NID2	14	52004803	-0.607585
PPP1R13B	14	103733752	-0.119678
OTUB2	14	94026329	1.297471
GPATCH2L	14	76151916	-0.1297
PAPOLA	14	96501433	0.922486
CCNK	14	99481169	-1.031794
PSME1	14	24136158	-1.929682
PPP2R3C	14	35085467	-0.571987
HAUS4	14	22946228	4.651164
JPH4	14	23568035	-1.148248
SLC7A8	14	23125295	1.585147
OSGEP	14	20446411	1.988374
SLC22A17	14	23346306	-0.866305
RNF31	14	24146683	-0.922533
SCFD1	14	30622112	-0.9507
G2E3	14	30559123	-0.9507
HECTD1	14	31100112	0.924933
HNRNPC	14	21209136	-0.863285
RPGRIP1	14	21287939	0.211708
SUPT16H	14	21351472	1.783591
TOX4	14	21476597	1.324563
TINF2	14	24239643	-0.769822
ABHD4	14	22598237	0.192575
FKBP3	14	45115600	0.881149
RBM23	14	22893206	0.73059
AP4S1	14	31025106	-1.194109
POLE2	14	49643555	0.392255
SOS2	14	50117120	0.779828
NIN	14	50719763	0.10061
PYGL	14	50857891	0.10061
TRIM9	14	50975262	-0.141567
PSMC6	14	52707172	2.847355
CDKN3	14	54396849	0.147491
CNIH1	14	54423560	-1.205913
ATP6V1D	14	67294371	-0.699017
PIGH	14	67581955	0.277028
PSMA3	14	58244831	4.001174
GSTZ1	14	77320884	-0.692757
TMED8	14	77335021	1.021438
SAMD15	14	77376689	0.060185
AHSA1	14	77457870	-0.060185
DAAM1	14	59188646	-3.203059
SPTLC2	14	77505997	-1.311069
RIN3	14	92513774	0.906944
LGMN	14	92703807	1.013401
ALKBH1	14	77672404	0.021721
SNW1	14	77717599	-1.284637
CHGA	14	92923080	1.421945
PPM1A	14	60245752	-3.683037
SIX4	14	60709528	-0.712563
GALNT16	14	69259277	1.614222
ERH	14	69380123	2.320853
SUSD6	14	69611596	0.619921
SRSF5	14	69726900	-0.13926
SLC8A3	14	70044217	0.744358
DICER1	14	95086228	1.163445
ZFYVE21	14	103715730	-2.036566
ZC3H14	14	88562909	-1.203242
GSKIP	14	96363452	-2.538706
VRK1	14	96797304	-2.632048
PSMC1	14	90256495	-0.674707
PAPLN	14	73237497	2.494134
RPS6KA5	14	90847862	-0.005187
PSMB5	14	23016543	3.638001
YY1	14	100238298	0.989669
ACIN1	14	23058564	1.695798
CCNB1IP1	14	20311368	0.858176
APEX1	14	20455191	-1.144869
PABPN1	14	23321289	-0.444444
CINP	14	102341102	0.103558
DHRS2	14	23630115	-2.797659
SRP54	14	34981957	-0.336973
CPNE6	14	24070837	0.421126
CHD8	14	21385194	-0.2096
PCK2	14	24094053	0.021358
KIAA0391	14	35121846	-0.763876
DCAF11	14	24114195	-1.730408
PSMA6	14	35278633	-2.408152
EMC9	14	24138959	0.673556
BRMS1L	14	35826318	-0.109022
TM9SF1	14	24189143	1.468197
SEC23A	14	39031919	0.130527
GMPR2	14	24232422	-2.044538
NFATC4	14	24365673	-0.899903
PGF	14	74941834	-1.181927
IFI27L2	14	94127779	-0.079938
BBOF1	14	74019353	-3.130694
NEK9	14	75079353	-1.425819
IFT43	14	75902136	-1.698698
NPC2	14	74476192	0.9057
DNAL1	14	73644875	-0.026423
IRF2BPL	14	77024543	-0.519672
ACOT2	14	73567620	0.794064
LTBP2	14	74498170	-9.614456
MLH3	14	75013764	-0.642016
TTLL5	14	75633625	0.600632
DLST	14	74881891	-3.316447
PPP4R4	14	94146128	-0.288377
TGFB3	14	75958099	1.831266
ZC2HC1C	14	75064170	0.35345
SLIRP	14	77708071	-1.216326
RBM25	14	73058436	-0.379204
COQ6	14	73949926	-1.143534
ATP5S	14	50312326	1.707589
MAX	14	65006174	-2.417828
KLC1	14	103561896	0.729846
XRCC3	14	103697609	-1.550539
PCNX4	14	60091911	-1.498991
KTN1	14	55559072	-0.589119
RHOJ	14	63204114	-2.785237
L3HYPDH	14	59460363	0.181231
HSPA2	14	64535905	-2.673767
NGDN	14	23469688	0.820608
ADCY4	14	24318349	1.38553
BCL2L2	14	23298790	-1.664955
DTD2	14	31446036	1.195087
PARP2	14	20343582	0.551179
HEATR5A	14	31291791	0.084337
SNX6	14	34561094	-0.307311
EAPP	14	34515929	-1.155074
EGLN3	14	33924231	-0.13178
MIS18BP1	14	45203190	-0.288789
NRL	14	24080107	0.524034
NEDD8	14	24216852	-0.306618
DAD1	14	22564905	2.445443
TEP1	14	20365667	-1.589056
TRAF3	14	102777476	-0.338712
C14orf1	14	75649791	1.425819
C14orf159	14	91060333	-0.064102
UNC79	14	93333219	-0.981315
NUMB	14	73275107	-1.470838
COX16	14	70325081	1.273721
TTC9	14	70641787	-1.436378
MED6	14	70581257	-1.273721
EIF2S1	14	67359997	-0.724903
ADAM20	14	70522358	0.234113
TTC5	14	20256558	-0.033064
ZFHX2	14	23520855	2.033329
SSTR1	14	38207999	-0.143216
CBLN3	14	24426532	-0.127563
NOVA1	14	26443093	0.784381
MDGA2	14	46839629	1.751619
TMX1	14	51240162	0.518148
FRMD6	14	51489100	-1.013976
RTN1	14	59595976	0.120271
C14orf37	14	57999735	0.068223
SYT16	14	61811974	1.091996
SLC38A6	14	60981114	-3.683037
NAA30	14	57390544	-1.139632
RDH12	14	67701886	-2.812379
DCAF5	14	69050881	-1.924958
RAB15	14	64945814	-2.851814
STON2	14	81260656	-0.545059
JDP2	14	75427716	0.250543
AK7	14	96392111	-0.134094
SLC24A4	14	92322581	0.016972
C14orf79	14	104985775	0.93258
WDR20	14	102139503	-0.64727
AKT1	14	104769349	-0.795396
CTAGE5	14	39265284	1.753551
FAM177A1	14	35044907	-1.212941
MBIP	14	36298558	-0.430375
MIPOL1	14	37197913	0.526165
NUBPL	14	31489956	-1.451925
VIPAS39	14	77426675	-0.693917
SAV1	14	50632058	1.161462
SLC35F4	14	57563922	-2.083039
OXA1L	14	22766522	1.316311
SLC7A7	14	22773222	-2.523673
ELMSAN1	14	73715122	0.272024
ANKRD9	14	102501760	0.103558
C14orf2	14	103912288	-0.796382
TDRD9	14	103928462	1.465864
DHRS4	14	23953586	1.280574
DHRS1	14	24290598	1.501168
FBXO33	14	39397669	1.307681
LRFN5	14	41607570	1.710676
SPTSSA	14	34432789	-1.457435
LRR1	14	49598697	0.419423
RPL36AL	14	49618519	-0.177848
KLHDC2	14	49767608	-0.232155
EML5	14	88612431	0.024137
NEMF	14	49782083	-0.441884
ARF6	14	49893092	2.615631
TTC8	14	88824153	1.50778
TMEM63C	14	77116568	-0.605443
NGB	14	77265483	1.547671
NOXRED1	14	77394021	-0.060185
OTX2	14	56799905	-1.425236
DACT1	14	58633967	0.377447
TMEM55B	14	20457719	-1.362891
METTL17	14	20989770	0.019115
SLC39A2	14	20999255	0.049997
NDRG2	14	21016763	-1.031942
ARHGEF40	14	21070270	0.865322
METTL3	14	21498133	-0.550665
SALL2	14	21521081	-0.596536
ISCA2	14	74493720	-6.303319
CPSF2	14	92121937	-0.600758
MOAP1	14	93182196	0.048752
IFI27L1	14	94081282	-0.188422
IFI27	14	94104836	0.152338
CLMN	14	95181940	1.16672
CMTM5	14	23376808	3.800019
CKB	14	103519659	1.235298
TRMT61A	14	103529184	-1.280705
PLD4	14	104924816	0.839097
INSM2	14	35534042	-1.628628
STXBP6	14	24809656	-3.364667
RNASE2	14	20955452	-0.03321
RNASE3	14	20891399	0.392944
C14orf142	14	93202894	-1.030594
C14orf169	14	73490964	0.146019
MRPL52	14	22829879	1.901431
CLEC14A	14	38254103	-2.229472
SYNE3	14	95407266	-1.865767
WDR25	14	100376418	0.572655
ZDHHC22	14	77131270	0.54053
FBXO34	14	55271303	-0.580913
C14orf39	14	60396469	-7.202366
ZBTB42	14	104800596	-1.158693
AKAP5	14	64465499	-1.515207
C14orf119	14	23094765	-0.210419
GPR135	14	59429022	-1.112887
HHIPL1	14	99645110	0.398521
TRAPPC6B	14	39147811	-0.378028
GLRX5	14	95533503	-1.747501
RGS6	14	71932439	-1.089287
CRIP2	14	105472962	-0.866826
SLC25A21	14	36678431	1.122791
BEGAIN	14	100537147	-0.726224
NDUFB1	14	92116122	3.054523
NUDT14	14	105172938	-0.929448
ACOT1	14	73537114	-0.594677
PRKD1	14	29576479	-0.261183
BTBD6	14	105248490	-0.818834
JAG2	14	105140981	-0.491286
SIVA1	14	104753100	-0.081905
BRF1	14	105209286	1.019006
ADSSL1	14	104724186	0.066511
PRPF39	14	45084099	0.096218
AHNAK2	14	104937244	0.696411
LINC00643	14	62114353	-1.360309
KTN1-AS1	14	55499278	-0.589119
CARMIL3	14	24052000	0.021358
ENTPD5	14	73958010	-1.995008
DHRS4L2	14	23969874	-1.260216
SERPINA5	14	94561442	1.869508
SERPINA3	14	94612384	0.512221
IPO4	14	24180219	-0.626958
TECPR2	14	102362963	0.790622
NOP9	14	24299862	-1.405533
GMFB	14	54474484	1.482507
DYNC1H1	14	101964528	0.515301
SLC25A29	14	100291111	0.022827
LRP10	14	22871613	-0.762733
DIO3	14	101561351	-0.813034
ERO1A	14	52639916	-2.788235
RPS6KL1	14	74903954	-2.136091
STYX	14	52730180	5.356342
ATL1	14	50532509	-2.553316
WDHD1	14	54938950	0.580929
CALM1	14	90396502	-0.861488
FAM179B	14	44962208	-0.76039
SMOC1	14	69854131	1.756735
PNP	14	20468954	0.173003
CIPC	14	77098097	-0.759249
RP11-497E19.1	14	85524432	-0.920955
LIN52	14	74084796	-0.288591
DPF3	14	72619296	-0.46122
DIO2	14	80197527	3.838365
SYNJ2BP	14	70366496	2.187372
RPS29	14	49570984	-0.005542
LTB4R	14	24311450	-1.405533
LTB4R2	14	24305734	-1.405533
AP1G2	14	23559565	0.577376
ANG	14	20684177	1.744842
DHRS4-AS1	14	23938731	1.248892
MEG9	14	101069911	-2.116281
YBX1P1	14	66012830	0.899845
C14orf132	14	96039324	-0.07362
RD3L	14	103940426	-0.796382
DICER1-AS1	14	95157645	2.587255
RPL7AP6	14	69885340	-0.486282
RPL3P3	14	56978409	-1.960098
RPL32P29	14	49577392	0.419423
LINC01296	14	19284653	-0.015907
CTD-2540L5.6	14	70608798	-2.902083
SNHG10	14	95532297	0.872209
RP11-543C4.1	14	99604556	1.245332
TUNAR	14	95876392	1.982251
RP11-47I22.2	14	61556313	-2.800671
RP11-521B24.3	14	105416884	-0.066004
NEDD8-MDP1	14	24213955	-2.73521
APOPT1	14	103562962	-1.244478
RP11-73M18.2	14	103562962	0.466484
FNTB	14	64986720	2.30517
RP11-44N21.1	14	105093609	0.000583
LINC00641	14	21200079	-0.420957
RP11-84C10.4	14	20995837	0.428623
DIO3OS	14	101552221	0.238277
AC005519.4	14	74289127	0.451098
RP11-488C13.7	14	76778952	-0.621914
RP11-134E15.1	14	32241524	0.393701
BCL2L2-PABPN1	14	23306835	0.116725
SYNJ2BP-COX16	14	70326064	-1.072228
ARHGAP5-AS1	14	32074946	1.654872
HIF1A-AS2	14	61715558	-1.562136
RP11-11K13.1	14	82788478	1.138859
LINC00871	14	45940943	-0.025248
LINC00638	14	104821201	0.86747
SLC25A21-AS1	14	37171888	2.817783
RP11-66N24.3	14	23561097	-0.508886
RP11-1085N6.5	14	56817570	-1.520806
RP11-507K2.3	14	88551597	2.277121
RNASE4	14	20684100	0.856802
CTD-2555O16.2	14	64422935	-4.543353
TMEM179	14	104474678	0.257271
RP11-907D1.1	14	97110416	0.287492
CTD-2325P2.4	14	68627166	3.058999
AL157871.2	14	100279959	0.304571
RP5-1021I20.1	14	73787360	4.032875
LINC00648	14	47764954	0.777453
RP11-298I3.5	14	22946270	4.651164
RP11-1085N6.3	14	56648965	0.153205
RP6-65G23.3	14	70810205	0.323135
ADAM20P1	14	70468881	0.27539
RP11-903H12.5	14	20684587	0.523753
THTPA	14	23555988	-0.508886
RP11-468E2.4	14	24151218	2.318605
RP11-45P15.4	14	103331674	1.020075
RP11-999E24.3	14	57993545	-0.166258
RP11-872J21.3	14	96500810	0.040847
RP11-73M18.8	14	103696353	0.329272
CTD-2555O16.4	14	64440369	-1.518819
RP11-976B16.1	14	88819608	-1.195067
RP11-471B22.3	14	90383365	0.861488
RP11-872J21.5	14	96537170	-1.964382
RP11-468E2.10	14	24198433	-0.722528
RPPH1	14	20343075	0.920535
RP11-507K2.6	14	88589231	-0.286265
RP11-468E2.11	14	24201612	1.040993
RP11-521B24.4	14	105370418	1.278408
RP11-950C14.10	14	75011269	0.230576
RP11-298I3.6	14	23023083	-2.849035
CTD-2525P14.5	14	69357010	1.614222
RP11-298I3.3	14	23005499	0.260546
AQR	15	34851782	1.254215
SNX1	15	64094123	-0.129573
PIAS1	15	68054179	1.175164
APBA2	15	28884483	-0.005954
DAPK2	15	63907036	1.60129
PSMA4	15	78540405	-1.386392
FAM214A	15	52581317	0.949141
RASGRF1	15	78959947	2.779264
BTBD1	15	83016422	0.950514
MYO9A	15	71822289	0.154568
STOML1	15	73978923	-0.451631
MEF2A	15	99565417	-1.09795
RORA	15	60488284	-1.143082
NEDD4	15	55826922	1.87488
MAPK6	15	51952106	0.495983
GNB5	15	52115105	2.240833
PDE8A	15	84980440	0.710988
SLC24A1	15	65611366	0.273879
HACD3	15	65530418	1.556208
SLC12A1	15	48191664	-1.137817
CHRNA3	15	78593052	1.89841
ZFAND6	15	80059568	-0.946257
SPG21	15	64963021	-1.690972
TRPM7	15	50552473	1.477583
WDR76	15	43826963	0.495095
CAPN3	15	42359500	-1.787881
AAGAB	15	67201033	0.976393
IQCH	15	67254800	-1.836808
LACTB	15	63121800	0.675333
CORO2B	15	68578969	-0.874711
CSK	15	74782057	-2.318515
TRIP4	15	64387748	-1.947767
MTFMT	15	65001512	2.034588
CTSH	15	78921058	-0.385248
TTC23	15	99136323	-0.12906
HOMER2	15	82836946	-0.496098
EHD4	15	41895939	-1.981665
ZNF106	15	42412823	1.478416
CEP152	15	48712928	-0.348136
ATP8B4	15	49858238	-1.039815
DTWD1	15	49620980	1.141649
SPG11	15	44562696	-0.059971
VPS18	15	40894430	-0.25514
BLOC1S6	15	45587123	-1.77935
MYEF2	15	48134631	-1.152069
UBE3A	15	25333728	-1.00758
EMC4	15	34224999	-1.10123
EIF2AK4	15	39934146	-1.020306
MYO5C	15	52192322	0.457555
TMOD2	15	51751561	-0.9297
TTBK2	15	42738734	-0.61573
ELL3	15	43772600	1.478416
ICE2	15	60419609	-1.105607
DLL4	15	40929340	2.820248
ALDH1A2	15	57953424	0.441368
FAM63B	15	58771192	2.221615
DUT	15	48331011	0.035413
CHAC1	15	40952962	-0.311477
CLN6	15	68206992	2.058873
ARPP19	15	52547045	0.573403
VPS13C	15	61852389	1.821931
CALML4	15	68190705	-1.175164
ISLR	15	74173671	5.794195
THAP10	15	70881342	0.428252
LOXL1	15	73925989	-4.520774
SNRPA1	15	101281510	3.667419
MEIS2	15	36889204	2.216116
KATNBL1	15	34140674	0.707539
TRPM1	15	31001061	-1.055479
IREB2	15	78437431	-1.162087
ALPK3	15	84816680	-0.198251
CIB2	15	78104606	0.50689
MAP2K5	15	67542709	-1.736091
UNC13C	15	54012904	0.551317
SQRDL	15	45631148	-0.86483
THBS1	15	39581079	3.065094
MAPKBP1	15	41774434	0.619294
NUSAP1	15	41332694	0.607757
KIF23	15	69414246	-1.256051
HAUS2	15	42548810	0.495095
PARP6	15	72241181	0.660242
PAQR5	15	69298947	0.006038
LRRC49	15	70853239	2.742385
TUBGCP4	15	43369221	1.646912
UACA	15	70654554	0.108049
SMAD6	15	66702228	7.283925
TMEM62	15	43123279	0.67995
ZNF280D	15	56630181	-6.993599
SEMA6D	15	47184101	-1.209551
RSL24D1	15	55180806	-0.60873
SPTBN5	15	41848144	1.198519
GCOM1	15	57591908	-1.625344
GCHFR	15	40764020	-0.466347
MNS1	15	56421544	0.04252
TMOD3	15	51829628	2.600995
SPPL2A	15	50702266	1.581238
GLCE	15	69160584	1.438885
SHF	15	45167214	-0.284673
APH1B	15	63276018	-0.033587
PARP16	15	65234460	1.494753
HCN4	15	73319859	2.15132
SEMA7A	15	74409289	-0.308029
MFAP1	15	43804492	-1.296352
SORD	15	45023104	0.764319
SERF2	15	43777087	1.430946
SLC27A2	15	50182196	-1.160512
HDC	15	50241947	0.925357
BNIP2	15	59659146	-3.587884
GTF2A2	15	59638062	-3.019714
DISP2	15	40358235	-1.789209
TLE3	15	70047790	1.311974
UBE2Q2	15	75843285	-2.039025
ETFA	15	76215355	-0.008042
SCAPER	15	76347904	1.036935
WDR61	15	78277835	-0.53956
NEIL1	15	75346955	1.686983
DNAJA4	15	78264086	-0.410318
MESDC1	15	81000944	-0.180287
TPM1	15	63042632	0.930298
ARRDC4	15	97960698	0.233384
CYP11A1	15	74337759	0.272209
PML	15	73994673	-4.128798
LINS1	15	100559369	-0.54861
PCSK6	15	101297142	-1.213105
HAPLN3	15	88877288	1.855756
POLG	15	89305198	0.000212
RLBP1	15	89209869	0.40036
FANCI	15	89243949	-0.508267
ABHD2	15	89087459	-0.000212
WDR93	15	89690797	-2.229835
DET1	15	88494440	-0.269824
ZNF710	15	90001392	0.991783
UNC45A	15	90930180	0.343209
ST8SIA2	15	92393828	-1.863102
MCTP2	15	94231538	-0.227393
FURIN	15	90868592	0.332033
IQGAP1	15	90388218	-2.538606
CRTC3	15	90529925	-0.289055
EFL1	15	82130230	-0.513744
SEC11A	15	84669538	-1.836531
FSIP1	15	39600031	-0.641365
LRRK1	15	100919215	0.956578
CFAP161	15	81007033	1.243823
GALK2	15	49155656	-0.441392
FAM81A	15	59372693	-0.349408
MYO1E	15	59132434	-0.555101
AP3S2	15	89830599	2.359587
MEGF11	15	65895079	-1.386193
GJD2	15	34751032	0.340159
GOLGA6A	15	74069857	-5.552964
PLA2G4D	15	42067009	-0.260005
STARD9	15	42575659	0.474918
ISL2	15	76336724	-0.998146
GPR176	15	39799032	3.207867
RAB8B	15	63189469	0.093443
RPUSD2	15	40569300	0.46204
ZFYVE19	15	40807086	-0.563712
SPINT1	15	40844018	-0.848579
LARP6	15	70829130	2.789934
SENP8	15	72114258	3.346583
GABRB3	15	26543546	0.1972
ARIH1	15	72474326	-0.969742
FAM227B	15	49326962	0.883919
IDH3A	15	78131498	-0.236895
WDR72	15	53513741	-1.105358
PRTG	15	55611546	-0.393705
RP11-382A20.3	15	83112738	-1.114429
TMED3	15	79311062	0.23371
CHRFAM7A	15	30357766	0.034672
B2M	15	44711477	-0.798249
CASC4	15	44288729	0.926955
STRCP1	15	43699488	1.679849
KIF7	15	89608789	-1.688559
ANKDD1A	15	64911902	2.874354
C15orf48	15	45430529	-0.645903
DIS3L	15	66293217	0.840766
CCNDBP1	15	43185118	0.518965
MAP1A	15	43510958	0.049443
PDIA3	15	43746392	0.534099
PPIP5K1	15	43533462	0.099023
ADAL	15	43330674	-0.455562
JMJD7-PLA2G4B	15	41828095	-2.143575
MAP2K1	15	66386817	-0.840766
KIAA1024	15	79432516	-0.424202
SIN3A	15	75369379	3.132872
BNC1	15	83255903	-0.609902
C15orf40	15	82988441	-0.138551
FAM103A1	15	82986207	-2.362554
CHRNA5	15	78565520	0.264055
NRG4	15	75935969	-0.849561
TMEM266	15	76059837	-0.231765
LINGO1	15	77613027	-0.433931
KLF13	15	31326855	-1.771173
AKAP13	15	85380571	1.425079
SPATA5L1	15	45402331	-2.062818
GATM	15	45361124	1.318258
TLN2	15	62390526	0.931634
STARD5	15	81309053	1.583611
IL16	15	81159575	-1.013664
ARNT2	15	80404350	0.051904
RASGRP1	15	38488103	0.647797
PEAK1	15	77100656	0.198009
CHD2	15	92900189	-1.811072
RP11-23P13.6	15	41892793	-0.339898
MGA	15	41621224	-1.583146
ZWILCH	15	66504959	0.086533
SNAPC5	15	66490135	-0.259821
DENND4A	15	65658046	-1.484481
IGDCC3	15	65327127	2.602045
GRAMD2	15	72159807	-1.876893
CHRNA7	15	31923438	-0.518293
ZSCAN2	15	84600986	-1.936447
LPCAT4	15	34358618	-0.923269
SLCO3A1	15	91853695	1.109489
SCAND2P	15	84631451	-0.703969
WDR73	15	84639281	-0.398291
GOLGA8Q	15	30552078	0.94695
RPP25	15	74954416	1.686983
FAM219B	15	74899987	-0.174784
EDC3	15	74630558	5.452694
CLK3	15	74598500	-2.587748
ARID3B	15	74541177	2.372763
MKRN3	15	23565678	-0.448939
ZNF609	15	64460742	-0.376915
RFX7	15	56087280	1.035909
MRPS11	15	88467453	-1.245431
IDH2	15	90083045	0.104715
NOP10	15	34341713	-1.10123
RGMA	15	93035273	4.830121
SYNM	15	99098217	0.512724
GABRG3	15	26971282	-0.649942
DNM1P46	15	99790156	-0.243344
PGBD4	15	34102073	1.676224
FES	15	90883695	0.056319
NDN	15	23685400	0.635913
NGRN	15	90265659	0.807476
LYSMD4	15	99715697	-0.628244
GDPGP1	15	90233808	-0.994484
ASB7	15	100602534	5.299445
KLHL25	15	85759323	-0.099538
VPS33B	15	90998416	0.343209
ALDH1A3	15	100877714	1.812829
TM2D3	15	101621444	0.494305
SEMA4B	15	90160604	-1.760331
CIB1	15	90229975	-0.674139
RPS27L	15	63125872	-0.269947
TARSL2	15	101653598	0.606388
FAM174B	15	92617443	1.084655
NR2F2	15	96325938	-1.878271
WASH3P	15	101961603	-0.508614
SHC4	15	48823735	-0.747868
MORF4L1	15	78810487	-0.605177
TRIM69	15	44728988	-0.754144
GLDN	15	51341629	2.579735
THSD4	15	71096952	-1.331571
ARHGAP11B	15	30624494	0.596262
MESP2	15	89760591	-1.092671
HYKK	15	78507564	-2.405656
C15orf52	15	40331452	1.730063
SAXO2	15	82262810	-1.947716
SKOR1	15	67819704	-2.151841
TMC3	15	81331217	0.442865
C15orf61	15	67521068	-0.299322
MAN2A2	15	90902218	0.582835
BLM	15	90717327	0.332033
MYO5A	15	52307283	-0.778208
NMB	15	84655129	-0.097453
ZNF770	15	34978341	-1.106477
SCAMP5	15	74957219	0.298549
ARHGAP11A	15	32615144	1.857021
PRC1	15	90966038	-1.102963
C15orf59	15	73735431	1.521118
CATSPER2P1	15	43726918	1.107811
GOLGA8O	15	32445106	-1.857021
HERC2P9	15	28589492	0.228651
ATP10A	15	25677273	-1.439699
HEXA	15	72340919	2.364939
GANC	15	42273233	-3.453326
RP11-701H24.9	15	24955034	0.983467
CPEB1	15	82543201	-1.329419
CTD-3092A11.1	15	30470779	-0.266417
RP11-632K20.7	15	32519848	0.883063
CKMT1A	15	43692886	-0.189976
GOLGA2P7	15	84199311	-0.967067
RPS12P26	15	90206572	-0.682441
DKFZP434L187	15	30196036	-1.664856
GOLGA8N	15	32593456	1.487934
CTXN2	15	48191539	-0.661781
DNM1P51	15	84398316	0.904804
ANKRD34C	15	79293285	0.819137
CKMT1B	15	43593054	-1.478416
RPL9P9	15	82372196	-0.941603
PLEKHO2	15	64841883	-2.636584
ARPIN	15	89895006	1.149609
STRC	15	43599398	0.099023
PLA2G4B	15	41837775	-2.639696
JMJD7	15	41828085	-2.820248
RAD51-AS1	15	40686724	-0.625638
OIP5-AS1	15	41283990	-2.736055
RP11-932O9.7	15	30616998	-0.30852
LINC01197	15	95209099	0.633697
SRP14-AS1	15	40039311	-1.483119
FAM138E	15	101954885	-0.116964
FMN1	15	32765545	-0.721533
AC011330.5	15	43663654	-0.099023
GOLGA8K	15	32392782	-1.071364
C15orf38-AP3S2	15	89834308	2.359587
SNHG21	15	82750564	1.355494
SCARNA15	15	82752884	1.563318
CTD-3076O17.1	15	99970215	-1.01602
POLR2M	15	57706629	0.343334
MIR9-3HG	15	89361579	-2.062549
GOLGA2P10	15	82472993	-0.819034
RP11-164J13.1	15	42348103	-0.275165
PRC1-AS1	15	90966345	0.816745
RP11-299G20.2	15	101295419	-0.26679
RP11-209K10.2	15	52801614	0.189676
CTD-2050N2.1	15	47359430	0.514514
RP11-809H16.5	15	69080879	-1.339712
RP11-617F23.1	15	90074512	0.090674
CSPG4P12	15	85191438	1.140928
ACTG1P17	15	82725873	-0.921256
INAFM2	15	40325216	-1.581941
ST20-MTHFS	15	79845150	0.485057
RP11-307C19.1	15	77525540	-0.909935
RP11-1069G10.1	15	62827675	2.267412
HERC2P7	15	23289303	-0.335746
RP11-253M7.1	15	69396904	2.437276
RP11-16E12.1	15	31216020	-0.050057
MGC15885	15	62637172	0.611034
CPEB1-AS1	15	82647770	-0.79761
SORD2P	15	44825747	-0.116149
RP11-210M15.2	15	80344853	-0.331886
CTD-2651B20.3	15	45251580	0.866975
RP11-762H8.2	15	78290527	0.589865
RP11-430B1.2	15	52180093	-0.851255
IQCH-AS1	15	67403619	2.420943
CSPG4P11	15	84186752	-0.490384
RP11-673C5.1	15	71164770	2.786896
RP11-315D16.2	15	68184032	-1.71264
CTD-2524L6.3	15	71818396	1.625921
RP11-386M24.6	15	92592574	1.087005
RP11-1006G14.4	15	72589691	1.439872
AC026150.8	15	30540093	-0.077777
RP11-114H24.2	15	77914217	0.930815
AC026150.6	15	30516079	-1.166171
CCPG1	15	55340032	-0.656665
RP11-701H24.4	15	25087661	-0.204634
RP11-37C7.3	15	39782571	-2.342513
ULK4P1	15	32406597	0.204992
CTD-3185P2.1	15	66488658	-0.337769
PDCD6IPP2	15	28789664	-0.433483
RP11-1007O24.3	15	72407778	-2.149749
RP11-6O2.3	15	99139317	0.093417
C15orf65	15	55408548	-0.60749
GOLGA8S	15	23354748	0.348916
RP11-650L12.2	15	78589123	-0.187169
DYX1C1-CCPG1	15	55355248	-0.471944
GOLGA8H	15	30604126	0.098946
LOXL1-AS1	15	73908071	-3.893536
RP11-1000B6.8	15	32586105	0.144468
MYZAP	15	57591941	-1.518742
RP11-932O9.9	15	30616958	-0.077635
RP11-797A18.6	15	77067654	-0.827035
RP11-540B6.6	15	30926514	0.418505
RP11-526I2.5	15	100547765	-0.54861
RP11-502I4.3	15	67541072	0.197273
CSPG4P5	15	84401807	0.658349
AGBL1	15	86079973	-1.365233
CTD-2036P10.6	15	42726583	1.439778
RP11-128A17.2	15	37109587	0.913004
RP11-228M15.1	15	23309607	0.235019
RP11-182J1.18	15	84597809	0.107853
RP11-295H24.4	15	49343608	-2.224368
AC011330.13	15	43642389	0.222287
RP11-817O13.9	15	75346744	-1.601397
RP11-182J1.3	15	84622015	1.077264
CSPG4P10	15	82459472	0.551981
RP11-1000B6.7	15	32583612	-0.169557
NR2E3	15	71792638	-3.094577
GOLGA6L10	15	82339998	-0.206924
CTD-2036P10.5	15	42724102	1.217587
RP11-797A18.5	15	77063397	-1.335195
PWAR1	15	25135642	0.819001
RP11-1H8.5	15	34415450	-0.097156
PWAR5	15	24985053	-0.865198
RP11-437B10.1	15	92883413	-0.14689
RP11-299G20.5	15	101299656	-0.198498
NPTN-IT1	15	73567012	-3.68213
AC023908.1	15	39801132	-0.217227
AC004381.6	16	20806429	-0.18088
ITGAL	16	30472658	-1.24278
GDE1	16	19501689	-0.23018
CACNG3	16	24255553	-0.1824
ZNF263	16	3263800	-0.30081
CX3CL1	16	57372458	2.14471
RPUSD1	16	784974	-1.06205
RHBDF1	16	58059	2.77598
TSR3	16	1349240	1.01219
PIGQ	16	566995	-1.47027
CRAMP1	16	1612325	3.88138
ZNF200	16	3222325	-0.18396
TMEM159	16	21158377	0.86242
ALG1	16	5033960	-0.58558
GABARAPL2	16	75566351	0.26957
EDC4	16	67873023	-1.26562
CLEC16A	16	10944488	-2.50287
PHLPP2	16	71637835	-0.29977
KIAA0556	16	27550133	-1.04535
BCAR1	16	75228187	-0.29989
POLR3E	16	22297375	-0.0305
FLYWCH1	16	2911937	-0.99103
CDH3	16	68636189	-0.07241
SLC9A3R2	16	2025356	-0.85589
KARS	16	75627474	1.59674
ADAT1	16	75596981	-1.63463
THUMPD1	16	20702816	0.07343
ROGDI	16	4796968	0.26964
CBFB	16	67029116	1.75572
DNAJA2	16	46955362	1.51154
CNGB1	16	57882340	0.68765
NFATC3	16	68084751	-1.8524
NDE1	16	15643267	-0.28435
MRPS34	16	1771890	-0.77357
VPS9D1	16	89707134	-0.40934
RGS11	16	268301	0.8383
GTF3C1	16	27459555	0.7476
IL4R	16	27313668	-0.46511
RBFOX1	16	6019094	0.00835
CYLD	16	50742050	-0.13842
ZNF213	16	3129777	-0.28721
MRPL28	16	367384	-2.18951
MMP2	16	55389700	0.78299
MT3	16	56589074	0.0176
COQ9	16	57447425	-1.02264
FUS	16	31180110	-0.03221
YPEL3	16	30092314	1.90329
TFAP4	16	4257186	0.3769
RAB11FIP3	16	425619	-0.16385
PDPR	16	70113626	2.49922
AARS	16	70252295	-2.49922
GLG1	16	74447427	2.01369
ORC6	16	46689643	-0.9707
NUBP2	16	1782901	1.03646
FBXL19	16	30923055	-1.34648
HSD3B7	16	30985207	1.08444
SETD1A	16	30957294	-1.68481
MGRN1	16	4616493	0.69608
TRADD	16	67154180	-1.50702
CORO1A	16	30182827	3.34052
GDPD3	16	30104810	-1.31677
ELMO3	16	67199111	1.26562
PHKB	16	47461123	0.9517
NUTF2	16	67846732	2.02236
CENPT	16	67828157	-0.75532
TSNAXIP1	16	67806765	2.87896
NFAT5	16	69565094	-4.38184
LONP2	16	48244296	0.32957
CBLN1	16	49277917	-0.10084
ARL2BP	16	57245098	-0.20068
PLLP	16	57248547	-0.04966
ZNF423	16	49487524	-0.30435
DHODH	16	72008588	-0.08191
CTCF	16	67562407	-0.61806
PARD6A	16	67660946	1.18884
ZNF821	16	71859680	0.37804
MMP15	16	58025566	3.32405
USB1	16	57999546	0.51249
CCDC113	16	58231157	-2.64004
NME3	16	1770286	1.52218
PSMD7	16	74296775	2.16033
SETD6	16	58515479	0.61568
SLC38A7	16	58665109	-0.43859
HAS3	16	69105564	0.5598
TANGO6	16	68843604	-0.58102
COG4	16	70480568	-1.46056
SLC7A6OS	16	68284503	1.04543
SLC7A6	16	68264516	1.33672
PLA2G15	16	68245304	0.67531
WDR59	16	74871367	-0.12833
CMC2	16	80966448	0.35295
AXIN1	16	287440	-0.03853
NPRL3	16	84271	-2.77598
HSDL1	16	84122146	-1.00793
TAF1C	16	84177847	0.26143
WFDC1	16	84294646	-0.01218
USP10	16	84699978	-2.44354
CRISPLD2	16	84819984	-1.3255
TSC2	16	2047465	0.39257
ZNF500	16	4748239	-1.0636
NME4	16	396725	-1.73628
ABCC1	16	15949577	-1.58157
NOMO3	16	16232495	-0.2552
FOXF1	16	86510527	5.46576
NARFL	16	729753	-0.42722
CLCN7	16	1444934	-0.33461
FAM173A	16	720581	0.42892
SLC7A5	16	87830023	1.88351
METRN	16	715115	0.73523
STUB1	16	680224	0.03853
NUBP1	16	10743786	2.82181
CRYM	16	21238874	0.80327
CAPN15	16	527717	-0.03781
GSPT1	16	11868128	-1.35973
CLUAP1	16	3500924	0.66235
UBFD1	16	23557362	-0.27119
CPPED1	16	12659799	-1.80829
HMOX2	16	4474690	3.03218
SALL1	16	51135975	1.82852
RRN3P2	16	29074976	0.00722
RBL2	16	53433977	0.16025
QPRT	16	29679008	1.0308
XYLT1	16	17101769	-0.7563
RPGRIP1L	16	53597683	0.24916
BCKDK	16	31106107	-0.03809
SYT17	16	19167971	0.12009
CCP110	16	19523811	-0.48282
C16orf62	16	19555240	0.62132
KNOP1	16	19701934	2.16055
KLHDC4	16	87696485	0.71546
EEF2KMT	16	5084304	-0.11445
UBN1	16	4846665	-0.78779
ADCY7	16	50246137	2.42523
HS3ST2	16	22814177	0.13399
RBBP6	16	24537693	-1.72146
SLC12A4	16	67943474	-2.10708
CNOT1	16	58519951	0.10632
LRRC29	16	67207139	-3.60551
MT1G	16	56666731	-0.71305
MT2A	16	56608199	0.01084
GOT2	16	58707131	-0.97618
GLIS2	16	4314761	-1.55198
GFER	16	1984207	1.08558
PKMYT1	16	2968024	0.01607
WDR24	16	684622	-2.14798
FBXL16	16	692498	-1.47027
CHTF18	16	788046	-1.28282
TMEM8A	16	370773	-0.67191
CBFA2T3	16	88874858	-0.40934
C16orf13	16	634427	-0.53496
EMC8	16	85771758	-2.51292
GSE1	16	85169525	-1.82456
KREMEN2	16	2963944	-1.9031
THOC6	16	3024027	-1.00418
TRAF7	16	2155698	-1.74326
CLUHP3	16	31700590	-1.61093
SLX1A	16	30193887	0.67467
PRMT7	16	68310974	-0.07688
VPS4A	16	69311356	-1.57865
MTSS1L	16	70661204	-0.79805
RPS15A	16	18781295	0.55496
KLHL36	16	84648525	0.00478
MPHOSPH6	16	82147798	-0.68758
KIAA0513	16	85027751	2.57002
FHOD1	16	67229387	-1.56732
SEPT12	16	4777669	-0.86953
GLYR1	16	4803203	0.17829
ITGAX	16	31355134	-0.42228
CDR2	16	22345936	1.09766
MYLK3	16	46703369	1.14391
DHX38	16	72093562	1.82059
CLEC18B	16	74408270	2.28796
CPNE2	16	57092537	0.56869
NLRC5	16	56989485	-1.54709
KIFC3	16	57758217	-2.01567
ADAMTS18	16	77247813	-2.06062
NUDT7	16	77722492	-0.56512
CDH11	16	64943753	-5.28911
NOL3	16	67170154	-0.8228
OSGIN1	16	83948282	-1.17186
IRF8	16	85898803	0.33622
ZSCAN32	16	3382081	-0.26385
RPS2	16	1962052	-2.79371
TIGD7	16	3298832	-1.15887
RANBP10	16	67723066	-1.70629
CTRL	16	67927640	3.29008
NOB1	16	69741867	-3.27542
FAM57B	16	30024427	1.90329
DOC2A	16	30005509	1.53788
HIRIP3	16	29992321	1.08444
TAOK2	16	29973641	-1.08444
TMEM219	16	29940885	0.32868
CTF1	16	30896607	-0.92712
CDH8	16	61647242	-1.71196
PRSS53	16	31083425	0.9398
CNTNAP4	16	76277278	0.07817
CARHSP1	16	8852942	1.45283
TXNDC11	16	11679080	-3.45866
NMRAL1	16	4461680	1.38167
UBALD1	16	4608883	-0.15021
CFDP1	16	75293698	4.92279
CMIP	16	81445170	-0.66275
C16orf74	16	85690084	-2.83913
HEATR3	16	50065941	-0.31767
ZKSCAN2	16	25236001	0.48057
KDM8	16	27203495	2.54586
FBRS	16	30658431	0.51326
NTAN1	16	15037853	0.11584
SMG1	16	18804853	-0.91275
CLEC18C	16	70173322	-1.72533
FUK	16	70454421	4.32807
IL34	16	70579895	-7.90267
RNF166	16	88696495	0.32397
RSPRY1	16	57186137	-0.10516
TEPP	16	57976435	-1.45497
LRRC36	16	67326798	3.76518
TPPP3	16	67389809	0.60241
ZDHHC1	16	67394419	3.61207
CARMIL2	16	67644919	2.26269
C16orf86	16	67666816	2.2153
POLR3K	16	46407	-2.65117
WDR90	16	649311	0.7103
CCDC78	16	722582	-0.50954
SPSB3	16	1776712	1.30411
CCNF	16	2429394	-0.27695
TBC1D24	16	2475051	1.30317
AMDHD2	16	2520357	2.1856
FLYWCH2	16	2883186	0.7333
ZNF75A	16	3305406	0.53249
BRD7	16	50313487	-0.90534
ZNF319	16	57994668	0.09653
C16orf71	16	4734272	-2.59794
CDYL2	16	80597906	-0.01642
CENPN	16	81006498	-0.40473
ATMIN	16	81035847	-0.69516
PRKCB	16	23836001	0.55227
BEAN1	16	66427297	0.03839
TK2	16	66508003	-0.32299
FAM96B	16	66932055	1.67117
TVP23A	16	10760919	0.39619
AP1G1	16	71729000	-0.29977
TERF2IP	16	75647786	-0.38146
COQ7	16	19067599	-0.34042
GPRC5B	16	19856691	0.28351
NOD2	16	50693603	-0.69621
DUS2	16	67987746	3.00094
VKORC1	16	31090842	-1.3508
TRAPPC2L	16	88856220	0.28763
ANKRD11	16	89267627	0.34238
SPATA33	16	89657802	-4.10881
FAM234A	16	234546	1.8861
ZNF598	16	1997654	-1.35867
MLST8	16	2204248	-2.90277
E4F1	16	2223566	0.6197
DNASE1L2	16	2235816	-0.12972
ECI1	16	2239395	1.22084
CASKIN1	16	2177180	-1.90047
ABCA3	16	2275881	1.0636
SRRM2	16	2752329	0.01607
ZNF597	16	3432422	-0.66235
ANKS3	16	4696510	-1.1497
NUDT16L1	16	4693694	1.05846
RFWD3	16	74621394	0.79905
COG7	16	23388493	-0.77943
ATXN2L	16	28823035	-3.51102
SNTB2	16	69187129	3.25911
DDX19A	16	70346829	-1.06426
GSG1L	16	27787535	-1.6303
NSMCE1	16	27224991	2.0282
RP11-231C14.4	16	29483642	0.66456
CD2BP2	16	30350766	-2.23122
TBC1D10B	16	30357102	-2.23721
INO80E	16	29995294	-2.2189
BOLA2B	16	30192934	0.62374
SPNS1	16	28974221	-4.1975
ITGAM	16	31259990	-1.10988
ZNF764	16	30553764	1.72765
ZNF768	16	30524001	-1.30344
NETO2	16	47077703	-0.74837
VAT1L	16	77788530	-0.2372
CALB2	16	71358713	-0.15898
PRSS27	16	2712418	-0.01688
PRSS30P	16	2839568	0.53163
FAM192A	16	57152466	0.68194
CES4A	16	66988589	-0.7132
CES2	16	66934444	2.04936
CTU2	16	88706463	1.4526
IQCK	16	19716456	0.45954
SEZ6L2	16	29871159	2.47911
ASPHD1	16	29900375	-0.21625
NUPR1	16	28532708	-2.63135
SGF29	16	28553915	-4.16131
ACSF3	16	89088375	0.23142
ZNF843	16	31432593	-0.40584
IRX5	16	54930862	0.01428
CHD9	16	53055033	1.22077
IRX3	16	54283304	2.64836
RABEP2	16	28904421	-3.86038
SH2B1	16	28846600	3.80519
CPNE7	16	89575768	0.81603
TUFM	16	28842411	-3.80519
ZFPM1	16	88453317	-0.06476
CDH5	16	66366622	-3.10579
PDXDC1	16	14974591	-0.02324
SEPHS2	16	30443631	2.45404
ZNF771	16	30407297	2.00154
SEPT1	16	30378133	-0.21625
SMG1P3	16	21446683	-0.0305
SLX1B	16	29454501	-0.00886
DEXI	16	10928891	0.60235
IST1	16	71845996	-0.46022
HS3ST4	16	25692026	0.61901
BRICD5	16	2209253	1.67174
C16orf72	16	9091648	1.83189
ABAT	16	8674565	1.47918
GRIN2A	16	9753404	-2.27621
RP11-958N24.1	16	14911551	1.80111
ACSM5	16	20409534	0.05522
CMTM4	16	66614750	-0.09815
TBL3	16	1972037	-2.79371
NPIPA5	16	15363624	0.05741
AC138969.4	16	16317444	-0.2552
EIF3C	16	28688558	-2.37019
PGP	16	2211997	-0.45352
ZFP1	16	75148492	-3.51393
SNN	16	11668414	-1.635
TMEM186	16	8780384	1.71754
ZFP90	16	68530090	1.63418
NOMO2	16	18417325	-1.57295
PDIA2	16	283152	1.08788
SMG1P4	16	21879338	-1.15215
SRL	16	4189374	-0.85279
NPIPB4	16	21834569	-1.08347
ZNRF1	16	74999030	0.29475
MKL2	16	14071321	0.65478
MT1X	16	56682424	-0.21777
IFT140	16	1510427	-1.85863
USP7	16	8892094	-1.45283
HBA2	16	172847	-1.27995
SLX4	16	3581181	-1.89681
CTD-3088G3.8	16	11359845	-0.3612
LITAF	16	11547722	1.55075
SF3B3	16	70523788	-2.49922
KIAA0895L	16	67175602	-1.67883
PLEKHG4	16	67277510	-1.87491
ATP2A1	16	28878405	-4.18748
NPIPB15	16	74377878	-0.11439
SIAH1	16	48356364	0.93271
SULT1A1	16	28605196	3.86038
PDXDC2P	16	69976297	-1.46056
NPIPB9	16	28751787	-1.5856
METTL9	16	21597218	-0.77342
RAB40C	16	589357	2.40702
CCDC154	16	1434383	0.68124
EME2	16	1773207	-0.96028
RP11-347C12.1	16	30222937	1.31677
NPIPB6	16	28342555	1.5856
WWP2	16	69762306	-5.11403
MSRB1	16	1938210	0.8472
CES1	16	55802851	-0.68518
APRT	16	88809339	-1.02895
RP11-863P13.4	16	88088041	1.77971
SYCE1L	16	77199397	1.29366
TMEM231	16	75536744	1.59674
PSMB10	16	67934502	-0.07688
ADGRG1	16	57610652	0.0285
MT1M	16	56632233	0.77843
RP11-401P9.6	16	50606076	-4.08474
SMG1P2	16	29527568	-0.09828
EIF3CL	16	28379579	-2.37424
LCMT1	16	25111729	-0.35127
ITPRIPL2	16	19113932	0.66144
RP11-1212A22.1	16	18334400	-3.21257
C16orf96	16	4556490	-1.79357
SRRM2-AS1	16	2737076	-0.18396
RNPS1	16	2253116	-0.53276
HN1L	16	1678256	1.47044
HBA1	16	176680	-3.84207
LCAT	16	67939750	3.57076
DNASE1	16	3611728	-1.15672
CLDN9	16	3012456	0.18411
RP11-252A24.2	16	74332402	2.12933
CDIPT-AS1	16	29863593	-3.02114
HNRNPA1P48	16	51645756	0.67296
NPIPA3	16	14708944	2.08143
RP11-278A23.1	16	87693537	0.71546
RP11-419C5.2	16	69976388	0.03512
RPL7P47	16	17932720	-2.23897
ZNF688	16	30569346	-1.31677
HERC2P4	16	32103245	-0.46597
HSBP1	16	83807843	-0.89659
RP11-166B2.1	16	11927373	1.66394
AC002310.12	16	30534752	-1.52734
B3GNT9	16	67148105	3.53774
SMG1P1	16	22437008	1.13667
SHISA9	16	12901620	-0.88852
ABCA17P	16	2339150	1.65164
AC009120.3	16	74312609	-0.92159
ARHGDIG	16	268727	0.56066
DECR2	16	401826	2.27988
NPIPB5	16	22479121	1.13667
CRNDE	16	54845189	-1.79848
RP11-510M2.2	16	71462278	-0.06562
PKD1P6	16	15125242	-0.11584
RP11-455F5.3	16	30096430	-1.51262
NPIPB11	16	29381354	-0.78698
PKD1P5	16	18374521	-0.01459
NPIPA2	16	14748066	-1.32304
RP5-991G20.2	16	72805998	-1.82059
RP11-46C24.7	16	89215211	-0.15584
CTD-3203P2.1	16	27213308	-0.55764
AC009120.6	16	74305127	1.06119
CTD-2034I21.1	16	50856614	0.36279
CTD-2313J23.1	16	24472798	-0.28888
RP11-212I21.2	16	55426797	-0.87332
SNHG19	16	2154797	-2.26124
RP11-452L6.5	16	31456711	2.26973
RP11-77H9.2	16	8848105	-1.75578
SLX1B-SULT1A4	16	29455105	-1.56463
RP11-505K9.4	16	83908132	-0.21916
RP11-645C24.5	16	21794095	-0.22636
RP11-616M22.1	16	1156976	-1.10599
LCMT1-AS1	16	25085592	-0.33022
C16orf95	16	87083562	-1.93234
RP11-297C4.3	16	30480588	0.06361
RP11-55K13.1	16	81310731	-0.293
RP11-529K1.3	16	70299194	0.98146
MT1L	16	56617476	-0.85575
CTD-2270P14.1	16	2660349	-1.30317
RP11-491F9.1	16	49287430	-0.13571
RP11-452L6.7	16	31508471	-1.10988
SNAI3-AS1	16	88663298	2.14811
RP11-72I8.1	16	15094411	1.05736
CTD-2196E14.6	16	23568673	0.1579
RP11-311C24.1	16	69703065	-1.42718
RP11-21M24.2	16	22374859	0.20338
RP11-161M6.2	16	975761	-0.18139
TAT-AS1	16	71565789	-1.80084
RP11-196G11.2	16	31043150	-0.91499
RP11-343C2.11	16	69299682	-2.98908
RP11-538I12.3	16	77234877	-2.97366
SULT1A3	16	30199228	0.80057
RP11-454F8.2	16	53298224	1.21356
RP11-304L19.3	16	2094830	-1.5257
ANKRD26P1	16	46469341	-0.62995
RP11-883G14.1	16	50884209	0.05571
RP11-517C16.2	16	84459259	-1.04968
RP11-297C4.1	16	30498766	0.06361
LA16c-329F2.1	16	1713527	3.83072
RP11-46D6.1	16	46622861	-0.97298
GAN	16	81314952	-1.05441
AC010547.9	16	71447600	0.52954
RP11-243A14.1	16	9355588	0.99482
LA16c-313D11.12	16	689001	0.10596
HPR	16	72063224	0.79851
RP11-529K1.2	16	70315640	-0.49494
RP11-435I10.4	16	28456371	1.98102
MMP25-AS1	16	3051096	0.94657
RP11-212I21.4	16	55538200	0.78299
RP11-266L9.5	16	25066937	0.10045
RP11-473M20.9	16	3076911	-1.06721
LINC01569	16	4245825	0.983
LA16c-306E5.2	16	3365099	-0.30081
CTC-277H1.7	16	67261108	-0.04269
RP11-266L9.3	16	25093387	-1.10391
TMPOP2	16	74667506	-2.24056
RP11-876N24.5	16	10938886	0.52216
RP11-396B14.2	16	11196177	3.73187
ZNF213-AS1	16	3110460	1.42447
CTD-2034I21.2	16	50880209	0.45214
CTC-479C5.10	16	67882461	-2.10708
RP11-473I1.9	16	9104848	-0.06129
RP11-96D1.10	16	68224713	-0.71863
RN7SL381P	16	85659378	0.6559
RP11-5A19.5	16	67163385	0.6776
FENDRR	16	86474529	3.49787
AC004754.3	16	249547	0.6713
RP11-482M8.3	16	87600526	1.6777
RP11-297D21.4	16	67481314	0.07688
RP11-1186N24.5	16	15104723	0.51052
RP11-346C20.3	16	73060470	-2.05848
SCML2P2	16	25069570	-0.0333
LA16c-380H5.5	16	3006120	-0.62855
COG8	16	69326913	1.23889
RP11-391L3.1	16	81385463	1.75742
RP11-77K12.9	16	75433836	-0.33375
RP11-505K9.5	16	84085979	-0.12764
RP11-71L14.4	16	68450283	-0.01318
CTD-2547G23.4	16	25257952	-1.71055
RP11-615I2.6	16	68591382	-0.40101
RP11-568J23.8	16	85697335	-0.97266
RP11-266L9.8	16	25106569	-0.85477
RP11-680G24.6	16	15015828	0.9361
RP11-358L22.3	16	78123243	-1.22533
CTA-276F8.1	16	14150833	-0.82018
CTD-2270P14.5	16	2777319	0.53986
RP11-403P17.6	16	66565620	-2.6406
RP11-70D24.2	16	79605802	0.65425
RP11-196G11.5	16	31122235	-0.84732
RP11-709D24.8	16	4532216	2.03996
RP11-229O3.1	16	64981123	-9.18087
RP11-96D1.8	16	68290087	-0.07241
RP11-44F14.6	16	53487607	-0.56982
CTD-2574D22.3	16	29913144	0.17304
RP11-295D4.3	16	4346694	-1.80822
CTD-2600H12.2	16	48343755	-0.67866
RP11-876N24.3	16	10933903	-1.00687
CTD-2012K14.5	16	67550815	-1.23389
PAGR1	16	29815952	-2.50934
LINC00921	16	3263743	0.53249
TMEM265	16	30740381	0.23181
RP11-2C24.9	16	30704067	0.02316
GAS8	16	90027708	-0.96796
AC027682.1	16	67529823	-1.18884
RP11-57A19.7	16	28258686	2.32139
LASP1	17	38869859	-1.224749
SARM1	17	28364356	-0.266633
POLDIP2	17	28347177	-1.350101
DHX33	17	5440912	-1.253046
LIG3	17	34980494	1.958182
COPZ2	17	48026167	2.165662
TSPOAP1	17	58301228	2.859588
PDK2	17	50094737	-1.900055
ITGA3	17	50055968	-0.881001
OSBPL7	17	47807372	-0.574542
SPATA20	17	50543058	1.935451
CACNA1G	17	50561068	0.341818
COX10	17	14069496	0.578746
ARHGAP44	17	12789539	2.349676
NOS2	17	27756766	-0.725179
DNAH9	17	11598431	-0.078992
SLC13A2	17	28473293	-2.25831
GAS7	17	9910609	-2.785371
SPAG9	17	50962174	0.291569
MED24	17	40019097	2.068503
ZNF207	17	32350109	0.433117
MRC2	17	62627401	-0.937784
NME1-NME2	17	51153590	0.378354
MKS1	17	58205437	-0.114949
UTP18	17	51260528	-3.856106
TTC19	17	15999380	0.000793
BRCA1	17	43044295	-1.96352
RABEP1	17	5282265	1.678157
GRN	17	44345086	0.204881
TIMP2	17	78852977	-0.000467
TUBG2	17	42659305	2.950295
CTNS	17	3636468	0.962202
USP36	17	78787381	-2.319492
VMP1	17	59707192	-0.317396
APPBP2	17	60443149	2.551982
SEZ6	17	28954901	-0.355171
NGFR	17	49495293	-1.61187
DHX8	17	43483865	-1.803234
IFI35	17	43006725	0.384296
HEATR6	17	60043194	0.733984
COASY	17	42561467	-0.180271
PRR11	17	59155499	1.007305
SDK2	17	73334384	0.292917
SMG6	17	2059839	-3.743461
MNT	17	2384060	-4.267408
JMJD6	17	76712832	0.384009
ST6GALNAC1	17	76624761	0.107498
ST6GALNAC2	17	76565379	-0.361202
EPN2	17	19215615	4.120788
ALDH3A2	17	19648136	-0.614863
SREBF1	17	17810399	1.796782
ACADVL	17	7217125	2.915088
ACAP1	17	7336529	0.319193
LLGL2	17	75525080	0.072925
NLE1	17	35128753	0.882228
ADAM11	17	44759031	-2.2046
NSF	17	46590669	7.402114
ATP2A3	17	3923870	-0.246076
SCARF1	17	1633858	0.177531
ZZEF1	17	4004445	-1.961137
CACNG4	17	66964910	0.859033
SLC46A1	17	28394756	-2.266737
SPAG5	17	28577565	0.355171
TRAF4	17	28743984	0.186657
TNRC6C	17	77959240	0.714094
P2RX5	17	3672199	-1.404036
ITGAE	17	3714628	0.919293
PIGS	17	28553383	-0.725852
PGS1	17	78378640	0.711459
PSMC5	17	63827152	-0.909746
METTL2A	17	62423867	-0.6125
ALKBH5	17	18183078	0.002398
NLRP1	17	5499427	0.114463
PITPNM3	17	6451264	-0.339628
RFFL	17	35005990	2.325506
UNC13D	17	75827225	2.110533
MFSD11	17	76735865	-2.029781
GIT1	17	29573469	0.053745
RPL19	17	39200283	2.337429
FBXL20	17	39252644	-1.640941
RUNDC3A	17	44308413	1.867313
UBTF	17	44205033	-1.072368
CASC3	17	40140318	-1.142397
RGS9	17	65100812	-2.573699
RAD51C	17	58692573	-0.430014
SEPT4	17	58520250	-1.579017
MTMR4	17	58489529	3.111699
TRIM37	17	58982638	1.51999
TUBD1	17	59859482	3.516739
KPNB1	17	47649476	-6.188195
RPS6KB1	17	59893046	2.976506
TRIM16L	17	18697998	0.61081
CBX1	17	48070052	1.171426
RECQL5	17	75626845	-0.225862
GALK1	17	75751594	0.083253
INTS2	17	61865367	3.94092
MED13	17	61942605	0.875442
ENO3	17	4948092	2.580655
PFN1	17	4945652	1.107077
SLC25A11	17	4937130	1.87757
CHRNE	17	4897774	2.322058
RAI1	17	17681473	-1.093287
NUP88	17	5360963	-1.131531
BLMH	17	30248195	0.965419
CPD	17	30378905	1.758551
CCDC47	17	63745250	-0.324305
MED31	17	6643315	0.874551
DRG2	17	18087886	1.372211
AKAP10	17	19904302	2.06431
ICAM2	17	64002594	-1.795647
UTP6	17	31860899	0.331001
DDX5	17	64499616	-0.420404
CYTH1	17	78674048	-0.347744
PSMD11	17	32444261	-2.961976
LGALS3BP	17	78971238	-0.845212
ASIC2	17	33013087	1.663046
CCL2	17	34255218	-0.882228
DHX58	17	42101404	3.225438
KAT2A	17	42113108	2.830967
NAGLU	17	42536172	-0.384296
ABI3	17	49210227	-4.122292
EZH1	17	42700275	-2.209499
PPP1R9B	17	50133735	3.207802
MRPL27	17	50367857	-1.348497
VAT1	17	43014605	2.851203
LRRC59	17	50375059	-2.64691
RND2	17	43025241	1.278277
ABCC3	17	50634777	2.826257
LUC7L3	17	50719544	-0.908316
MPP2	17	43875357	-1.280185
SMURF2	17	64542295	0.745987
DUSP3	17	43766121	1.953336
EFTUD2	17	44849943	-2.873247
HLF	17	55265012	-2.781413
PRKAR1A	17	68511780	0.205854
EFNB3	17	7705202	0.60387
FAM20A	17	68535113	-0.237533
YWHAE	17	1344272	3.161108
MMD	17	55392613	2.421656
DPH1	17	2030110	3.123813
MAP2K6	17	69414698	-0.306734
DHRS7B	17	21123364	0.857424
WSB1	17	27294076	-1.700085
RCVRN	17	9896320	-0.098615
MYH3	17	10628526	4.043207
VTN	17	28367276	-0.640748
TMEM97	17	28319095	0.223763
CDR2L	17	74987632	0.66762
PMP22	17	15229777	0.176653
UNC119	17	28546707	-0.753422
ALDOC	17	28573115	0.355171
SUPT6H	17	28662091	-0.355171
RAB34	17	28714281	1.601698
CRHR1	17	45784280	-7.022224
AKAP1	17	57085092	1.34231
SPOP	17	49598884	-1.540677
TBX2	17	61399896	-1.197186
SLC35B1	17	49700943	0.999406
KCNJ2	17	70168673	-0.372651
USP22	17	20999593	-1.452716
TEKT3	17	15303811	1.770119
HS3ST3B1	17	14301083	-0.451842
MRPS7	17	75261674	0.115058
ARMC7	17	75109952	0.796672
NUP85	17	75205659	1.149392
SLC25A19	17	75272981	0.362267
NT5C	17	75130225	-0.254431
STAT5A	17	42287547	2.512356
BECN1	17	42810134	3.399884
NSRP1	17	30115521	3.737128
RHOT1	17	32142454	-1.847188
EVI2A	17	31317560	-3.527531
OMG	17	31272013	-3.527531
EMC6	17	3668815	1.702092
USP6	17	5116438	-0.736018
AIPL1	17	6393693	0.542795
ATP1B2	17	7646627	1.721619
MPDU1	17	7583529	-0.176848
SEC14L1	17	77086716	-1.391496
RHBDF2	17	76470891	0.895436
RAB11FIP4	17	31391624	0.027376
TUBG1	17	42609676	-0.476187
PSME3	17	42824385	3.557665
PSMC3IP	17	42572315	-4.166477
AOC3	17	42851184	-0.671654
VPS25	17	42773436	1.039513
STARD3	17	39637065	-2.872928
PPP1R1B	17	39626740	1.177729
LLGL1	17	18225587	0.078503
CCT6B	17	34927859	-1.128903
RAP1GAP2	17	2755705	-0.05647
CLUH	17	2689386	0.122072
INPP5K	17	1494571	0.940598
MYBBP1A	17	4538897	2.32139
RPA1	17	1829702	1.451538
SERPINF1	17	1761959	-4.139064
UBE2G1	17	4269259	1.702092
WBP2	17	75845699	0.344487
H3F3B	17	75776434	0.225862
TRIM47	17	75874161	-1.015614
EIF5A	17	7306999	0.71485
KDM6B	17	7839904	-0.48928
GUCY2D	17	8002594	1.208672
GPS2	17	7311324	0.71485
SDF2	17	28648356	2.654237
MYH10	17	8474205	-1.647871
SCO1	17	10672474	0.276562
MPRIP	17	17042545	1.707667
SLC39A11	17	72645949	-0.522978
CALCOCO2	17	48830988	0.993016
RSAD1	17	50478800	-0.519943
NMT1	17	45051610	2.334189
MYCBPAP	17	50508384	0.775689
SRSF1	17	58003360	2.268338
TACO1	17	63600872	-1.091482
LIMD2	17	63695902	1.348695
MED9	17	17476986	1.151332
NCOR1	17	16029157	-0.166104
COPS3	17	17246820	-0.276807
ZNF287	17	16551387	0.074827
KSR1	17	27456714	0.369528
PCTP	17	55750979	1.948514
TOM1L1	17	54899387	0.063266
C17orf80	17	73232233	0.339776
TOB1	17	50862223	-5.342176
VPS53	17	508668	1.447563
LRRC46	17	47831627	1.554351
SCRN2	17	47837692	-0.776795
RHBDL3	17	32266176	0.94397
G6PC3	17	44070735	0.181282
CLTC	17	59619689	-0.253742
PTRH2	17	59674636	-2.976506
ARRB2	17	4710489	0.172315
WRAP53	17	7686071	-1.661172
SAT2	17	7626234	2.313231
TP53	17	7661779	0.598789
CCDC40	17	80036632	0.765349
SLC16A3	17	82228397	4.864892
TTYH2	17	74213514	2.398772
ANAPC11	17	81890790	2.54977
TBCD	17	82752064	-0.239597
FN3KRP	17	82716683	0.881968
NARF	17	82458180	0.655631
CBX8	17	79792132	-1.582591
WDR45B	17	82614562	1.013437
ERBB2	17	39687914	-1.142197
MIEN1	17	39728496	1.019296
ARL5C	17	39156894	0.214334
STAC2	17	39210536	1.566264
IGFBP4	17	40443461	1.904221
SLC47A1	17	19495385	0.166418
PSMB6	17	4796144	-3.359656
TLK2	17	62458658	-2.504293
KCNJ16	17	70053429	-1.08144
ANKFN1	17	55882301	0.134096
DGKE	17	56834099	1.649073
GDPD1	17	59220467	0.268592
PRKCA	17	66302636	0.596342
ABCA9	17	68974488	1.11994
ABCA10	17	69147214	2.377796
ABCA5	17	69244311	2.915693
FLCN	17	17212212	-0.231817
CCDC144B	17	18537800	-0.386617
CCDC144CP	17	20321164	-0.227314
USP43	17	9644698	0.77393
EME1	17	50373220	1.547211
ANKRD40	17	50693190	-0.341818
CA10	17	51630313	-0.019768
SLC38A10	17	81245000	-0.297181
UBE2Z	17	48908369	2.099265
ARHGAP27	17	45393902	7.022224
NEK8	17	28725897	3.978449
TLCD1	17	28724348	-1.546846
PGAP3	17	39671122	-1.827353
GRIN2C	17	74842023	0.221711
ACOX1	17	75941507	-2.502712
SRSF2	17	76734115	-0.122495
ASB16	17	44170447	-2.621066
FAM171A2	17	44353215	0.124531
RNASEK-C17orf49	17	7012635	0.664106
TNFSF13	17	7558292	-2.440747
FGF11	17	7438273	-0.315258
EIF4A1	17	7572706	0.270805
RPL26	17	8377520	0.02804
SNHG16	17	76557766	-0.474405
COX11	17	54951902	0.063266
STXBP4	17	54968727	1.102089
TMEM100	17	55719627	0.315137
MFAP4	17	19383442	-0.282204
MAPK7	17	19377721	-2.298664
NDEL1	17	8413131	-0.953969
SLFN5	17	35243036	-0.511013
GNGT2	17	49202791	-1.824494
PHB	17	49404049	1.293177
SAMD14	17	50110040	-3.321115
SP2	17	47896150	-2.130881
CRK	17	1420689	3.218051
CDK12	17	39461511	0.995545
TEPSIN	17	81228277	-1.697351
FN3K	17	82735575	1.181819
SMG8	17	59209400	-0.666424
SGK494	17	28607964	-0.725852
DHRS13	17	28897781	2.271636
TP53I13	17	29566052	-3.19909
NXN	17	799313	-0.141538
FAM57A	17	732412	-1.826115
GLOD4	17	757097	1.345029
SLC43A2	17	1569267	0.869865
RILP	17	1646145	-0.871235
WDR81	17	1716523	1.038821
SRR	17	2303383	7.190875
TRPV3	17	3510502	1.885056
MIS12	17	5486285	1.624337
CD300A	17	74466416	0.063225
HID1	17	74950743	0.788858
TMEM88	17	7855065	-0.394938
SRP68	17	76038775	1.008108
MGAT5B	17	76868456	1.050355
DNAJC7	17	41976433	5.105073
TMUB2	17	44186970	2.619591
STAT3	17	42313324	-1.173377
AXIN2	17	65528563	0.630631
ABHD15	17	29560547	-3.19909
LGALS9	17	27629798	2.516819
LRRC45	17	82023302	1.077503
STRA13	17	82018702	1.58092
FASN	17	82078333	-0.029681
DUS1L	17	82057506	2.026747
GPS1	17	82050691	-0.310528
RFNG	17	82047902	-3.620653
NLGN2	17	7404874	-4.040386
CNTROB	17	7932101	2.162412
TRAPPC1	17	7930345	-1.951062
CCDC144A	17	16689537	-1.693701
ADPRM	17	10697594	0.232718
ELP5	17	7251416	0.948883
GABARAP	17	7240014	-1.006151
ADORA2B	17	15944917	0.200044
TTLL6	17	48762235	-1.755617
TANC2	17	63009556	-3.427353
GAA	17	80101556	0.956357
CANT1	17	78991717	0.99048
BPTF	17	67825524	0.127755
MRM3	17	782273	0.488218
DRC3	17	17972813	1.461581
SLFN12	17	35411060	-0.37504
TEFM	17	30897336	-0.657347
COPRS	17	31851864	3.037016
SLFN11	17	35350305	-0.521405
FADS6	17	74877299	1.341241
RPL38	17	74203582	-0.250313
DCAKD	17	45023340	-0.687052
FAM222B	17	28755978	-0.842385
WFIKKN2	17	50834650	-0.280436
STAT5B	17	42199168	3.853199
JUP	17	41754604	3.973489
HAP1	17	41717742	0.317181
RNF213	17	80260866	-0.345351
KCNH6	17	63523334	2.452883
PHOSPHO1	17	49223362	5.202894
C1QTNF1	17	79022814	-0.197715
PRPF8	17	1650629	0.625673
PITPNA	17	1517718	2.834839
LRRC75A-AS1	17	16438822	-0.023992
YPEL2	17	59331689	2.070641
PPM1E	17	58755869	2.137221
TOM1L2	17	17843511	-1.063903
B3GNTL1	17	82942155	-1.105152
CTDNEP1	17	7243591	-1.244884
ETV4	17	43527844	0.078249
ARL4D	17	43398959	-1.83203
UBE2O	17	76389451	0.795621
CHMP6	17	80991598	-0.123801
CCDC57	17	82101460	0.537962
SPHK1	17	76376584	-0.139411
CRLF3	17	30769388	1.878513
MYO1D	17	32492522	-1.548165
CDK5R1	17	32486619	0.095911
LRRC37A3	17	64854312	-1.769791
SHMT1	17	18327860	0.227514
SMCR8	17	18315310	1.299166
TOP3A	17	18271428	0.171815
TIMM22	17	997117	2.411873
HIC1	17	2054154	-6.215311
MIEF2	17	18260534	-1.120019
TMEM94	17	75441159	-0.102557
GRB2	17	75318076	-0.545867
TMEM11	17	21197280	0.622253
KLHL11	17	41853545	0.443319
SUZ12	17	31937018	-0.891878
EFCAB13	17	47323290	4.981837
PFAS	17	8247618	-0.698095
C17orf62	17	82442589	-0.68696
LINC00324	17	8220642	-0.021178
TMEM107	17	8173237	-1.208879
PER1	17	8140472	-0.218769
MEIS3P1	17	15786618	-0.187743
WSCD1	17	5772234	-2.111413
GEMIN4	17	744414	0.425373
PLD6	17	17200995	-0.237273
CDC42EP4	17	73283624	-1.224034
AC025335.1	17	7913324	0.611801
SSTR2	17	73165012	-0.55112
SLC47A2	17	19678288	0.180447
ZFP3	17	5078248	0.899284
RPH3AL	17	212389	-1.634111
SLC26A11	17	80219699	1.930302
POLR2A	17	7484366	0.202961
LRRC75A	17	16441577	-1.377077
OGFOD3	17	82389223	0.897635
AATK	17	81117295	0.780154
RNF135	17	30968785	-0.944249
SGSH	17	80206716	-0.905094
SLC2A4	17	7281667	-1.894852
CLDN7	17	7259903	3.94763
TSEN54	17	75516060	0.204448
CYB5D1	17	7857746	-1.315491
NPLOC4	17	81556887	-0.754502
KPNA2	17	68035519	-1.075981
MXRA7	17	76672551	0.183017
NXPH3	17	49575858	3.332774
TSPAN10	17	81637171	1.691498
SKA2	17	59109951	3.72684
GJC1	17	44798448	1.485379
PYCR1	17	81932384	-2.796275
NAA38	17	7856685	1.866864
ALYREF	17	81887844	0.754502
FAM101B	17	439978	-2.001642
SOCS3	17	78356778	0.611915
C17orf74	17	7425615	-1.058737
KRBA2	17	8368637	-0.896707
SEPT9	17	77280569	2.853884
FMNL1	17	45221444	0.375738
UBALD2	17	76265202	1.006972
CCDC137	17	81666364	-1.327867
HGS	17	81683326	1.340463
RAD51D	17	35092208	1.476869
PDE6G	17	81650459	-1.340463
TLCD2	17	1702790	-2.407226
P4HB	17	81843159	-2.406348
ANKFY1	17	4163907	-0.453293
ARL17A	17	46516702	-1.366743
EVI2B	17	31303766	1.068061
RTN4RL1	17	1934677	-0.787006
CD300E	17	74609887	-0.195061
MIR22HG	17	1711493	-0.364203
C17orf58	17	67991101	-1.293739
HEXIM1	17	45148502	-2.153929
MAPT	17	45894382	2.505385
SIRT7	17	81911939	0.183003
ZNF286A	17	15699577	-0.234474
C17orf97	17	410327	-2.838383
TRPV2	17	16415542	0.88049
DNAH17	17	78423697	0.652804
TMEM220	17	10699015	-0.817785
TMEM256-PLSCR3	17	7389727	-0.519206
FAM83G	17	18968789	2.231123
SUMO2	17	75165586	0.605185
FBF1	17	75909574	-0.451746
MSL1	17	40122298	0.891482
RNFT1	17	59952240	0.883164
HN1	17	75135248	-0.605185
USP32P3	17	20415547	-1.353363
KIF19	17	74326210	-0.229588
INCA1	17	4988130	-0.842717
MYO18A	17	29071124	0.148174
BORCS6	17	8188333	1.3444
AMZ2	17	68247574	-0.755658
NF1	17	31094927	-1.872927
RAMP2-AS1	17	42753914	-2.223527
C17orf102	17	34574123	-0.011005
SHPK	17	3608262	-0.453293
MYO1C	17	1464098	-4.156556
HELZ	17	67070438	-1.835752
MYL4	17	47200446	0.501403
ZNF652	17	49289206	7.204077
ZNF830	17	34961530	1.812795
ARHGEF15	17	8310241	-0.214172
RUNDC1	17	42980565	-2.895063
KIAA0753	17	6578148	0.966294
OXLD1	17	81665036	-0.597751
TNRC6C-AS1	17	78107398	-1.130889
SMIM5	17	75633434	-0.133945
KRT40	17	40977716	-1.353543
CCDC144NL	17	20836447	1.418498
AC005863.1	17	14767583	-0.471489
C17orf51	17	21524790	1.270859
SUPT4H1	17	58345175	0.666424
KRT222	17	40654665	0.753321
ARL16	17	81681174	1.298537
AMZ2P1	17	64966550	-0.090432
KANSL1-AS1	17	46193576	4.185448
LRRC37A4P	17	45506741	4.221473
AC005562.1	17	30576464	-0.275798
ZSWIM7	17	15976560	1.215625
NEURL4	17	7315628	-0.412487
GCGR	17	81804132	-2.174849
RP13-104F24.2	17	64749663	-0.420404
RNASEK	17	7012417	-0.791859
VAMP2	17	8159149	0.300849
TRIM16	17	15627960	-0.471489
TIAF1	17	29073521	0.015969
AC002117.1	17	45150400	-0.369235
C17orf89	17	81239239	-0.834246
BAIAP2-AS1	17	81029130	1.58092
SMCR5	17	17776686	-0.864229
SPAG5-AS1	17	28598790	0.355171
TOB1-AS1	17	50866679	0.355363
NOS2P3	17	20436337	0.328873
FAM215B	17	46558830	-1.440385
LYRM9	17	27878314	0.725179
AC113189.5	17	7581964	0.898289
USP32P2	17	18511262	0.308333
SOX9-AS1	17	72034107	2.114585
PITPNA-AS1	17	1516931	0.283277
LINC01563	17	21075556	0.507753
LINC00674	17	68101908	0.421037
NME1	17	51153536	-0.378354
TNFSF12	17	7548891	1.575256
CDRT4	17	15436015	1.770119
FOXO3B	17	18670946	0.828721
TMEM199	17	28357581	-1.86893
MGC16275	17	74209980	0.897589
RP11-700H6.1	17	50934989	-5.342176
ZNF286B	17	18658429	0.360205
CDK3	17	76000906	0.419835
TBC1D26	17	15699692	-0.808798
LINC01152	17	72030291	-0.968334
POLG2	17	64477785	-1.586581
C17orf100	17	6651718	-0.966294
TEN1	17	75979220	0.527154
C17orf49	17	7014495	-0.160728
RP11-192H23.4	17	28455752	0.355171
CEP95	17	64506588	-0.648827
TVP23C-CDRT4	17	15436021	-1.770119
ITGB3	17	47253846	2.371824
RP13-516M14.1	17	82293716	-2.768863
RP5-882C2.2	17	44221401	-2.426082
RP11-318A15.2	17	76671942	0.212114
TEN1-CDK3	17	75979231	-0.10777
RP11-515E23.1	17	55448433	0.267752
RP11-333E1.1	17	5192084	0.736018
AC144831.1	17	83104255	0.757694
RP11-542C16.2	17	7312661	0.04121
CTC-281F24.1	17	6653464	2.689881
RP13-1032I1.7	17	81701324	1.340463
RP11-589P10.5	17	6994642	-0.370565
RP11-199F11.2	17	7685260	0.313909
RP11-235E17.2	17	3585149	-0.920432
RP13-1032I1.10	17	81703371	-1.017147
OVCA2	17	2041936	-0.145615
MRPL12	17	81703357	0.681745
RP11-1055B8.4	17	81388126	-1.181928
RP11-104H15.7	17	7420103	-1.117909
RP11-1260E13.1	17	321392	0.112142
ALOX12P2	17	6853861	-0.740007
RP11-166P13.3	17	57078298	-0.185057
RPS7P1	17	28467822	-0.023648
RP5-890E16.2	17	48045141	-3.374309
RP11-707O23.5	17	45600869	1.190415
AK4P1	17	31345521	-1.20271
CTC-304I17.5	17	34155566	0.665434
RP11-927P21.5	17	64761912	0.860763
RP11-498C9.15	17	81878425	-0.239597
RP11-849F2.7	17	8368638	-0.896707
LINC00672	17	38925168	2.502553
SNORD3A	17	19188016	0.103829
RP5-1028K7.3	17	40628797	-0.21292
RP11-159D12.2	17	57989039	1.617206
MAGOH2P	17	10716002	1.218575
DYNLL2	17	58083415	-1.720709
SUZ12P1	17	30709299	-0.098104
RP11-192H23.8	17	28601827	0.355171
RP11-186B7.4	17	7572826	-1.738655
RP11-815I9.4	17	18667629	-0.828721
TSPOAP1-AS1	17	58325450	-3.869466
RP11-135L13.4	17	19334308	0.66459
RP11-192H23.6	17	28607963	-2.419512
RP11-138I1.4	17	16382152	-1.891897
CTD-2145A24.5	17	18809956	0.912829
RARA-AS1	17	40340867	1.287685
MAFG-AS1	17	81927829	-0.177135
RP11-159D12.5	17	57989038	3.788224
NARF-IT1	17	82482098	1.465433
RP11-219A15.1	17	16690261	-0.140481
FAM106CP	17	16788901	-0.163759
RP11-258F1.1	17	18172625	-0.224364
RP11-214O1.2	17	14303854	1.285191
MYO15B	17	75588058	2.923599
RP11-466A19.1	17	32495536	-1.533652
TBC1D29	17	30557112	1.37664
SH3GL1P1	17	32039974	-0.611164
RP11-799D4.4	17	35231450	0.345069
RP11-400F19.6	17	42552436	3.295947
AARSD1	17	42950526	-2.815937
RP11-242D8.1	17	43148368	1.96352
RP11-120M18.2	17	68413623	-2.248105
PTGES3L	17	42968088	2.844933
CTD-2246P4.1	17	76799044	-0.282356
ASB16-AS1	17	44175973	-0.2245
CTD-2357A8.3	17	78617389	-0.750078
RP11-449J21.5	17	76140556	-0.040841
RP11-1072C15.4	17	44673689	1.493106
RP1-193H18.2	17	69551358	1.385758
ZNF385C	17	42038232	-3.380373
CTD-2319I12.4	17	60126535	-2.7336
RP11-1094M14.11	17	35568120	0.64655
RP11-552F3.12	17	75898645	-0.731028
RP11-13K12.1	17	77546940	0.02771
RP11-666A8.7	17	76549951	0.685064
RP11-13K12.2	17	77526998	-0.642501
RP11-147L13.8	17	68189884	1.048616
RP11-565F19.2	17	9553323	0.515902
RP11-104H15.10	17	7439506	0.507131
CTD-2303H24.2	17	18511221	-0.008321
CTC-281F24.3	17	6657034	0.966294
NATD1	17	21238870	2.01124
RP11-104O19.4	17	4267691	-0.190851
RP13-1032I1.11	17	81697025	-0.014755
FLJ36000	17	22406019	0.670564
AC142472.6	17	45146730	-3.446206
CTD-2047H16.5	17	80333841	-0.177736
RP11-74E22.8	17	2720801	0.969003
CTD-2095E4.5	17	32127595	0.582487
RP11-506H21.5	17	58202352	-0.114949
RP11-147L13.11	17	68126666	-1.218691
RP11-458J1.1	17	40648300	-0.843246
RP11-257O5.2	17	54956760	0.063266
RP11-159D12.6	17	58006674	1.85025
RP11-159D12.8	17	58095672	1.720709
RP11-334C17.3	17	80147250	-0.158377
RP11-426D19.1	17	57277920	0.0346
CTD-3014M21.1	17	43360041	-0.109565
CTC-304I17.6	17	33827728	-1.033686
MAPT-IT1	17	45895783	-2.537872
RP11-1055B8.1	17	81395609	1.181928
RP13-20L14.10	17	82462601	0.655631
RP11-893F2.18	17	50362967	-1.952492
RP11-1099M24.6	17	7858943	-1.866864
CTD-2349P21.3	17	30738182	0.937493
RP5-906A24.1	17	39165073	0.783522
RP11-1228E12.1	17	64099	-1.192418
CTD-2561B21.8	17	81003335	-3.074571
CTC-281F24.5	17	6636780	-1.138161
RALBP1	18	9475009	1.52726
RAB27B	18	54717860	-1.64767
DSG2	18	31498043	0.68778
NEDD4L	18	58044367	0.70505
LAMA3	18	23689443	1.2702
FECH	18	57548283	-0.04875
ZNF532	18	58862600	1.38657
LMAN1	18	59327823	3.42158
TIMM21	18	74148511	-0.4109
MOCOS	18	36187519	-0.85602
PIK3C3	18	41955206	0.67977
CLUL1	18	596988	-0.32447
PHLPP1	18	62715450	1.41565
ME2	18	50879049	-0.11796
SEH1L	18	12947133	2.71319
ARHGAP28	18	6729718	-4.73429
WDR7	18	56651343	0.07274
ZNF516	18	76358190	-0.12916
CDH20	18	61333582	0.81175
ADNP2	18	80109031	-0.2594
USP14	18	158383	1.75951
VAPA	18	9914002	-0.03053
METTL4	18	2537525	1.16395
LPIN2	18	2916994	1.53764
SMCHD1	18	2655738	-2.91678
MYOM1	18	3066807	-1.37835
MYL12A	18	3247481	2.82903
CEP192	18	12991362	-0.27824
RNMT	18	13726660	1.31427
SMAD7	18	48919853	-2.11973
POLI	18	54269404	-1.0908
RBBP8	18	22798261	-0.40557
RIOK3	18	23452823	-1.89376
B4GALT6	18	31622247	-0.50125
MYL12B	18	3261909	1.32202
KDSR	18	63327726	0.95551
ONECUT2	18	57435685	-0.75265
TWSG1	18	9334767	1.52726
ZNF236	18	76822607	1.74349
NFATC1	18	79395856	-0.66657
ENOSF1	18	670324	1.37753
LINC00470	18	1254383	0.39327
MRO	18	50795120	0.94557
NAPG	18	10525905	-0.4929
RAX	18	59267035	0.69781
TMEM241	18	23197144	-2.826
KCTD1	18	26454910	0.22315
DSC2	18	31058840	0.05008
RNF138	18	32091855	0.32779
ELP2	18	36129444	-1.3222
DTNA	18	34493290	-1.1278
FHOD3	18	36297714	-2.41531
TPGS2	18	36777647	1.92917
SS18	18	26016253	0.91507
TAF4B	18	26225936	0.437
AFG3L2	18	12328944	-0.97153
PRELID3A	18	12407896	-1.75271
IMPA2	18	11981025	0.4574
GNAL	18	11688956	1.26246
SLC39A6	18	36108532	-0.36442
RPRD1A	18	35984387	0.44286
C18orf21	18	35972083	-2.25417
GALNT1	18	35581117	-1.2926
ASXL3	18	33578577	1.6611
GAREM1	18	32124877	-0.21704
ESCO1	18	21529281	-1.02807
OSBPL1A	18	24162044	1.71532
C18orf8	18	23503470	-0.56308
NPC1	18	23506184	-2.09345
RNF165	18	46326809	-1.21193
DYM	18	49041474	-1.45976
MAPK4	18	50560078	1.39827
ELAC1	18	50967991	-0.63511
SMAD4	18	51028394	-0.68934
TNFRSF11A	18	62325287	1.37813
CBLN2	18	72536680	-1.39424
PMAIP1	18	59899948	-0.57942
TXNL4A	18	79970811	1.87178
CCDC102B	18	68715209	0.23766
CD226	18	69831158	-0.7117
SETBP1	18	44680173	-0.79802
PSTPIP2	18	45983536	-0.21162
ATP5A1	18	46080248	0.30392
HAUS1	18	46104332	0.08524
C18orf25	18	46173553	0.88624
TRAPPC8	18	31829173	0.71985
CABYR	18	24138956	1.24356
IMPACT	18	24426616	-1.52399
CHST9	18	26906481	0.1836
L3MBTL4	18	5954706	0.11675
PPP4R1	18	9546791	-1.37977
APCDD1	18	10454628	-0.9875
PIEZO2	18	10666483	-0.70047
MPPE1	18	11882622	0.34471
ABHD3	18	21650897	-3.06891
CYB5A	18	74250847	1.67399
ATP9B	18	79069285	-0.05628
CCDC68	18	54901509	-1.06714
SEC11C	18	59139477	0.16963
CPLX4	18	59275156	2.02621
GALR1	18	77250549	-0.68361
MC4R	18	60371110	1.61304
MAPRE2	18	34976928	-1.9179
KATNAL2	18	46917492	-1.25294
MYO5B	18	49822813	-0.59127
ACAA2	18	49782167	-1.31069
TTC39C	18	23992773	-0.69424
RAB31	18	9708165	-0.11185
MTCL1	18	8705661	-2.17672
CDH2	18	27950966	-0.17177
DLGAP1	18	3496032	2.04939
AQP4	18	26852038	-0.33918
CFAP53	18	50227193	0.80405
PTPRM	18	7566782	0.4445
PTPN2	18	12785478	0.15085
SMAD2	18	47808957	-0.41481
TUBB6	18	12307669	-0.95341
YES1	18	721588	-3.28422
MEX3C	18	51174550	-0.00211
TYMS	18	657604	0.25385
TYMSOS	18	641320	0.25385
FAM210A	18	13663347	-1.22841
DLGAP1-AS1	18	3593732	0.39572
TGIF1	18	3411608	-0.2621
ST8SIA3	18	57350813	0.01601
C18orf32	18	49477250	1.39945
NDUFV2	18	9102630	-1.18607
TSHZ1	18	75210755	-1.24423
ZADH2	18	75195108	-0.61069
ZBTB7C	18	48026673	-0.80697
ANKRD20A5P	18	14179097	-0.4533
ZNF396	18	35366697	-1.72626
ZSCAN30	18	35251058	1.22407
DCC	18	52340172	0.87617
FAM69C	18	74434099	-2.82347
TCF4	18	55222198	1.48321
PIGN	18	62043567	-0.18887
MBP	18	76978827	0.58429
ZNF521	18	25061926	1.81223
ALPK2	18	58481247	0.68506
DOK6	18	69401055	0.81353
RAB12	18	8609445	-1.30182
RPL17-C18orf32	18	49481681	-1.39945
SKOR2	18	47206322	-1.49511
HNRNPA1P7	18	32412214	-0.0856
AKAIN1	18	5145285	-0.04721
SALL3	18	78980275	-1.17314
RP11-549B18.1	18	31685655	-1.10704
AQP4-AS1	18	26655742	-0.09252
RP11-795F19.1	18	80046900	0.06769
DLGAP1-AS2	18	3603000	0.39572
LINC00667	18	5237826	0.30827
RP11-676J15.1	18	72868388	-0.88473
LINC00909	18	74591774	-2.24441
LINC00526	18	5236724	-0.7552
RP11-454P7.3	18	15196999	-0.4533
RP11-789C17.1	18	8402847	0.35497
RP11-799B12.4	18	24159509	0.83105
CYP4F35P	18	14337423	0.78696
GACAT2	18	8695856	-0.76287
CBX3P2	18	2652170	-0.65706
RP11-806L2.2	18	650229	-0.32447
RP11-886H22.1	18	49795793	-2.44046
WDR7-OT1	18	57027832	1.157
RP11-49K24.6	18	47134656	0.79436
AC139100.3	18	80183680	2.98758
PARD6G-AS1	18	80147924	2.50444
SNHG22	18	49814023	-1.23168
LINC01415	18	55776727	-3.26506
RP11-635N19.1	18	63367328	0.03065
RP11-95O2.1	18	37234119	0.62145
RP11-95O2.5	18	37243776	1.83806
RP11-35G9.5	18	57639455	-0.13642
RP11-158H5.7	18	35280867	-1.42309
RP13-270P17.3	18	3246401	-0.53552
RP11-888D10.4	18	9259388	1.05654
RP11-158H5.8	18	35268218	-1.72626
RP11-687F6.5	18	46786699	-0.87565
C18orf65	18	76495521	0.69269
RP11-210K20.5	18	31895745	-0.41664
RP11-9E17.1	18	26542971	-0.50064
RP11-714M23.2	18	57427133	1.13576
RP11-681B3.4	18	14225224	-0.13402
RP11-793J2.1	18	63966406	0.02176
HSPB6	19	35754568	-1.08892
ARHGAP33	19	35774532	0.42216
UPF1	19	18831938	-0.62027
MARK4	19	45079288	1.28901
CCDC124	19	17933016	-0.89251
MATK	19	3777970	0.36817
MPND	19	4343527	0.52931
GIPR	19	45668244	-0.71232
FUZ	19	49806869	0.27578
APBA3	19	3750819	0.673
AKAP8L	19	15380048	1.34814
PTBP1	19	797075	5.76393
DPF1	19	38211006	1.00818
QPCTL	19	45692483	-0.53403
PPP5C	19	46346994	-0.70276
TYROBP	19	35904401	0.13799
ERCC1	19	45407333	0.97094
ZNF582	19	56375846	-1.83053
EHD2	19	47713343	1.34748
RANBP3	19	5916139	0.48612
PNPLA6	19	7534004	0.94568
MRI1	19	13764532	0.85542
PNKP	19	49859882	-0.40668
USE1	19	17215346	2.9306
ZNF112	19	44326555	0.83182
POLD1	19	50384204	-0.21039
SLC6A16	19	49289638	1.90795
GLTSCR1	19	47608196	0.5919
RPL18	19	48615328	-0.87469
U2AF2	19	55654146	1.40806
EPN1	19	55675226	-1.40806
MED29	19	39391303	2.08352
BORCS8-MEF2B	19	19145567	1.56987
LPAR2	19	19623668	-0.50657
SUGP2	19	18990888	2.01453
ABCA7	19	1040101	-0.32138
AP3D1	19	2100988	-0.82158
TLE2	19	2997638	0.64228
PDE4A	19	10416773	3.04816
BCL3	19	44747705	2.53679
FSTL3	19	676365	-0.0148
RNF126	19	647526	3.17129
PVR	19	44643798	0.14041
NOTCH3	19	15159038	-0.80493
GPATCH1	19	33080880	3.81343
CAMSAP3	19	7595902	1.18552
ARHGEF1	19	41883161	-0.31376
STXBP2	19	7636881	1.81401
MAP2K7	19	7903843	-0.8309
SNRPA	19	40750637	0.00471
SIRT6	19	4174109	-1.02892
REXO1	19	1815246	-0.13104
CIC	19	42268537	0.19544
LIPE	19	42401507	2.45336
PAFAH1B3	19	42297033	2.00166
DNM2	19	10718079	-1.7409
PTPRH	19	55181248	0.78771
RDH8	19	10013249	-0.0147
SLC27A5	19	58479512	-2.23544
ZNF671	19	57719751	1.6374
ZNF416	19	57571566	1.63968
ZNF586	19	57769655	1.13444
ZNF446	19	58474017	1.64017
ZNF264	19	57191500	0.40416
RPS5	19	58386400	-2.85282
CHERP	19	16517889	4.51409
PPP1R15A	19	48872392	-0.64053
RFX2	19	5993164	0.72226
CNOT3	19	54137728	-0.37131
GP6	19	55013705	0.37511
FXYD5	19	35154730	0.91503
GMIP	19	19629476	2.06436
ANKRD24	19	4183354	-0.81518
LTBP4	19	40592883	2.0718
ICAM1	19	10270835	4.0913
STRN4	19	46719507	1.00612
FLT3LG	19	49474207	1.77629
PLEKHG2	19	39412585	-3.31188
NAT14	19	55485004	-0.81912
DHPS	19	12675717	1.57487
HOOK2	19	12763003	-1.60977
SMIM24	19	3473986	-2.11035
MAST3	19	18097793	1.54941
MZF1	19	58561931	-0.73479
OCEL1	19	17226204	1.22997
CATSPERG	19	38335775	0.00321
CIRBP	19	1259384	-1.00298
ATP5D	19	1241746	-0.90019
MARCH2	19	8413270	-0.29357
NDUFB7	19	14566078	-0.91275
TECR	19	14517085	-1.11428
CDC34	19	531712	1.48123
POLR2E	19	1086579	-0.22393
HCN2	19	589893	-1.29327
IZUMO4	19	2096429	1.32293
GADD45B	19	2476122	-0.71859
PALM	19	708939	-0.53962
MKNK2	19	2037465	-2.35768
ACP5	19	11574660	-1.46121
KCNN4	19	43766533	1.44538
NUCB1	19	48900050	-0.95514
MAP4K1	19	38587641	-0.79996
HNRNPL	19	38836388	-0.61049
SNRNP70	19	49085419	1.21659
CLPTM1	19	44954585	-0.44015
CLASRP	19	45039040	2.945
PIH1D1	19	49446298	0.36954
PEX11G	19	7476875	-0.30845
ERCC2	19	45349837	0.80226
DOT1L	19	2164149	-0.81857
SLC17A7	19	49429401	2.61856
RNASEH2A	19	12806580	-2.46408
CD37	19	49335171	0.13732
SF3A2	19	2236504	-0.8411
AMH	19	2249309	-0.8411
OAZ1	19	2269509	-1.06881
TRMT1	19	13104902	0.21806
DMPK	19	45769717	-3.09775
TBC1D17	19	49877425	0.40551
CCDC130	19	13731760	-0.85542
PTOV1	19	49850735	0.96224
AES	19	3052910	-1.2917
NOVA2	19	45933734	-0.16553
SGTA	19	2754714	2.24422
SNAPC2	19	7920316	1.00223
C19orf53	19	13774168	-1.17106
TIMM44	19	7926718	-0.74137
FAM32A	19	16185380	-0.85291
C19orf44	19	16496311	2.27752
MED26	19	16574907	-0.24782
AKAP8	19	15353385	-2.83583
SLC1A6	19	14950034	2.58853
URI1	19	29923644	-1.34799
RPS16	19	39433207	1.92343
TIMM50	19	39480412	0.85731
DYRK1B	19	39825350	-0.22663
CNTD2	19	40222208	-1.33684
PRX	19	40393768	0.27456
SHD	19	4278601	1.6367
TBCB	19	36114289	-1.81382
ZFR2	19	3804024	0.31101
SLC1A5	19	46774883	2.15201
PRKD2	19	46674275	-0.94759
APLP1	19	35867899	-1.32295
CCDC9	19	47255980	-2.50701
HNRNPUL1	19	41262496	0.3231
FZR1	19	3506273	-1.04791
TGFB1	19	41301587	1.3942
PLIN3	19	4838341	-1.14996
MYH14	19	50188186	-0.35404
MRPL4	19	10251901	2.53296
SIGLEC8	19	51450847	0.72323
CRX	19	47819779	-0.11417
BABAM1	19	17267350	-1.67135
TYK2	19	10350529	-3.45958
CDC37	19	10391134	1.29136
NAPA	19	47487637	-1.34191
RABAC1	19	41956681	-0.9848
ATP1A3	19	41966582	1.96882
MEIS3	19	47403124	0.38461
PTPRS	19	5158495	-1.0752
MEGF8	19	42325609	1.2065
CYTH2	19	48469032	-0.03498
CCDC114	19	48296457	-0.18247
CARD8	19	48180770	-0.07197
LIG1	19	48115445	0.39704
ZNF175	19	51571298	-0.79021
PLA2G4C	19	48047843	-0.42928
DBP	19	48630030	-1.01104
CAPS	19	5911707	-1.20443
PLPPR2	19	11355386	1.58742
MIER2	19	301444	-0.08537
PLEKHA4	19	48837097	-1.27536
GCDH	19	12891026	1.03943
DNASE2	19	12875211	-0.62972
MAST1	19	12833951	-2.46408
PRPF31	19	54115410	0.67806
JAK3	19	17824780	-1.62201
RAB3A	19	18196784	1.10753
ISYNA1	19	18434388	0.78372
ELL	19	18442663	-2.17458
DDX49	19	18919675	2.35748
TMEM147	19	35545595	-0.54304
TMEM59L	19	18607430	-0.31315
HAMP	19	35280716	0.66512
FKBP8	19	18531751	1.86224
SUGP1	19	19276018	-1.31129
HPN	19	35040506	1.93866
ZNF14	19	19710471	-1.30827
SCN1B	19	35030684	1.0804
ATP13A1	19	19645198	0.69883
GRIK5	19	41998321	-0.22325
ZNF85	19	20923222	-0.59613
ETHE1	19	43506719	-0.32999
CADM4	19	43622368	-1.12028
RPL28	19	55385345	2.73631
REEP6	19	1490747	-1.61619
PCSK4	19	1481428	-0.98297
NDUFS7	19	1383527	2.01457
ARID3A	19	925781	-0.14878
KPTN	19	47475144	-0.69637
ZNF430	19	21020620	1.2989
C19orf25	19	1461143	-0.34148
CEP89	19	32875925	0.73405
TSHZ3	19	31274945	1.2722
DDX39A	19	14408819	-0.59461
PKN1	19	14433053	0.15726
C19orf43	19	12730640	-0.45075
ADGRE5	19	14380501	-2.76814
GIPC1	19	14477760	-0.76176
B9D2	19	41354421	-1.32892
ADCK4	19	40691529	-1.68245
ZNF137P	19	52588505	-1.48344
CHST8	19	33621955	-0.5651
ZNF45	19	43912629	-1.04955
SLC25A23	19	6436079	-0.67178
PSPN	19	6375148	0.17713
GTF2F1	19	6379569	-1.26908
ALKBH7	19	6372433	1.26908
C3	19	6677704	0.38274
TRIP10	19	6737925	-1.72912
GPR108	19	6729914	-0.01327
OPA3	19	45527427	1.64935
EML2	19	45606994	-2.42383
VASP	19	45506579	-2.55968
SYMPK	19	45815410	-1.44907
IGFLR1	19	35738801	0.22069
PDCD2L	19	34404384	0.47224
RBM42	19	35629030	-1.17089
IRF3	19	49659569	0.00078
PRMT1	19	49675786	-0.00078
RRAS	19	49635292	1.08699
PRR12	19	49591643	2.22777
PRKCG	19	53879190	-0.1885
ABHD8	19	17292131	-0.39064
PIN1	19	9835257	2.62071
FBXL12	19	9810267	0.8359
ADGRE2	19	14732393	-1.69762
SIN3B	19	16829400	-4.32736
SLC35E1	19	16549831	-1.41965
EPS15L1	19	16355239	-1.04803
KLF2	19	16324817	-3.26267
UQCR11	19	1597172	0.62659
SMARCA4	19	10961001	-0.32159
KDM4B	19	4969113	-0.3303
ZNF780B	19	40028260	1.35006
LRFN1	19	39306568	-0.24135
ZFP36	19	39406813	-0.74398
KRI1	19	10553078	-2.40645
CDKN2D	19	10566462	0.20994
KLK10	19	51012739	-1.91932
KLF16	19	1852399	1.06127
DOHH	19	3490821	1.44627
SHC2	19	416583	0.85635
ABHD17A	19	1876810	-1.04399
DOCK6	19	11199295	2.70669
LDLR	19	11089362	3.45958
ELOF1	19	11551147	-0.83371
PRKCSH	19	11435288	1.42153
APOE	19	44905754	-0.77815
TOMM40	19	44890569	-1.10219
FAM98C	19	38403135	0.05416
ATP8B3	19	1782075	0.13104
SLC27A1	19	17468769	-0.58839
DDA1	19	17309518	-0.83359
MRPL34	19	17292609	-1.80285
LSM7	19	2321517	-0.98599
MLLT1	19	6210379	-0.15989
ACTN4	19	38647649	0.77358
FCHO1	19	17747718	2.06474
UNC13A	19	17601328	1.26583
MAP1S	19	17719242	2.06474
GDF15	19	18374731	0.7792
PGPEP1	19	18340587	-0.27743
KIAA1683	19	18257097	0.85213
LSM4	19	18306230	-0.23917
JUND	19	18279760	-0.66669
HRC	19	49151198	0.79893
TRPM4	19	49157741	2.34942
PAK4	19	39125770	-1.66971
UBE2M	19	58555712	0.52452
YIPF2	19	10922185	-0.75694
ATG4D	19	10543895	-0.38764
ZC3H4	19	47064187	-0.02011
NPAS1	19	47019820	0.18606
GMFG	19	39328353	-1.27843
ZNF317	19	9140380	0.40174
PPAN	19	10106289	-0.8086
EIF3G	19	10115017	1.99878
ZNF426	19	9523224	0.30536
ZNF331	19	53520981	-0.361
SLC7A10	19	33208664	2.03751
LRP3	19	33177603	1.05529
ZNF428	19	43607219	0.60837
NAPSA	19	50358477	-0.73281
NAPSB	19	50333796	-0.73281
ZNF304	19	57351307	-0.11305
ZNF132	19	58432814	2.61752
RHPN2	19	32978593	-0.3934
ZSWIM4	19	13795460	0.6854
FBXW9	19	12688053	0.94149
C19orf57	19	13882348	-4.43573
DCAF15	19	13952492	0.55218
CC2D1A	19	13906201	1.60977
PRAM1	19	8490056	-0.52133
ZNF414	19	8509678	0.94737
CSNK1G2	19	1941149	-0.18455
CACNA1A	19	13206442	-1.07273
MIR1199	19	14072536	-0.25329
SLC39A3	19	2732204	0.4232
TPGS1	19	507497	-1.58351
SH3GL1	19	4360370	-1.01491
DUS3L	19	5784832	1.63323
DPP9	19	4675224	2.27536
TMEM91	19	41350911	2.75506
ZFP14	19	36334453	0.38974
SAE1	19	47113274	-1.56149
NTN5	19	48661407	-0.9524
GEMIN7	19	45079195	0.91937
WTIP	19	34481638	-0.23277
ADAMTS10	19	8580242	-0.09851
MYO1F	19	8520790	0.97134
CACNG8	19	53963040	0.14203
ZNF787	19	56087366	-1.47784
SIGLEC10	19	51410021	1.24192
FAM71E1	19	50466785	-1.1111
RPS11	19	49496365	-0.61682
CTU1	19	51097606	-1.43339
NOSIP	19	49555711	-1.56824
RCN3	19	49527618	1.75748
ZNF614	19	52012765	-1.19764
ZNF773	19	57499915	-2.75438
ZSCAN1	19	58034032	-1.44871
KCTD15	19	33795933	-0.10647
LGI4	19	35124513	0.69334
FUT6	19	5830610	0.67178
LYPD5	19	43795929	-1.7303
ZNF230	19	44002948	2.8358
ZNF221	19	43951223	-1.37944
CALM3	19	46601074	-0.4688
ANKLE1	19	17281645	-0.66077
ZNF208	19	21932958	-1.52704
ZNF714	19	21082159	-1.49724
SHKBP1	19	40576851	0.12124
SPTBN4	19	40466241	-0.43548
IER2	19	13150415	-0.2304
ZNF333	19	14689801	-0.57423
MFSD12	19	3538261	-0.38843
ZNF382	19	36604817	1.63163
EMC10	19	50476400	-0.65087
SHANK1	19	50661827	-0.44634
RAVER1	19	10316212	0.07573
ZNF653	19	11483427	-2.80231
KIAA0355	19	34254537	-0.09326
ZNF606	19	57977053	-0.42975
ZNF226	19	44165073	0.32554
ZNF180	19	44474428	-1.05646
TPM4	19	16067021	-3.02355
RAB8A	19	16111629	1.49848
GPX4	19	1103926	1.16269
MIDN	19	1248553	-1.23344
KLHL26	19	18636965	-2.02643
GATAD2A	19	19385826	-0.91779
ZNF610	19	52336245	-0.1214
ZNF528	19	52397849	-1.45261
SERTAD3	19	40440844	0.12104
RAB4B	19	40778216	1.3365
PROSER3	19	35758143	-1.21634
AXL	19	41219203	-0.07682
TMEM145	19	42313325	-0.59304
SPINT2	19	38244035	0.96898
DNAAF3	19	55158661	0.47683
CHAF1A	19	4402662	0.19796
CTB-50L17.10	19	4472287	0.8939
PLIN4	19	4502180	-0.31487
SEMA6B	19	4542593	1.76043
ZNF444	19	56132599	1.24575
HSD11B1L	19	5680604	-0.48407
C19orf48	19	50797704	-2.07404
ZNF83	19	52594060	0.68602
ANGPTL4	19	8363289	1.72838
CD320	19	8302127	-2.36822
ZNF558	19	8806170	-0.06499
CTD-2369P2.10	19	10305427	0.58903
PRDX2	19	12796820	-0.42467
ZNF30	19	34926903	-0.49515
ZNF507	19	32345594	2.90784
CCDC8	19	46410372	1.00779
IRF2BP1	19	45883607	1.10197
ZNF160	19	53066606	-1.05881
ZNF415	19	53107879	-0.21026
FPR1	19	51745172	-2.29474
NRTN	19	5823802	-0.72954
FUT3	19	5842888	-1.71368
ZNF440	19	11814284	2.28764
ZNF581	19	55635459	-0.08833
ZNF524	19	55600022	-0.53995
ZNF562	19	9641808	0.75694
ZNF561	19	9604680	0.92184
ZIK1	19	57578456	-0.39235
NXNL1	19	17455425	0.58839
CYP4F11	19	15912367	-0.61626
ZNF57	19	2900898	1.11946
ZNF554	19	2819874	-0.37346
THOP1	19	2785460	-0.28475
BSG	19	571277	0.1523
ZNF738	19	21358930	-0.64794
ZNF417	19	57900296	-0.22172
CCDC106	19	55641062	-1.81757
TDRD12	19	32719753	-0.47498
ZNF791	19	12610918	-0.42347
TTC9B	19	40216058	-0.73361
ZNF497	19	58354357	-0.39235
ZNF266	19	9412598	1.82621
PCP2	19	7631611	0.47758
NDUFA11	19	5891276	-1.29183
C19orf70	19	5678421	-1.34554
MED16	19	867630	-0.41123
ZNF77	19	2933218	0.84144
ZNF404	19	43872363	2.46165
ZNF135	19	58059239	-1.92933
EID2	19	39538705	2.2496
ZNF575	19	43525497	-1.86773
PHLDB3	19	43474954	2.60404
GNG7	19	2511219	-1.74458
CTD-2368P22.1	19	58002061	-0.80784
LMNB2	19	2427638	-0.36942
MIR7-3HG	19	4769140	-0.8788
C19orf18	19	57958437	-0.40656
GPR4	19	45589764	-2.42383
ZNF491	19	11797667	3.09632
VN1R1	19	57454790	2.23921
ZNF543	19	57320509	-1.22628
ZNF223	19	44051367	0.92018
ZBTB7A	19	4044364	1.43471
FARSA	19	12922479	1.80825
SAMD4B	19	39342396	0.70592
CALR	19	12938578	0.43125
RAD23A	19	12945855	-1.797
MYADM	19	53866223	0.89606
GIPC3	19	3585553	-0.27681
TMEM86B	19	55226639	-0.18064
ZNF816	19	52949379	1.93569
ARHGAP45	19	1065923	1.52329
CTD-3064H18.4	19	37545470	-0.08185
ZNF571	19	37554782	0.18013
ZNF443	19	12429707	-0.78884
ZNF792	19	34956354	-0.50061
ZFP82	19	36383120	0.16835
FKRP	19	46746046	-1.00612
TRAPPC5	19	7680843	0.63636
SLC25A42	19	19063999	0.60309
SLC25A41	19	6426037	-1.06054
SYNE4	19	36003307	-0.6464
ZNF329	19	58126252	-1.03114
PNMAL1	19	46466491	-1.00779
ZNF708	19	21291160	-1.91811
KCNJ14	19	48455509	0.51745
C2CD4C	19	405438	-0.92252
RUVBL2	19	48993448	1.3793
C19orf71	19	3539154	-1.04791
CCDC159	19	11344684	1.96892
MRPL54	19	3762664	-1.62908
ZNF530	19	57599885	0.20899
NR2C2AP	19	19201416	-0.13317
RAB11B	19	8389981	-1.70814
TNFAIP8L1	19	4639518	-2.56084
DMWD	19	45782947	-3.09775
ZNF829	19	36888124	-1.16362
PLK5	19	1524074	0.13659
NDUFA13	19	19515736	-0.33197
ZNF566	19	36445119	-0.05175
AC084219.4	19	44105463	1.83279
ZNF284	19	44072144	-1.04639
ZNF17	19	57411163	-2.37304
ZNF555	19	2841435	1.68989
RGS9BP	19	32675407	-0.35989
CEACAM19	19	44662278	1.18811
VSIG10L	19	51331536	1.44865
VSTM2B	19	29526499	-1.45544
ZNF546	19	39984134	-0.12124
EPOR	19	11377205	3.34564
FPR3	19	51795163	-1.80835
VMAC	19	5904858	-2.10169
SHISA7	19	55428740	-0.38166
RINL	19	38867834	-0.39185
OR7D2	19	9185594	0.49485
NWD1	19	16719976	0.26602
TMEM221	19	17435509	1.08186
ZNF793	19	37506939	-0.82958
ZNF383	19	37217926	-1.33161
BSPH1	19	47968046	-0.69303
ZNF177	19	9363020	-2.04464
ZNF563	19	12317477	0.17536
BLOC1S3	19	45178745	-1.703
ZNF573	19	37735833	-0.79996
ZNF600	19	52764195	-1.85171
ZNF724P	19	23221599	0.35029
ZNF699	19	9294275	-1.11464
ZNF681	19	23739195	1.0394
RYR1	19	38433699	0.87275
SUPT5H	19	39436156	-0.82165
ZNF471	19	56507843	-0.19808
ZNF836	19	52153864	0.28682
ZNF565	19	36182060	-0.06097
LONP1	19	5691834	-0.57818
ZNF781	19	37667751	-0.01928
ZNF765	19	53389793	1.37553
ZNF799	19	12390016	1.23055
ZNF431	19	21142024	2.04616
ZNF418	19	57921884	-0.78699
CTD-2192J16.17	19	12461559	-1.1752
ZFP28	19	56538948	-2.67092
AP2A1	19	49766968	0.60759
ZNF429	19	21496682	0.44789
ZNF470	19	56567511	2.83684
ZNF441	19	11767000	0.80868
ZNF420	19	37007857	0.54296
ZNF763	19	11965037	0.44895
ZNF682	19	19997058	1.21029
ZNF257	19	22052452	-0.90811
ZNF675	19	23525631	1.0394
C5AR1	19	47290023	3.99576
ZNF665	19	53159213	-0.60614
ZNF841	19	52064466	0.95923
ZNF615	19	51991332	-2.19069
ZNF433	19	12014732	0.57199
ZNF780A	19	40069152	1.0774
CTC-301O7.4	19	49331617	1.90795
ZNF181	19	34734155	-1.21112
ZNF44	19	12224686	-0.12199
ZNF677	19	53235381	1.96939
ZNF347	19	53124072	0.35947
ZNF71	19	56595264	0.4545
ZNF121	19	9560353	0.19964
CCDC151	19	11420604	4.06411
ZNF560	19	9466507	0.43538
ZNF667	19	56439325	-0.35178
ZNF607	19	37696363	0.08867
ZNF442	19	12345949	-0.58583
ZNF813	19	53467735	0.18388
ZNF69	19	11887784	1.22062
ZNF583	19	56397966	0.11305
ZNF568	19	36916329	-0.32563
ZNF587	19	57849857	-0.25672
ZNF808	19	52527652	-0.18616
ZNF43	19	21804949	-2.6573
ZNF627	19	11559374	0.19839
ZNF536	19	30228290	-2.0597
ZNF534	19	52429187	-0.03879
ZNF358	19	7515292	-0.68551
ZNF525	19	53330675	0.64711
ZNF814	19	57848731	0.25672
ZNF551	19	57681969	2.00467
ZNF805	19	57240685	0.59761
ZNF468	19	52838008	1.68379
ZNF616	19	52113091	0.5753
ASPDH	19	50511600	-0.95596
PNMAL2	19	46486906	-0.70276
IGFL4	19	46039748	-0.28294
ZNF155	19	43967862	-1.18397
CTC-425O23.2	19	40273489	0.25994
SDHAF1	19	35995199	2.07525
PSENEN	19	35745114	-0.23561
RGL3	19	11384341	0.59832
PRR22	19	5782960	-0.86427
ZNF580	19	55635016	1.40806
ZNF611	19	52702813	-0.75641
SYT3	19	50621307	0.87773
NUP62	19	49906825	-1.1388
ZNF254	19	24033405	-0.68918
QTRT1	19	10701430	-0.06663
ZNF134	19	57614233	-1.94489
ZNF845	19	53333749	1.21185
LIPE-AS1	19	42397128	1.27311
NUDT19	19	32691961	1.99871
CTD-2561J22.2	19	21382865	2.52822
MEF2B	19	19145568	0.61149
SMIM7	19	16630751	0.47565
ZNF788	19	12092263	-0.47057
C19orf38	19	10836575	-0.1839
ZNF579	19	55576770	-0.96726
CTD-2006C1.2	19	11987617	0.44895
LINGO3	19	2289784	-0.76675
C19orf73	19	49118397	0.04655
ZNF880	19	52369917	-0.3439
FXYD7	19	35143250	-0.9934
UBA52	19	18571730	-0.07922
TINCR	19	5558167	-0.39307
CERS1	19	18868545	0.94556
ADM5	19	49688664	-0.02402
APOC4-APOC2	19	44942238	-0.3202
RPSAP58	19	23827162	-0.41762
LINC01529	19	35785697	-1.21634
LINC01534	19	36685440	1.02772
LINC01535	19	37251912	-1.70203
LENG8-AS1	19	54444813	-0.58151
SRRM5	19	43596617	0.11745
C19orf24	19	1275438	0.97554
PPP5D1	19	46480796	0.00646
LINC00665	19	36313067	-1.87515
ZNF529-AS1	19	36573070	1.02772
PINLYP	19	43576800	0.1312
CTD-2666L21.1	19	12195015	-0.47563
TMEM147-AS1	19	35540738	0.01303
ALKBH6	19	36009120	-1.03497
ZNF542P	19	56368099	1.49705
RPS6P25	19	12894133	1.03943
TPM3P9	19	53431984	0.59478
CTC-359D24.3	19	12141806	-1.35945
ZNF702P	19	52968251	1.5078
ZNF585B	19	37181579	-0.2274
CEBPA	19	33299934	0.38645
BCKDHA	19	41397460	-3.48783
ZNF324B	19	58451604	-0.48385
ZNF564	19	12525370	0.2558
YJEFN3	19	19528861	-0.8526
ZNF345	19	36850361	1.80213
ZNF550	19	57535257	-1.0319
ZNF260	19	36510695	0.04091
MPV17L2	19	18193182	-1.54944
BORCS8	19	19176903	-0.3168
CTC-435M10.3	19	41350853	0.83316
ZNF486	19	20167228	-1.99207
CYP2B7P	19	40924219	0.0692
ZNF350	19	51964343	-0.70607
INAFM1	19	47274453	-3.99576
ZNF578	19	52453576	1.02686
ZNF865	19	55605405	0.74755
AC006538.1	19	2727743	-0.28212
AC011525.2	19	31588040	0.17658
CTB-31O20.2	19	1874871	-1.37511
CTC-523E23.1	19	34811589	1.05139
CTC-459F4.1	19	27757184	-0.87604
LINC00662	19	27684580	0.17325
CCER2	19	38908980	-3.33726
ZNF234	19	44141557	1.10926
CTB-171A8.1	19	44632199	-1.86847
CTC-559E9.1	19	19757366	0.58838
ZNF793-AS1	19	37497159	-0.82958
RP11-15A1.7	19	43996896	1.83225
RP11-618P17.4	19	34396315	1.26513
FXYD1	19	35138808	-1.3356
AC084219.2	19	44025354	-0.06133
ZNF850	19	36714383	0.28275
CTD-3162L10.1	19	36304580	-2.361
AC005336.4	19	15910582	-0.42236
RP11-15A1.3	19	43891804	2.33669
ZNF561-AS1	19	9621291	-0.14284
PCAT19	19	41454169	0.61189
AD000671.6	19	35739252	-1.29421
CTB-55O6.12	19	14137179	-2.994
AC010642.1	19	58278966	-2.59663
ZNF790-AS1	19	36797518	1.31041
CTD-2162K18.4	19	36773153	1.94014
CTD-2623N2.11	19	9834079	-0.58784
CEBPA-AS1	19	33302857	0.5738
CTD-2369P2.12	19	10315471	-0.20803
CTB-179K24.3	19	45076510	-1.55177
CTD-2623N2.3	19	9756152	-0.20803
AC005786.7	19	3544199	-1.04791
ZNF582-AS1	19	56393656	-0.74111
ZNF571-AS1	19	37548914	-0.06521
CTC-559E9.5	19	19788755	0.15269
MIR24-2	19	13834516	-0.15274
S1PR2	19	10221435	0.45778
CTC-459F4.3	19	27793463	1.61676
CYP4F24P	19	15760241	1.23452
CTD-3220F14.1	19	37265939	0.77578
CTD-2554C21.2	19	37817359	-0.18222
CTD-2587H24.10	19	55216660	0.51759
AC004156.3	19	663482	-0.66317
FDX2	19	10310045	-1.14624
ZNF224	19	44094339	1.14504
AC009005.2	19	567210	0.57637
EML2-AS1	19	45641494	-0.14041
CTC-523E23.4	19	34788582	0.91465
AC006116.24	19	56376704	1.65805
LIN37	19	35748361	0.68083
NDUFV2P1	19	53223973	-0.6678
AC008746.12	19	54438665	-0.56343
NDUFA7	19	8308768	-0.16934
MZF1-AS1	19	58559129	-2.45987
CTC-444N24.6	19	57267220	-0.85275
CTD-2126E3.4	19	50075123	-0.01647
CTC-429P9.5	19	16639967	-1.08186
CTD-2207O23.12	19	7507052	1.16966
AC007292.6	19	4363789	-0.3992
AC067969.2	19	38535517	0.14985
NAPA-AS1	19	47484282	-0.30627
SMIM17	19	56643145	-0.74219
CTD-3138B18.6	19	58266635	-0.32543
CTD-2331H12.5	19	52861807	1.93569
CTD-2017D11.1	19	24033445	-0.68918
CTC-360J11.4	19	57175233	0.89469
CTC-273B12.7	19	48465837	-1.22958
VN1R83P	19	21289554	-2.52822
A1BG-AS1	19	58347751	0.19666
CTD-2245F17.3	19	53197111	0.55676
CTC-429P9.3	19	16633797	-0.61034
CTD-2619J13.3	19	58362585	-2.15354
FBXO17	19	38941401	0.07994
ZNF350-AS1	19	51949134	-1.64975
ZNF587B	19	57819741	-0.51792
CTB-50E14.5	19	42485076	-0.22325
RAB11B-AS1	19	8374373	0.71693
PLA2G4C-AS1	19	48061371	0.69369
CTD-3131K8.2	19	17488990	-0.49123
CTC-360G5.9	19	38935297	1.23117
ZIM2-AS1	19	56690686	-0.89469
CTD-3099C6.9	19	52650437	0.47763
ZNF528-AS1	19	52388842	0.77129
IPO5P1	19	23255053	1.37177
SPACA6P-AS	19	51685363	-0.24783
ZNF559-ZNF177	19	9324174	2.03244
CTD-2583A14.11	19	57867885	-0.25672
ZNF30-AS1	19	34923299	-0.03772
CTC-523E23.11	19	34849278	0.84072
KMT2B	19	35718019	0.85595
CTC-510F12.7	19	11221083	-1.29771
CTD-2553L13.10	19	34733298	0.47125
AC114271.2	19	10333436	-0.73365
CTC-471J1.11	19	52049007	-1.40362
AC004076.5	19	57449689	-0.4533
CTD-2587H24.14	19	55227219	-0.18064
CTD-3220F14.3	19	37314868	0.56687
LLNLF-187D8.1	19	46424697	-1.82953
RP11-15A1.8	19	43976815	-3.6284
ZNF8	19	58278951	-2.67442
CTC-543D15.8	19	9538733	-1.26922
AC020951.1	19	11856032	0.19792
AC092066.1	19	44664131	1.75651
CTD-2553L13.9	19	34675717	-0.77184
AC003973.3	19	21965708	-0.55142
AC007191.4	19	45714387	0.71969
CTD-2017D11.2	19	24078481	-0.09426
CTD-2621I17.3	19	56149817	0.93508
CTD-2001J20.1	19	30553956	2.3091
CTC-523E23.3	19	34949038	-0.57334
CTD-2013N17.6	19	16356329	1.81649
CTC-459F4.9	19	27802838	0.87604
CTD-3113P16.11	19	248551	0.50718
WASH5P	19	60951	-0.04338
AC092192.1	19	176896	-2.71475
FAM138F	19	76163	0.36966
MIR1302-11	19	71778	1.13942
CTD-2331H12.8	19	52880663	1.93569
CTC-325H20.8	19	9383581	1.26922
AC074141.3	19	51860242	0.36319
CTD-3138B18.4	19	58228914	0.49025
CYP26B1	2	72129238	-0.644165
ALS2	2	201700554	0.575549
CFLAR	2	201116104	-1.619661
NDUFAF7	2	37231631	-0.681604
GCFC2	2	75652000	-0.646026
WDR54	2	74421678	-0.952796
HEATR5B	2	36968383	-2.0987
CEP68	2	65056366	-0.470885
EHD3	2	31234337	1.082933
CLK1	2	200853009	0.697029
MDH1	2	63588609	1.730632
RGPD5	2	109792758	-1.400329
TTC27	2	32628032	-0.925466
SPAST	2	32063611	1.535267
CPS1	2	210477682	-0.061153
NDUFS1	2	206114817	0.267482
VRK2	2	57907651	0.142166
TSSC1	2	3188925	-0.280862
TMSB10	2	84905625	-0.587186
SH3YL1	2	217730	-2.526579
FAM136A	2	70295975	-1.309768
C2orf83	2	227610090	1.029664
RETSAT	2	85342088	-1.887436
CAPG	2	85394748	0.925854
LTBP1	2	32946972	3.035683
PTPRN	2	219289623	0.207277
NOP58	2	202265716	3.077815
PUM2	2	20248691	1.720967
MXD1	2	69897688	-0.707842
GPC1	2	240435671	0.8238
CASP8	2	201233443	-1.330577
CTNNA2	2	79185231	1.011569
NGEF	2	232878686	-2.189805
SP100	2	230415942	0.479445
HDAC4	2	239048168	-0.12107
TTC7A	2	46916157	-0.54066
STON1-GTF2A1L	2	48529925	-1.641798
ERLEC1	2	53787044	3.836839
RPL31	2	101001715	1.939341
MYO3B	2	170178145	0.929334
CYBRD1	2	171522247	-1.301157
PTPN18	2	130356007	0.655889
LIMS2	2	127638381	-1.220488
ASIC4	2	219514170	-0.362323
SPEG	2	219434846	0.696573
CLASP1	2	121337776	-1.862754
BCS1L	2	218658764	-2.709305
ZNF638	2	71276561	6.74641
FOSL2	2	28392448	-3.442151
TMEM131	2	97756333	-4.223752
MCM6	2	135839626	3.114097
MAP2	2	209424058	-2.50239
FAP	2	162170684	0.534324
OSBPL6	2	178194481	0.859896
DDX1	2	15591178	0.455981
RIF1	2	151409883	0.130244
STK17B	2	196133566	-1.802937
LRP2	2	169127109	-2.740555
STRADB	2	201387858	1.33776
BZW1	2	200810594	-1.293895
COBLL1	2	164653624	3.346578
STARD7	2	96184859	4.479556
NCOA1	2	24491914	2.86253
AGBL5	2	27042364	0.776457
EFR3B	2	25042130	-0.7444
KIF3C	2	25926596	-1.200309
HADHA	2	26190635	-1.088859
MAPRE3	2	26970612	0.333599
CAD	2	27217390	-1.020554
WDFY1	2	223855716	3.264048
ATG16L1	2	233210051	2.974356
USP40	2	233475520	1.708648
GMCL1	2	69829642	1.04384
PTPN4	2	119759631	-3.242533
DDX18	2	117814650	0.477346
ITGA6	2	172427354	-2.036271
RAPGEF4	2	172735274	-0.229271
AC013461.1	2	173075435	-0.318853
SLC4A3	2	219627327	0.100628
EEF1B2	2	206159585	0.953023
ADAM23	2	206443539	0.387652
DGUOK	2	73926826	-0.642135
MOB1A	2	74152528	0.567854
LMAN2L	2	96705929	-2.337238
RTKN	2	74425836	-1.424374
TTL	2	112482154	-2.71712
KCNIP3	2	95297304	-1.404612
FAHD2A	2	95402721	-1.588532
NCL	2	231453531	3.047125
ACTR1B	2	97655963	-4.488125
ACTR3	2	113889960	0.421836
STEAP3	2	119223831	-0.144022
EPB41L5	2	120013005	-3.242533
SF3B6	2	24067584	-1.001507
TANC1	2	158968634	1.819336
GTF3C2	2	27325849	-1.020554
NRBP1	2	27427790	-3.942061
FNDC4	2	27491883	-1.97121
PSMD14	2	161308038	0.871709
SNX17	2	27370496	-2.511661
PPM1G	2	27381194	-1.227171
PDE1A	2	182140036	1.220231
IFIH1	2	162267079	-1.831769
GCA	2	162318840	0.806705
INO80B	2	74455023	-0.143713
TTC31	2	74483073	0.143713
GRB14	2	164492812	-2.379241
TLX2	2	74513463	0.88754
SPTBN1	2	54456285	-1.943863
AUP1	2	74526645	-2.140105
RTN4	2	54972187	0.211761
LOXL3	2	74532414	-2.517952
GALNT3	2	165747591	-0.096359
POLE4	2	74958492	0.564672
TACR1	2	75046463	-0.792186
CCDC88A	2	55287842	5.15241
MRPL19	2	75646783	0.187956
FANCL	2	58159243	-0.430715
FN1	2	215360440	-0.103138
STAT1	2	190964358	0.402656
PAPOLG	2	60756230	-0.438069
DNAH6	2	84516455	1.577034
PECR	2	215996329	-0.673562
UNC50	2	98608579	-0.553059
USP34	2	61187463	1.349116
CCT4	2	61868089	-1.258017
GGCX	2	85544723	0.020061
ST3GAL5	2	85839144	0.348503
CHST10	2	100391860	-0.799005
MOB4	2	197515571	0.440485
HSPE1	2	197499994	1.663702
PLCD4	2	218607765	-0.232978
CHMP3	2	86503431	-0.670428
ZNF142	2	218637916	2.363554
IL1RL1	2	102311502	0.607512
IL18R1	2	102311529	-1.165805
SLC9A2	2	102619707	0.082495
FHL2	2	105357712	-0.420345
CNPPD1	2	219171897	2.607036
UXS1	2	106093303	1.733713
STK16	2	219245455	-1.584718
PPP1R7	2	241149576	3.637119
PASK	2	241106099	0.770819
STK25	2	241492674	2.653512
ID2	2	8678845	-0.059955
TAF1B	2	9843354	-0.917759
NOL10	2	10570766	1.162476
PLEKHB2	2	131104847	0.197857
GORASP2	2	170928464	-1.056403
CEBPZ	2	37201612	-0.645669
PRKD3	2	37250502	2.229597
DCAF17	2	171434217	1.610748
RAB3GAP1	2	135052265	-1.517669
SLC25A12	2	171784370	0.500428
SDC1	2	20200797	-0.205028
PLCL1	2	197804702	-0.491514
SLC1A4	2	64988477	0.192652
WIPF1	2	174559572	2.435474
ORC2	2	200908973	0.004172
COX7A2L	2	42333546	-1.488611
PLEK	2	68365173	-1.806033
RND3	2	150468195	2.71962
ATF2	2	175072250	-1.068935
AAK1	2	69457997	3.045336
TIA1	2	70209444	-2.201933
PCYOX1	2	70257386	-0.587578
EPAS1	2	46293667	0.420327
VAX2	2	70900590	-0.847183
ATP6V1B1	2	70935882	-0.329665
MSH6	2	47695530	0.908129
PLEKHA3	2	178480468	-0.181498
EPHA4	2	221418027	1.558287
PARD3B	2	204545793	0.232822
FARSB	2	222570536	0.709702
ALMS1	2	73385758	-1.673942
MREG	2	215942805	0.736301
FASTKD2	2	206765357	-0.502742
CREB1	2	207529737	-0.786974
KLF7	2	207074137	0.334893
HS1BP3	2	20560448	1.312533
WDR35	2	19910260	0.186206
GTF3C3	2	196763032	-0.594008
SATB2	2	199269500	0.492036
CPSF3	2	9423568	1.9034
GPR75	2	53852913	-3.407381
SUPT7L	2	27650812	0.141983
KLHL29	2	23385217	1.893355
DNMT3A	2	25227855	-0.505831
ATL2	2	38294880	2.157321
YPEL5	2	30146941	0.278396
FAM98A	2	33583658	0.228829
CRIPT	2	46616416	-1.233611
EPCAM	2	47345158	1.214917
NCAPH	2	96335787	-0.830606
CXCR4	2	136114349	-2.144492
ZRANB3	2	135136916	-1.29234
ACVR2A	2	147844517	-0.864761
MTERF4	2	241072169	0.420156
TTC21B	2	165857475	2.553674
NMI	2	151270465	1.38573
ACVR1C	2	157526767	-1.813618
ACSL3	2	222860934	0.515824
CHPF	2	219538947	1.165602
INHA	2	219569162	-0.818483
OBSL1	2	219550729	0.782023
STAMBP	2	73828916	-0.380812
NAGK	2	71064344	-1.501029
MCEE	2	71109684	-3.144379
SNRNP27	2	69893560	1.601325
MPHOSPH10	2	71130314	0.756941
INSIG2	2	118088452	0.562275
POLR1B	2	112541915	2.71712
PSD4	2	113157325	2.109195
TUBA4A	2	219249711	0.097339
AAMP	2	218264123	-1.962452
PNKD	2	218270392	-1.399255
MYO1B	2	191245185	-1.922604
MTX2	2	176269395	-2.090523
PDE11A	2	177623252	0.076168
OSGEPL1	2	189746660	1.221648
ORMDL1	2	189770323	1.173958
SH3BP4	2	234951973	-0.537929
KIF1A	2	240713764	0.226155
NDUFA10	2	239892450	-0.425512
PXDN	2	1631887	-0.444736
IMMT	2	86143932	-0.721141
IQCA1	2	236324147	0.546
SCLY	2	238060889	-1.301465
YWHAQ	2	9583972	2.073352
GRHL1	2	9951693	2.80156
RSAD2	2	6865806	1.325901
LPIN1	2	11677595	-1.474177
CMPK2	2	6840570	0.019737
PRADC1	2	73228006	-0.587147
CCT7	2	73233420	-0.422463
RAB11FIP5	2	73073382	-1.544179
DYSF	2	71453722	5.267082
SP110	2	230167293	-0.219618
CHRND	2	232525993	-0.296691
DOCK10	2	224765090	-1.369047
TTLL4	2	218710845	0.88272
USP37	2	218450251	2.094924
SLC19A3	2	227685210	1.772591
SERPINE2	2	223975112	1.482746
WNT10A	2	218880363	-0.625236
CYP27A1	2	218781749	0.365649
EIF4E2	2	232550052	-0.810358
COX5B	2	97646040	0.480934
MFSD9	2	102715840	-1.392509
TGFBRAP1	2	105264391	-1.119035
GCC2	2	108448561	0.032692
MRPS9	2	105037983	0.593504
C2orf49	2	105337359	-0.517724
EPC2	2	148644440	1.10828
ARHGEF4	2	130836916	-0.832313
MARCH7	2	159712457	-1.911261
SCN7A	2	166403573	-0.085621
SMPD4	2	130151392	-0.229736
WDR33	2	127701022	-0.712004
SAP130	2	127941217	2.361629
BIN1	2	127048027	-0.363974
HS6ST1	2	128236716	0.410844
UGGT1	2	128091200	-1.414815
IFT172	2	27444371	-1.227171
CGREF1	2	27098889	3.548542
KHK	2	27086747	0.333599
ADCY3	2	24819169	-0.867611
PNPT1	2	55634265	-4.331329
DYNC2LI1	2	43774039	2.42643
THUMPD2	2	39736060	1.33252
CYP1B1	2	38066973	2.52274
ACTR2	2	65227753	-3.003454
PREB	2	27130756	-1.043304
PREPL	2	44316281	-0.257024
SLC3A1	2	44275458	0.397872
SIX3	2	44941898	3.901532
ATRAID	2	27212027	0.49998
CENPO	2	24793136	3.015118
LRPPRC	2	43886508	-0.832781
DTNB	2	25377198	-2.437167
AOX1	2	200585868	-0.403168
SMARCAL1	2	216412414	0.573417
MSTN	2	190055697	-0.46033
CARF	2	202912214	2.821208
ASNSD1	2	189661385	-0.768987
NAB1	2	190646746	0.858441
PPIG	2	169584340	0.84324
FASTKD1	2	169529749	0.84324
HECW2	2	196194370	2.113746
IDH1	2	208236227	-0.617248
SSFA2	2	181891833	0.045058
ITGAV	2	186590065	1.049674
SLC40A1	2	189560579	2.606225
CAPN10	2	240586716	-0.216421
ACP1	2	264140	2.13075
PDIA6	2	10783391	0.790589
HNRNPLL	2	38561978	-0.576859
GALM	2	38665910	-0.820804
CAMKMT	2	44361950	1.134593
CALM2	2	47160082	-1.365503
WDPCP	2	63121383	-2.20772
VPS54	2	63892146	-0.919891
SNRPG	2	70281362	-3.045336
ABHD1	2	27123789	-0.0765
MEIS1	2	66433452	0.987672
ZNF514	2	95147330	-0.794138
SNRNP200	2	96274336	-0.068393
MRPS5	2	95087207	-0.47358
ANKRD53	2	70978380	-1.501029
EXOC6B	2	72175984	2.513441
SFXN5	2	72942036	0.696232
TEX261	2	70985938	-1.091749
DQX1	2	74518131	-1.205872
ST6GAL2	2	106801600	0.743671
NPHP1	2	110122311	3.017531
THNSL2	2	88170295	1.271522
RALB	2	120240064	4.182875
C1QL2	2	119156243	-0.909035
RABL2A	2	113627229	-1.179335
SLC20A1	2	112645857	-2.169906
FBLN7	2	112138385	2.006599
ZC3H8	2	112211525	2.326961
LIPT1	2	99154955	-1.07414
FAHD2B	2	97083583	-0.087751
LYG1	2	99284238	2.817636
AFF3	2	99545419	-0.218649
UBXN4	2	135741619	-3.09184
NXPH2	2	138670772	-1.733027
SPOPL	2	138501801	0.945563
POLR2D	2	127843551	-1.777719
AMMECR1L	2	127861630	0.05593
GALNT13	2	153871913	-0.740161
PKP4	2	158456964	0.467715
SCN1A	2	165989160	0.919411
SLC4A10	2	161424332	1.371364
SCRN3	2	174395730	-2.847331
KIAA1715	2	175923892	-0.608698
ZNF385B	2	179441982	-0.318034
CDCA7	2	173354820	-0.91729
UBR3	2	169827458	-0.758315
PHOSPHO2	2	169694454	-0.422173
GULP1	2	188291669	2.4304
HSPD1	2	197486581	0.751053
METTL21A	2	207580631	0.847856
UNC80	2	209771993	1.095372
PTH2R	2	208359714	-0.617248
NBEAL1	2	203014879	3.574857
SPAG16	2	213284379	0.121024
ACKR3	2	236567787	1.663984
HES6	2	238238267	0.057597
ESPNL	2	238100157	0.833814
ANKMY1	2	240479422	0.865742
DIS3L2	2	231961245	0.38588
FAM134A	2	219176225	-1.138879
CTDSP1	2	218398256	4.842744
MARCH4	2	216257865	0.713192
STK11IP	2	219597860	0.237712
GMPPA	2	219498867	1.134945
ANO7	2	241188509	2.24711
WASH2P	2	113588550	-0.035792
HNMT	2	137964020	0.332016
LYPD1	2	132644853	-1.063852
LYPD6B	2	149038107	-1.516367
C2orf50	2	11133053	-0.437362
CRIM1	2	36355926	-4.048328
PIGF	2	46580937	0.811234
ANKAR	2	189674290	0.934877
MFSD6	2	190408355	-0.634114
RNF144A	2	6917392	4.248722
ASAP2	2	9206765	-0.265295
NBAS	2	15166909	-0.736961
AP1S3	2	223751686	3.293624
MZT2B	2	130181737	0.185217
FAM168B	2	131047876	-1.096745
MGAT5	2	134119983	2.941394
GPATCH11	2	37084451	0.561779
TMEM178A	2	39664982	-0.66674
G6PC2	2	168901240	-0.794249
PDK1	2	172555373	1.645181
TCF7L1	2	85133410	-0.378193
PLEKHH2	2	43637273	0.023868
CLEC4F	2	70808643	-1.107522
RASGRP3	2	33436324	-0.708996
BCL2L11	2	111119378	0.697569
ANAPC1	2	111766271	0.427262
RANBP2	2	108719481	-0.409052
MERTK	2	111898479	-1.172166
TMEM87B	2	112055223	-0.452944
NR4A2	2	156324432	-2.076133
CCDC148	2	158171081	-2.029869
RBMS1	2	160272151	-1.672097
SCN3A	2	165087522	3.068539
RMND5A	2	86720173	0.072429
RPIA	2	88691644	2.715086
SPHKAP	2	227979950	0.473803
PID1	2	228850526	-0.182617
TRIP12	2	229763838	0.830287
FBXO36	2	229922302	1.591937
CCDC173	2	169645425	1.360983
CNTNAP5	2	124025287	-0.34347
DBI	2	119366921	3.843492
TTN	2	178525989	-0.779305
KCTD18	2	200488952	0.594678
FAM126B	2	200973718	-0.942397
ALS2CR11	2	201487425	0.097952
TMEM237	2	201620184	1.834527
B3GNT7	2	231395543	-1.29156
PDE6D	2	231732425	0.670274
FMNL2	2	152335237	4.828054
GAREM2	2	26173091	1.614655
AGAP1	2	235494089	-1.75097
KRTCAP3	2	27442366	7.858766
BRE	2	27889941	-1.137462
DUSP2	2	96143166	-1.654345
XDH	2	31334321	-1.593652
MITD1	2	99161427	1.407495
EIF5B	2	99337353	-2.498386
CNOT11	2	101252802	1.461266
ZFAND2B	2	219195237	1.1955
M1AP	2	74557883	-0.261532
HK2	2	74833981	1.395551
PKDCC	2	42048020	0.661611
HAAO	2	42767089	-2.364313
PEX13	2	61017225	-0.848228
DPY30	2	31867809	-1.058669
TYW5	2	199929975	1.055887
PQLC3	2	11155198	-1.839344
ARL5A	2	151788984	0.612775
NEUROD1	2	181673088	0.806307
CLHC1	2	55174791	1.633636
PRORSD1P	2	55282319	2.196848
DUSP19	2	183078559	-2.691753
CFAP36	2	55519604	3.860825
CCDC138	2	108786757	-0.893234
FBXO41	2	73254682	-0.422463
ALMS1P1	2	73644919	0.463587
SMC6	2	17663812	1.111183
CCDC74A	2	131527675	-0.492898
SLC16A14	2	230034974	1.104727
ERCC3	2	127257290	1.002982
DHX57	2	38797729	1.069215
ARHGAP25	2	68679601	-0.370497
CCNYL1	2	207711540	-1.827721
FZD5	2	207762586	-1.771273
NPPC	2	231921820	2.223401
GPR155	2	174431571	1.396882
TMEM169	2	216081866	-0.375282
ARPC2	2	218217094	-1.637628
RNF25	2	218663864	-2.363554
CCDC141	2	178830269	0.392567
CWC22	2	179944876	-1.96882
ANKZF1	2	219229757	0.165882
SGO2	2	200510008	-1.900401
SUCLG1	2	84423523	1.692285
ICA1L	2	202773150	-2.815768
ZNF513	2	27377231	0.587064
SLC4A1AP	2	27663471	-1.331271
PLB1	2	28457145	-0.636778
SPDYA	2	28782517	1.62978
WDR43	2	28894643	1.905397
KIF5C	2	148875250	3.377166
DTYMK	2	241675742	-3.464536
ING5	2	241687085	0.688265
ATG4B	2	241637213	5.568854
SDPR	2	191834302	0.162097
LRP1B	2	140231423	0.202335
CNNM3	2	96816245	-1.654345
ATOH8	2	85751344	0.026737
USP39	2	85602856	0.4269
C2orf68	2	85606654	-1.710879
TMEM150A	2	85598548	1.482482
INPP5D	2	233059967	2.058881
COL4A3	2	227164565	6.236877
SCN9A	2	166195185	0.050632
PCBP1	2	70087454	-2.294303
NFU1	2	69395750	0.110614
ANTXR1	2	69013178	-3.232381
APLF	2	68467561	0.972857
RGPD8	2	112370092	-0.741316
BUB1	2	110637698	-1.656624
LIMS1	2	108534355	-1.742116
MAP3K2	2	127298730	0.488324
UBE2E3	2	180967248	1.417079
HNRNPA3	2	177212563	0.707679
B3GNT2	2	62196113	-1.886603
TMEM182	2	102736908	-0.000106
LONRF2	2	100273291	0.684949
SIX2	2	45005161	-1.166324
KCNS3	2	17877847	0.842254
FOXN2	2	48314637	-1.567489
FEZ2	2	36531805	-0.559053
ALK	2	29192774	-2.162876
SOCS5	2	46698952	-0.43834
RBKS	2	27781364	1.28257
TMEM37	2	119429901	3.843492
CDK5R2	2	218959655	0.055479
ECEL1	2	232479827	-0.524057
NMUR1	2	231523160	1.390097
TRAPPC12	2	3379675	0.425644
RPS7	2	3575205	0.317952
RNASEH1	2	3544793	-0.259611
SCG2	2	223596940	0.193522
MAL	2	95025677	-1.796374
CERS6	2	168455862	0.127274
B3GALT1	2	167868948	0.783478
COPS9	2	240126563	-0.416601
SNTG2	2	950868	-1.015104
SP3	2	173906459	2.847331
METAP1D	2	171999583	-0.511104
AC007318.5	2	65205108	0.078176
SH3RF3	2	109129348	0.4808
RAPH1	2	203394345	-2.175119
AHSA2	2	61177418	1.186293
SFT2D3	2	127701508	-0.0076
NABP1	2	191678068	-0.02802
PSMD1	2	231056864	-1.041977
AGFG1	2	227472152	1.789526
VWC2L	2	214411065	0.653542
DPP10	2	114442299	0.683127
LINC00116	2	110211529	-0.181463
CREG2	2	101345551	1.661871
MAP3K19	2	134964491	-2.831653
CCDC121	2	27625639	-0.056181
BOK	2	241558721	0.770819
NCKAP5	2	132671799	1.000792
SOX11	2	5692667	1.816454
THAP4	2	241584405	1.363575
ARL6IP6	2	152717893	-4.163078
C2orf69	2	199911256	0.906246
GEN1	2	17753858	0.970403
PLEKHM3	2	207821288	-1.213903
ERBB4	2	211375717	0.224719
OR6B3	2	240045077	1.800967
GPR35	2	240605431	-0.206426
CSRNP3	2	165469647	0.237835
PCBP1-AS1	2	69962263	-0.941935
MCFD2	2	46901870	-0.115913
D2HGDH	2	241734579	2.408735
CFAP65	2	219002846	-3.003987
LINC00471	2	231508426	1.612169
FIGN	2	163593396	-1.27087
ADI1	2	3497361	-0.415489
C2orf82	2	232857270	0.548916
SLC8A1	2	40097270	0.613644
RGPD6	2	110513812	-3.590231
PLGLB1	2	87002559	0.839416
GPR1	2	206175316	-2.104146
TTC32	2	19896643	-1.612466
KCNK12	2	47516581	1.096595
RBM43	2	151247940	-0.980211
PTRHD1	2	24789734	-0.689295
RGPD2	2	87755955	-3.02713
SP140L	2	230327184	1.410786
MRPL30	2	99181079	-0.298546
LYG2	2	99242246	-0.661339
AC016757.3	2	238224552	-2.555225
MYT1L	2	1789113	1.788599
TRABD2A	2	84821650	-0.275582
TMEM17	2	62500221	-1.470697
LYPD6	2	149329985	0.063768
SESTD1	2	179101692	0.866552
PTMA	2	231706895	0.435889
TET3	2	73986404	-1.946035
RGPD1	2	86907953	1.054761
NHEJ1	2	219075317	1.465133
C2orf66	2	196805002	1.311505
MORN2	2	38875962	0.245468
ARL4C	2	234493041	-0.574988
DUSP28	2	240560054	-1.901881
SLC4A5	2	74216242	0.629818
FSIP2	2	185738628	-0.908352
TMEM198	2	219543663	2.607036
PAX8-AS1	2	113211522	-2.837365
FAM179A	2	28956611	1.912039
NEMP2	2	190504342	2.64853
GREB1	2	11482341	-0.682223
PRPF40A	2	152651593	-8.112127
ANXA4	2	69644425	0.276705
C1D	2	68041130	0.85808
PELI1	2	64092652	2.120101
RPE	2	210002565	-1.609619
FAM49A	2	16549459	-0.515786
C2orf27A	2	131722375	-0.619095
HIBCH	2	190189735	-0.55156
SOWAHC	2	109614334	-1.643128
SPRED2	2	65310851	0.807727
GPN1	2	27628247	1.352362
TLK1	2	170990823	-0.387123
COPS8	2	237085312	-0.063966
E2F3P2	2	195994259	0.429208
C2orf72	2	231037490	3.951681
ZDBF2	2	206274663	-0.071121
RPL12P16	2	203190780	1.45145
BMPR2	2	202376936	-0.04326
HNRNPCP2	2	189923336	2.0702
DFNB59	2	178451436	-1.696722
ERICH2	2	170783786	0.665981
LINC01123	2	109987063	1.117721
STARD7-AS1	2	96208416	0.236905
MRPL53	2	74471958	-0.143713
DCTN1	2	74361154	-0.307229
FBXO48	2	68459419	0.32663
TSN	2	121737103	-0.214592
AC016747.3	2	61141592	-1.237398
KLHL23	2	169694488	0.650423
NOC2LP1	2	130229379	-0.622747
RPLP0P6	2	38481851	-1.995053
LBH	2	30231531	-3.125842
PPP1CB	2	28751640	-0.082222
SLC35F6	2	26764284	-2.181753
AC074286.1	2	177283508	2.119339
FOXI3	2	88446787	1.02491
EML6	2	54723499	-0.282066
CAPN14	2	31173056	-2.269846
RP11-287D1.4	2	74130583	1.784212
CEBPZOS	2	37196488	-0.581928
AC093642.5	2	242088633	2.467117
AC092675.3	2	98331389	-0.280717
RAB6C	2	129979664	0.289096
C1GALT1C1L	2	43675151	0.013203
AC009948.5	2	178413939	0.101452
CCNT2-AS1	2	134735464	-0.282167
DNAJC27-AS1	2	24971390	0.527893
AC114730.3	2	241808312	-1.61277
KRT8P30	2	218953401	-1.840946
AC093818.1	2	172480840	1.618858
RAB6C-AS1	2	129966592	0.667198
AC074289.1	2	64143239	3.87067
AC009961.3	2	159670708	1.14129
FAM138B	2	113577382	0.019808
MIR217HG	2	55963191	1.622125
AC007966.1	2	185719874	-0.453733
AC097724.3	2	28708953	1.018081
AC105760.2	2	237059434	1.139646
RNF144A-AS1	2	6912277	-0.366531
AC073052.1	2	224499387	-2.077913
LINC01125	2	97664217	-0.497278
AC072062.1	2	214810229	-0.469347
AC009237.8	2	95525345	-0.541633
DDX50P1	2	32201600	-0.621479
ALMS1-IT1	2	73456764	-0.273654
AC007395.4	2	70810798	-0.766768
FAHD2CP	2	96010551	-0.107043
FSIP2-AS1	2	185783691	-3.056097
AC079922.2	2	112621809	2.169906
LINC01105	2	5932687	-1.396993
LINC00342	2	95807118	-1.918937
AC079807.2	2	47905678	-1.070552
AC007743.1	2	56173534	1.489007
AC104809.4	2	240954617	5.471689
EIF3FP3	2	58251440	-1.779703
AC092835.2	2	95207535	-3.069744
RNASEH1-AS1	2	3558492	-2.005669
AC093616.4	2	87700984	1.64014
AC073283.4	2	47192405	0.642304
DPP10-AS1	2	115130935	1.174338
AC009495.2	2	165794851	-1.395454
AC016723.4	2	167814774	-1.560292
AGAP1-IT1	2	235505751	1.638879
AC116614.1	2	949627	1.735138
AC010127.3	2	165957399	4.227311
LINC01376	2	18986451	1.743009
AC104135.2	2	74919555	-1.400325
DDX11L2	2	113599036	0.421836
SIX3-AS1	2	44940154	1.721127
AC068282.3	2	127389130	0.994628
TTN-AS1	2	178521183	0.422573
PRSS56	2	232520463	0.599709
NONOP2	2	60936819	2.15761
GCSHP3	2	206116110	7.546455
C2orf74	2	61145068	0.199742
DCTN1-AS1	2	74385486	-0.517564
AC079922.3	2	112641832	0.490361
AC092620.3	2	138604510	0.061805
AC093642.3	2	241970683	0.129747
ZEB2-AS1	2	144518097	0.480052
RNF103	2	86603393	-1.099694
AC007405.6	2	170771113	1.146994
KLHL41	2	169509702	-0.326068
WBP1	2	74458329	-0.143713
FAR2P3	2	130690133	0.3115
PPIL3	2	200870907	-0.942397
RPL23AP7	2	113610502	-1.278
AC012358.8	2	55282350	2.135627
RDH14	2	18554723	0.700631
ENO1P4	2	201621646	0.292139
RP11-111H13.1	2	99141485	1.07414
AC108488.4	2	3531813	-0.184266
MRPL33	2	27771717	0.369501
STON1	2	48529383	1.63534
WDR92	2	68122936	-1.067707
ZNF512	2	27582969	4.516956
AC006011.4	2	127846736	-0.035917
ASPRV1	2	69960089	-0.865399
FER1L5	2	96642737	2.256148
ATP6V1E2	2	46490750	0.006173
AC068134.10	2	232343116	-0.323349
RP11-724O16.1	2	169479480	-0.926748
LBX2-AS1	2	74502595	0.143713
FNBP1P1	2	74120680	0.619355
AC007040.11	2	70939318	-0.953136
UBE2F-SCLY	2	237967014	0.691593
RP11-89K21.1	2	44921077	-1.211254
RP11-400N9.1	2	233351132	5.787357
RP11-521O16.1	2	127024252	-1.156053
PKI55	2	216217045	-0.42783
CAPN10-AS1	2	240582700	0.693702
RP11-287D1.3	2	74211604	-0.213854
RP11-171I2.1	2	178723457	0.290399
RP11-256I23.3	2	219645090	-1.559708
RP11-355F16.1	2	75154366	-0.131428
RP11-171I2.2	2	178578790	-0.639469
RP11-373D23.2	2	28396815	4.43137
RP11-342K6.1	2	75660462	-0.994409
HSPE1-MOB4	2	197500413	1.756509
RP11-355B11.2	2	61471188	-1.349111
RP11-342K6.2	2	75669989	-0.329005
RP11-214N9.1	2	9555899	1.454745
RP11-195B17.1	2	27062428	-1.58465
RP11-191L17.1	2	48440043	1.156494
RP11-395A13.2	2	127886556	-0.115042
RP11-259N19.1	2	74832655	-1.322764
RP11-438L19.1	2	183214319	-0.932808
RP11-260M2.1	2	210028417	0.448204
RP11-801F7.1	2	207753872	-1.356995
RP11-299H21.1	2	101151660	0.42628
RP11-332H14.2	2	105334027	-0.517724
C2orf15	2	99141485	-1.07414
RP11-474G23.3	2	68252870	1.344787
RP11-353K11.1	2	96812239	3.035793
RP11-314B1.2	2	225698514	-0.232363
RP11-548H3.1	2	218633256	0.633571
INO80B-WBP1	2	74455088	1.520397
RP11-493E12.3	2	61115787	0.650376
PPP4R3B	2	55547292	0.895647
ZNF2	2	95165432	-3.347997
RP11-734K23.9	2	97281904	-2.757308
RP11-399B17.1	2	112188364	0.800983
AC009303.2	2	118014174	-0.592279
RP11-536C12.1	2	46668870	0.143566
RP11-395L14.18	2	113605867	0.682268
RP11-566E18.1	2	216211404	-0.42783
AC005538.3	2	233865496	1.374548
AC093642.1	2	242001209	0.129747
LINC01127	2	101962056	1.416542
ZNF638-IT1	2	71373938	4.042062
RP11-506F3.1	2	109758799	1.882486
RP11-152D8.1	2	49202126	-2.052404
RP4-614C10.2	2	89542842	-2.182499
RP11-562I5.1	2	231493708	1.612169
PHF20	20	35771974	-0.02789
TOMM34	20	44942130	-0.45704
RTEL1-TNFRSF6B	20	63659300	1.60409
FAM65C	20	50586108	-0.80338
NNAT	20	37521215	-0.85618
ATP9A	20	51596514	0.07487
CBLN4	20	55997440	-1.84726
OGFR	20	62804835	0.44431
CTSA	20	45890144	-0.37975
EYA2	20	46894624	-0.28946
ITCH	20	34363235	-2.83467
TP53INP2	20	34704290	-2.15463
MYH7B	20	34975403	0.54511
RBL1	20	36996349	0.95701
EDEM2	20	35115357	-2.12774
DNMT3B	20	32762385	2.4899
TPX2	20	31739271	-3.0981
FER1L4	20	35558737	-0.85592
EPB41L1	20	36091504	-0.61786
ATRN	20	3471040	-1.73662
SMOX	20	4120980	0.68639
SIGLEC1	20	3686970	0.78293
FKBP1A	20	1368978	0.84705
NSFL1C	20	1442162	0.49148
SLC4A11	20	3227417	1.48377
ZNF343	20	2481817	-0.20597
EBF4	20	2692878	0.31387
RP5-1187M17.10	20	3162617	0.3899
XRN2	20	21303304	0.93154
KIZ	20	21125983	1.17211
SNX5	20	17941597	1.42968
RBBP9	20	18486540	-1.08487
SLC23A2	20	4852356	-0.20462
TMEM230	20	5068232	0.86123
DZANK1	20	18383367	-0.76014
KIF16B	20	16272104	0.14497
TRMT6	20	5937235	3.66914
CHGB	20	5911430	0.73705
COL9A3	20	62816244	-2.81311
GSS	20	34928430	-1.83097
MMP9	20	46008908	-0.28946
VSX1	20	25070885	-0.84089
TRPC4AP	20	35002404	-3.70026
ABHD12	20	25294743	-0.46807
GINS1	20	25407727	0.72141
CD40	20	46118272	-0.89572
ZMYND8	20	47209214	-1.06942
NDRG3	20	36651766	0.77786
SLA2	20	36612318	1.68485
C20orf24	20	36605734	-1.37536
NFATC2	20	51386957	0.51648
RIMS4	20	44751808	1.84098
PABPC1L	20	44910062	1.21754
SALL4	20	51782331	1.63673
ADNP	20	50888919	0.7871
PFDN4	20	54207847	-0.12216
DOK5	20	54475597	-0.16801
BMP7	20	57168748	0.57309
NELFCD	20	58981208	0.77537
CTSZ	20	58995185	-0.23766
PRELID3B	20	59033145	-0.25463
MRGBP	20	62796453	0.06331
TCFL5	20	62841115	0.32785
NKAIN4	20	63240784	-0.99905
ARFGAP1	20	63272785	-0.0089
CHRNA4	20	63343223	1.46712
GMEB2	20	63587602	0.63226
CDC25B	20	3786772	1.94575
RASSF2	20	4780023	-0.82859
RSPO4	20	958452	-2.21248
CDS2	20	5126786	-0.01685
HM13	20	31514428	4.14249
SIRPB1	20	1563521	-1.71658
SEC23B	20	18507493	-0.76755
CCM2L	20	32010450	2.50287
HCK	20	32052188	-0.5085
TM9SF4	20	32109506	3.78673
CRNKL1	20	20034368	0.20769
PAK5	20	9537389	1.49508
KIF3B	20	32277664	-1.06229
MANBAL	20	37289638	0.74217
JAG1	20	10637684	-0.27427
CDK5RAP1	20	33358839	0.6177
SNTA1	20	33407955	0.1473
TTI1	20	37983007	0.84357
PXMP4	20	33702754	-0.14674
CHMP4B	20	33811304	0.9697
SLC32A1	20	38724462	1.30904
AHCY	20	34280268	-1.47854
DHX35	20	38962299	1.89098
DNTTIP1	20	45791937	-0.05972
MAP1LC3A	20	34546854	2.75754
SYNDIG1	20	24469199	-0.72141
PIGU	20	34560542	-0.66733
TNNC2	20	45823214	0.59968
ACOT8	20	45841721	0.16715
APMAP	20	24962925	0.3256
MCTS2P	20	31547504	-2.24071
RPN2	20	37178410	-1.53659
TGIF2	20	36573488	0.4841
FAM210B	20	56358915	-1.2893
SNX21	20	45833810	-1.65495
WFDC3	20	45747944	-0.75404
TTPAL	20	44475886	-0.0282
PREX1	20	48624252	-1.31579
SLC12A5	20	46021690	-2.06232
SDC4	20	45325288	-0.13726
NCOA3	20	47501902	1.01438
PIGT	20	45416077	1.36522
VAPB	20	58389122	0.68412
PARD6B	20	50731544	-0.88057
CHD6	20	41402101	0.52949
TOX2	20	43914864	-0.71252
SRSF6	20	43457928	0.32073
GDAP1L1	20	44247099	0.34775
ARFGEF2	20	48921890	0.75483
ZNFX1	20	49237946	1.08153
CSE1L	20	49046246	-0.98163
TMEM189-UBE2V1	20	50081124	0.93547
PTGIS	20	49503874	-1.77956
MOCS3	20	50958826	-0.48191
STX16	20	58651253	0.761
PPP4R1L	20	58228940	-1.00903
NEURL2	20	45888625	1.04345
OPRL1	20	64080173	-2.12424
SLC2A4RG	20	63739861	0.59693
PPDPF	20	63520724	0.59693
GPCPD1	20	5544404	-0.8125
PANK2	20	3888839	1.07647
FAM182A	20	26054655	-0.14488
CENPB	20	3783851	0.88594
DTD1	20	18567453	-0.48269
RBCK1	20	407498	-0.82044
TMX4	20	7977348	-1.15363
STK35	20	2101611	-0.12518
SNRPB	20	2461634	0.6518
NRSN2	20	346782	-1.19663
RRBP1	20	17613678	0.04985
BMP2	20	6767664	0.51876
PCSK2	20	17226107	0.79651
DSTN	20	17569863	-0.28641
LAMP5	20	9514358	0.26682
SNRPB2	20	16729961	-0.99427
MGME1	20	17968913	0.82948
TBC1D20	20	435480	-1.64164
ITPA	20	3208868	-2.94351
TMEM74B	20	1180561	-0.73494
FAM110A	20	833715	0.43542
MMP24	20	35226654	-2.26689
NECAB3	20	33657087	-0.42839
RALY	20	33993646	0.95911
DYNLRB1	20	34516409	-0.33997
EIF2S2	20	34088298	0.82199
ERGIC3	20	35542021	-0.60651
CEP250	20	35455164	0.17218
PLAGL2	20	32192503	1.16401
HELZ2	20	63558086	2.23198
ZNF337	20	25674215	0.69049
TAF4	20	61953469	5.51856
ADRM1	20	62302093	0.30014
TTLL9	20	31870702	1.47027
RBM39	20	35703609	-0.17547
COX4I2	20	31637888	-4.07393
GGT7	20	34844720	-2.81851
HSPA12B	20	3732667	-1.31123
ANKEF1	20	9986126	-0.98104
SNAP25	20	10218830	0.77343
BTBD3	20	11890723	-1.21239
PCNA	20	5114953	-1.23211
NXT1	20	23350736	0.10564
RIN2	20	19886521	-0.24759
CTNNBL1	20	37693955	1.24401
LPIN3	20	41340920	-0.29359
ZSWIM3	20	45857617	0.82292
RBM38	20	57391407	-1.05734
VSTM2L	20	37903104	0.38555
SERINC3	20	44496221	-0.45074
PPP1R3D	20	59936668	0.17918
SLX4IP	20	10435303	-0.05753
ADAM33	20	3667965	-1.28059
KAT14	20	18138118	-1.03025
DUSP15	20	31847637	-1.28392
COMMD7	20	32702691	-0.23204
SPATA25	20	45886489	-2.07784
SOGA1	20	36777442	0.35274
CNBD2	20	35954564	0.35274
LSM14B	20	62122461	-1.07091
YTHDF1	20	63195429	-1.4106
CABLES2	20	62388632	-2.39897
SLC13A3	20	46557823	2.56211
KCNB1	20	49293394	-0.07584
B4GALT5	20	49632945	-1.69416
SPATA2	20	49903391	0.71691
BLCAP	20	37492472	1.16078
RP11-93B14.6	20	62640719	0.72471
ZSWIM1	20	45881227	0.82292
PKIG	20	44531785	-0.51296
NANP	20	25612935	-0.74879
RALGAPB	20	38472816	0.02709
ASXL1	20	32358344	-0.77934
BCL2L1	20	31664452	-3.79069
TCEA2	20	64049836	0.6664
PRNP	20	4686236	0.49001
C20orf196	20	5750393	-0.49217
CEBPB	20	50190734	-1.69214
MACROD2	20	13995369	0.41081
TP53RK	20	46684365	0.20387
ZHX3	20	41178448	-0.53346
SNHG11	20	38446578	-1.76706
FAM182B	20	25763466	-1.68938
ZFAS1	20	49278178	1.38376
THBD	20	23045633	1.52367
LINC00652	20	18786065	0.23161
DEFB119	20	31377164	-2.16596
TSHZ2	20	52972407	0.48698
PLCB1	20	8077251	3.87302
WFDC10B	20	45684653	-0.58404
SS18L1	20	62143795	0.80816
UBOX5	20	3107573	-0.39265
SLC24A3	20	19212646	0.85573
L3MBTL1	20	43507680	-2.1203
RALGAPA2	20	20389552	-0.12612
SYCP2	20	59863563	-0.1718
MYT1	20	64151791	1.26362
FAM217B	20	59933764	0.08765
SULF2	20	47656348	-1.43939
ZNF512B	20	63956702	2.73518
SNHG17	20	38420588	0.35135
ADA	20	44619522	0.78239
SRC	20	37344685	-0.07801
NOL4L	20	32443059	0.40027
FITM2	20	44302838	0.45868
SLC2A10	20	46709487	-1.13443
SLC9A8	20	49812713	0.98028
SIRPA	20	1894167	1.71658
DDRGK1	20	3190350	-0.44355
ZNF334	20	46499630	0.03375
UCKL1	20	63939829	-2.73518
C20orf203	20	32631652	0.29131
NCOA6	20	34689097	1.21457
TOP1	20	41028818	-2.74502
TGM2	20	38127387	0.53435
PCMTD2	20	64255695	0.15662
LIME1	20	63736283	-2.41442
RP11-261N11.8	20	63359988	-0.63596
SYS1	20	45361937	-1.36522
MAFB	20	40685848	5.61799
ZNF337-AS1	20	25624045	-0.72877
CPNE1	20	35626031	0.26357
OSER1-AS1	20	44210960	0.09275
RP1-278O22.1	20	10753090	-0.03074
RP5-981L23.2	20	46463902	1.72448
HAR1A	20	63102205	0.68965
RPS4XP2	20	4629427	1.04562
SNAP25-AS1	20	10021978	0.83235
MIR646HG	20	60087840	1.67896
RP4-583P15.10	20	63744689	-1.4105
RP4-738P15.1	20	25140789	0.42078
VN1R108P	20	25734264	-2.1317
HAR1B	20	63095493	-1.37455
LINC00493	20	18567347	1.18836
CTD-3184A7.4	20	63627227	1.59378
PET117	20	18137873	0.62454
SDCBP2-AS1	20	1325405	2.35962
GCNT1P1	20	18420160	-0.93708
RP5-860F19.8	20	2814968	-1.57955
DBNDD2	20	45406057	1.78191
RBM12	20	35648925	-0.17547
SYS1-DBNDD2	20	45363200	1.08768
STX16-NPEPL1	20	58651434	-0.42701
C20orf141	20	2814987	-0.32556
NORAD	20	36045622	-0.25098
RP4-591C20.9	20	63861212	0.73735
RP3-461P17.10	20	45445431	-0.085
RP11-103J8.2	20	11001304	-1.59246
RP11-103J8.1	20	10672928	-4.02675
SRXN1	20	646615	-1.15332
RP4-583P15.15	20	63708864	-0.46447
RP5-908M14.9	20	62386303	1.08027
RP1-101A2.1	20	46681676	-4.73709
FLJ16779	20	63253978	-0.94542
RP5-967N21.11	20	6000418	0.69837
RP3-453C12.14	20	45345115	-0.74064
RP5-1125A11.7	20	33985617	-3.22862
RP11-93B14.10	20	62651272	-3.13311
CEBPB-AS1	20	50184598	-0.00116
RP11-93B14.9	20	62648961	-2.95649
RP11-358N2.2	20	32355053	3.64442
RP1-310O13.13	20	31970181	1.14451
RP4-694B14.8	20	25680781	-0.56343
NKILA	20	57710183	0.12814
RP4-614O4.13	20	35262727	-2.90857
AL109923.1	20	34412633	3.033
PFKL	21	44300051	-0.383037
HUNK	21	31873315	0.534817
COL6A1	21	45981737	0.113148
IFNAR1	21	33324477	0.415019
SOD1	21	31659622	0.722474
SIK1	21	43414515	0.000235
TMEM50B	21	33432485	-0.518646
APP	21	25880550	1.313458
DOPEY2	21	36156782	0.45401
URB1	21	32311018	3.186216
CXADR	21	17512382	0.348055
BTG3	21	17593653	-0.011166
C21orf91	21	17788967	0.302907
NCAM2	21	20998315	0.248383
MRPL39	21	25585656	5.256882
JAM2	21	25639272	-0.02273
ATP5J	21	25716503	1.398416
GABPA	21	25734570	-1.994433
ADAMTS1	21	26835747	0.93238
ADAMTS5	21	26917912	-1.87556
SAMSN1	21	14485228	0.290609
RWDD2B	21	29004384	1.882362
USP16	21	29024629	1.22993
CCT8	21	29055805	-0.534445
BACH1	21	29194071	3.317076
SCAF4	21	31671033	-0.352265
DYRK1A	21	37365790	-0.865884
ETS2	21	38805307	4.539317
MX1	21	41420304	0.456999
C2CD2	21	41885112	-0.345823
MIS18A	21	32268219	0.711096
SYNJ1	21	32628759	-1.198142
PAXBP1	21	32733899	-2.078225
IFNAR2	21	33229901	2.137082
RUNX1	21	34787801	1.070725
CBR1	21	36069941	-0.465967
MORC3	21	36320189	0.274274
CHAF1B	21	36385378	-1.271096
HLCS	21	36750888	1.117782
TMPRSS3	21	42371890	0.343931
SLC37A1	21	42496008	0.997205
PDE9A	21	42653636	-1.413152
WDR4	21	42843094	0.99364
NDUFV3	21	42879644	3.444173
PKNOX1	21	42974510	-1.191129
U2AF1	21	43092956	-0.356524
RRP1B	21	43659548	-0.393143
PDXK	21	43719094	0.511465
CSTB	21	43772512	-1.921313
C21orf33	21	44133605	0.881774
LRRC3	21	44455486	-0.380116
FAM207A	21	44940010	-0.595683
MCM3AP	21	46235126	-0.991777
C21orf58	21	46300181	-1.012646
PCNT	21	46324122	-0.375121
DIP2A	21	46458899	0.558863
S100B	21	46598962	-2.010093
CYYR1	21	26466209	-0.885516
EVA1C	21	32412006	0.356047
MRAP	21	32291813	0.461299
GRIK1	21	29536933	-0.231836
DSCAM	21	40010999	-0.067789
ZBTB21	21	41986831	0.495534
SLC19A1	21	45493572	3.599926
TSPEAR	21	44497892	-0.643231
RPL23P2	21	28997613	-2.701675
DNAJC28	21	33485530	-0.313874
NRIP1	21	14961235	-1.269751
WRB	21	39380244	1.649632
BACE2	21	41167801	2.049657
TTC3	21	37073226	-1.056576
COL18A1	21	45405137	-1.094078
PCP4	21	39867317	-0.171346
IGSF5	21	39745407	1.205732
PTTG1IP	21	44849585	0.987306
RIPK4	21	41739369	-0.176022
MX2	21	41361943	0.715912
PCBP3	21	45643694	-3.202749
B3GALT5	21	39556442	0.630345
AP001062.7	21	44331234	1.476425
UBE2G2	21	44768580	0.456612
B3GALT5-AS1	21	39597147	0.555669
RBM11	21	14216130	0.082871
LINC00158	21	25385820	-0.056742
BRWD1	21	39184176	0.559812
LINC00846	21	32572238	-0.409198
POFUT2	21	45263928	0.787146
ADARB1	21	45073853	3.051634
DSCR8	21	38121451	-0.051255
SLC5A3	21	34073570	0.771331
LTN1	21	28928144	-0.056015
CRYZL1	21	33589341	0.88261
C21orf62	21	32793564	-0.876517
MIR99AHG	21	15928296	-0.751666
MCM3AP-AS1	21	46229217	0.823086
AP000704.5	21	36966492	0.581113
AP000473.5	21	16630827	-0.081327
AL133493.2	21	45593654	0.06481
AP001626.2	21	42648271	-0.614694
CBR3-AS1	21	36131767	0.024116
AP001046.5	21	43358147	-1.03707
PAXBP1-AS1	21	32728115	-1.539838
AP001062.8	21	44328944	-0.380116
TCP10L	21	32574841	-0.409198
AF165138.7	21	14591930	-2.349174
AP000473.8	21	16643529	-1.309132
AP000254.8	21	31666728	-0.734854
AP000230.1	21	26170871	0.953772
AP001505.10	21	44978832	-0.515703
BID	22	17734138	-2.37242
TYMP	22	50525752	-0.71372
NCAPH2	22	50508216	-0.59524
RTN4R	22	20241415	-1.04039
PHF21B	22	44881162	-0.29446
CECR5	22	17137511	0.76488
MOV10L1	22	50089879	1.07482
PANX2	22	50170731	0.33215
SELO	22	50200979	-2.5714
TTC38	22	46267961	2.21459
GRAMD4	22	46576012	1.32502
CELSR1	22	46360834	1.14218
FBLN1	22	45502238	-0.45885
RABL2B	22	50767501	0.06167
NUP50	22	45163841	1.61767
CECR1	22	17178790	0.39605
ARVCF	22	19969896	-0.49851
TRMT2A	22	20111866	-0.85493
CRKL	22	20917426	-3.29289
LZTR1	22	20979462	0.02331
CECR2	22	17359949	-0.2778
SMARCB1	22	23786963	1.99019
P2RX6	22	21009808	0.28948
DERL3	22	23834503	0.04731
BCL2L13	22	17628855	-2.37242
DDTL	22	23966901	-0.48092
DDT	22	23971365	1.93328
CABIN1	22	24011192	0.50016
TBC1D10A	22	30291990	-3.91992
GGT5	22	24219654	0.72364
RNF215	22	30368811	2.81272
SPECC1L	22	24270817	0.72236
SNRPD3	22	24555503	-1.13023
MAPK1	22	21754500	0.63254
GGT1	22	24583750	0.48685
PPM1F	22	21919420	0.06436
SLC35E4	22	30635652	3.38841
CRYBB2P1	22	25448105	-1.23129
MFNG	22	37469063	-2.40447
CARD10	22	37490362	1.5473
LRP5L	22	25351418	-1.91368
GRK3	22	25564849	1.0896
GGA1	22	37608475	2.71503
SH3BP1	22	37634654	-8.80793
SEZ6L	22	26169474	0.20524
LGALS1	22	37675608	-7.59437
HPS4	22	26443423	-1.69324
PIK3IP1	22	31281593	-0.67912
SRRD	22	26483877	0.65696
PATZ1	22	31325804	-1.21764
TFIP11	22	26491225	1.39111
EIF3L	22	37848868	-0.60851
SNU13	22	41673930	-2.2351
MICALL1	22	37905657	-7.34965
POLR2F	22	37952607	0.33162
CCDC134	22	41800679	-1.92514
SEPT3	22	41976272	0.0431
TPTEP1	22	16601887	0.05844
KDELR3	22	38468062	1.51808
CYP2D6	22	42126499	0.93628
DDX17	22	38483440	1.13961
HSCB	22	28742031	-0.63809
CBY1	22	38656636	-7.90579
TOMM22	22	38681948	-2.91849
XBP1	22	28794555	3.35162
RTCB	22	32387582	-2.18589
JOSD1	22	38685543	3.56312
FBXO7	22	32474676	0.2409
GTPBP1	22	38705723	-1.06111
POLDIP3	22	42583721	1.23112
RAB36	22	23145326	0.4582
TIMP3	22	32801701	-5.07109
PPP6R2	22	50343304	-2.34451
SBF1	22	50445000	0.06634
SUN2	22	38734725	-6.03051
CYB5R3	22	42617840	1.23112
DNAL4	22	38778508	-1.13192
PACSIN2	22	42835412	-1.39543
RASL10A	22	29312933	2.32327
HMGXB4	22	35257452	-0.99874
TOM1	22	35299275	-0.43435
NEFH	22	29480230	-7.06182
CHKB	22	50578949	-0.02503
MCAT	22	43132206	-0.93855
MCM5	22	35400063	0.38026
RASD2	22	35540868	0.21693
TTLL12	22	43166622	0.55072
CBX7	22	39120167	2.38384
PDGFB	22	39223359	0.6699
RPL3	22	39312882	0.05775
RBFOX2	22	35738736	0.04287
SYNGR1	22	39349925	-0.7088
TAB1	22	39399741	-0.7088
ASCC2	22	29788608	2.94346
MTMR3	22	29883155	1.22489
PNPLA3	22	43923739	-0.88747
CACNA1I	22	39570753	-1.15033
SAMM50	22	43955421	-0.58072
GRAP2	22	39901082	-1.49961
TNRC6B	22	40044817	0.9
IFT27	22	36758202	5.6652
KIAA0930	22	45190338	0.61096
SLC25A17	22	40769630	0.09213
L3MBTL2	22	41205205	-1.06134
CHADL	22	41229510	-1.48502
ZC3H7B	22	41301522	-3.27282
PHF5A	22	41459717	-2.09923
ACO2	22	41469125	3.00741
TRMU	22	46330875	-1.80481
PMM1	22	41576894	-1.25671
CERK	22	46684411	0.4327
BRD1	22	49773283	-1.25649
ZBED4	22	49853842	1.08312
MLC1	22	50059391	0.06561
HDAC10	22	50245183	0.76785
TUBGCP6	22	50217689	0.26073
DGCR6L	22	20314276	0.46724
ASPHD2	22	26429273	1.1717
VPREB3	22	23752743	-0.35039
YWHAH	22	31944461	0.58054
POM121L9P	22	24251828	0.81721
ADORA2A	22	24417879	-1.17613
ATF4	22	39519695	1.38196
MCHR1	22	40678750	-0.14368
TPST2	22	26521983	-0.92951
BAIAP2L2	22	38084889	-0.29892
TST	22	37010859	-2.42509
RIBC2	22	45413691	-0.75313
SCO2	22	50523568	2.89756
SULT4A1	22	43824509	1.0755
MORC2	22	30925130	1.96922
LARGE1	22	33162226	0.98474
GSTT2B	22	23957414	-0.48092
C1QTNF6	22	37180167	1.54586
ZDHHC8P1	22	23390606	-0.2678
RNF185	22	31160183	-3.51618
KIAA1644	22	44243667	0.40496
PARVG	22	44172956	-0.44266
SCUBE1	22	43197283	0.60363
CCDC117	22	28772674	2.74521
TNFRSF13C	22	41922023	1.21013
TUBA3FP	22	21002895	-0.76065
SGSM1	22	24806169	0.06056
DUSP18	22	30652051	-0.88472
TEF	22	41367333	0.28566
MEI1	22	41699499	0.47207
MN1	22	27748277	-0.95967
HIC2	22	21417404	-1.31828
BCRP2	22	21103016	-0.24841
CSDC2	22	41560763	1.65491
FAM109B	22	42074251	-2.02126
IL17RA	22	17084954	0.26843
LRRC75B	22	24585620	1.94463
PITPNB	22	27851669	-3.82919
PRR34	22	46049478	0.75099
EWSR1	22	29268009	1.16076
WBP2NL	22	41998725	-0.22034
SMDT1	22	42079691	-1.22158
PI4KAP2	22	21473000	-0.82528
ZNRF3	22	28883592	-2.82285
CBX6	22	38861450	0.48793
KREMEN1	22	29073078	-5.17073
CHEK2	22	28687743	-3.0566
AIFM3	22	20965108	-2.47723
SMTN	22	31064105	0.07368
UQCR10	22	29767369	-2.52444
CLDN5	22	19523024	-5.47282
NIPSNAP1	22	29554808	-0.97081
CRELD2	22	49918167	-2.38542
RPL23AP82	22	50756948	-1.14467
PLA2G6	22	38111495	4.82634
THAP7	22	20999104	2.30136
TXNRD2	22	19875517	12.33656
SEPT5	22	19714464	0.38401
EIF4ENIF1	22	31436977	-0.45855
FAM227A	22	38578120	4.35962
USP18	22	18149899	-1.833
NDUFA6	22	42085525	1.13201
AC000068.5	22	19447893	-0.18167
INPP5J	22	31122731	0.10657
ZNF74	22	20394115	-1.43279
GAS2L1	22	29306582	9.11585
MAPK11	22	50263713	0.00512
MRPL40	22	19431902	0.25888
UBE2L3	22	21549447	1.34434
SYN3	22	32512552	-1.36638
DRG1	22	31399523	-2.3567
NF2	22	29603556	-5.73235
PRR5	22	44668547	1.13598
BCR	22	23179704	2.15175
PPARA	22	46150521	-1.10867
EFCAB6	22	43528744	-0.79249
EMID1	22	29205851	2.84147
ZNF70	22	23738678	2.00942
MAPK12	22	50245450	-0.22938
LDOC1L	22	44492572	0.02949
PARVB	22	43999211	1.43847
DRICH1	22	23608452	0.17694
RRP7A	22	42509968	-1.03801
XPNPEP3	22	40857077	-0.00866
PLXNB2	22	50274979	1.29804
MKL1	22	40410281	1.96976
KIAA1671	22	24952730	-1.74945
MIRLET7BHG	22	46053869	-1.06095
PIM3	22	49960513	1.0564
TMEM184B	22	38219291	-2.73125
SELM	22	31104772	2.308
CPT1B	22	50568861	-1.90662
LINC00634	22	41952165	-0.21607
CSNK1E	22	38290691	-4.07409
CPSF1P1	22	32269381	-0.21254
SEC14L6	22	30522799	1.09675
C22orf29	22	19846138	7.11456
PEX26	22	18077920	-1.32515
CES5AP1	22	23359603	-0.2678
FAM19A5	22	48489460	-0.58506
NPTXR	22	38818452	0.53623
APOL6	22	35648395	0.02259
LINC01422	22	26858634	3.26182
LL22NC03-86G7.1	22	21938293	-0.16289
XXbac-B476C20.9	22	18076527	-0.39712
RFPL1S	22	29436534	5.55849
SIRPAP1	22	30542536	-2.80795
NUP50-AS1	22	45133020	0.69321
RP4-669P10.19	22	42132543	-0.84058
PIK3IP1-AS1	22	31292499	2.66152
LINC01315	22	42364400	-2.20203
RP3-508I15.19	22	38734730	4.64968
THAP7-AS1	22	21001886	-0.0241
LINC00899	22	46039907	-2.21912
AP000347.4	22	23638492	0.90107
RP4-756G23.5	22	41209122	0.21606
MORC2-AS1	22	30922308	0.92038
NDUFA6-AS1	22	42090931	0.70411
CECR7	22	17036570	-0.26843
DGCR5	22	18970514	1.24196
GATSL3	22	30285117	2.20484
ADSL	22	40346500	0.68143
PDXP	22	37658727	-6.4202
CECR3	22	17256859	-0.2778
PISD	22	31618491	-0.90181
PI4KA	22	20707691	1.07612
ARFGAP3	22	42796502	-0.03218
ELFN2	22	37339583	1.40124
RP4-539M6.19	22	30409255	-2.35219
CHCHD10	22	23765834	-0.97437
SPECC1L-ADORA2A	22	24270898	-0.41081
CTA-29F11.1	22	46761894	0.41465
CTA-445C9.14	22	26512537	-0.02339
RP3-496C20.1	22	40043068	-1.77142
RP3-388M5.9	22	43812456	1.58488
RP5-1119A7.17	22	36560870	0.48013
AC000095.9	22	19018043	-0.28159
AP000347.2	22	23658094	-0.19684
KB-208E9.1	22	23580880	0.91154
CTA-384D8.36	22	50523926	-0.59524
KB-1125A3.11	22	23856427	0.17841
KB-1572G7.2	22	23652860	1.04977
DGCR9	22	19017834	-1.47693
RP3-402G11.28	22	50208461	-1.11108
CITF22-92A6.1	22	46013606	-0.80759
RP3-402G11.25	22	50191724	0.44987
AC006946.16	22	17067821	-0.13521
RP3-402G11.26	22	50199090	-0.40877
XXbac-B444P24.13	22	20318119	-1.40553
NOL12	22	37681673	2.49506
LL22NC03-2H8.5	22	22283928	-0.66652
TUG1_1	22	30971005	2.32015
GTSE1-AS1	22	46295143	-2.2146
MIR6820	22	37948352	1.289
AC007326.1	22	18945123	1.43279
RP1-102K2.9	22	30275215	-5.10052
RP4-671O14.7	22	44210442	0.40496
CTA-941F9.10	22	45657019	-2.19421
RP4-669P10.20	22	42138060	0.07782
AC005301.9	22	16601911	0.37148
SEMA3F	3	50155045	0.779336
RBM5	3	50088908	0.779336
PLXND1	3	129555175	4.250281
RBM6	3	49940007	0.779336
ZMYND10	3	50341110	0.779336
CACNA2D2	3	50362799	-7.00908
CELSR3	3	48636469	5.766178
SEC62	3	169966635	-0.829152
HHATL	3	42692663	-5.344344
PHF7	3	52410657	-3.028238
NISCH	3	52455118	-0.471525
LARS2	3	45388506	-2.125638
LTF	3	46435645	-0.91251
ATP2C1	3	130850595	-1.950617
WWTR1	3	149517235	0.515991
LSG1	3	194640788	-1.386035
CP	3	149162410	1.165626
PIK3CB	3	138652699	2.641417
IL17RB	3	53846580	-0.555795
SEC61A1	3	128051641	-0.50091
DGKG	3	186105668	4.937399
ACAA1	3	38103129	1.793996
ST3GAL6	3	98732236	0.752072
PDIA5	3	123067062	0.278536
NDUFB4	3	120596309	0.262344
ZBTB11	3	101648889	0.873611
RHOA	3	49359145	2.155427
IP6K2	3	48688003	-3.882743
IFT80	3	160256986	0.142165
ATP1B3	3	141876124	-0.812609
PFN2	3	149964904	1.600601
ZXDC	3	126437601	-0.945495
RAD18	3	8775402	-0.849314
LMCD1	3	8501707	-1.048622
HLTF	3	149030127	-1.983098
TFRC	3	196027183	1.74372
TRNT1	3	3126916	1.717774
SIDT1	3	113532296	1.951045
MCM2	3	127598223	2.740968
PPP2R3A	3	135965673	-1.481366
IGF2BP2	3	185643739	0.152714
MAP3K13	3	185282941	-0.419179
ST6GAL1	3	186930485	1.957202
MGLL	3	127689062	-1.162482
FNDC3B	3	172039628	-1.180445
RAB7A	3	128726122	-1.734112
EXOSC7	3	44975241	-1.890987
MKRN2	3	12557014	-0.589504
PTPN23	3	47381011	0.122123
RARB	3	25174332	0.817997
TOP2B	3	25597905	0.817997
MCCC1	3	183015218	-1.031145
CRYBG3	3	97822040	-0.366701
EPHA6	3	96814581	0.323198
CPOX	3	98521132	1.996802
CLDND1	3	98497912	3.23334
PCNP	3	101574095	0.786246
SEMA5B	3	122909193	-0.549753
GSK3B	3	119821323	3.2761
ITGB5	3	124761948	2.085927
CHMP2B	3	87227271	-0.220439
DOCK3	3	50675241	2.325085
C3orf18	3	50558025	-2.941417
DNAJB11	3	186567403	0.30622
CHRD	3	184380073	-1.823095
CDV3	3	133573730	-0.366339
CD200	3	112332347	0.00084
CCDC80	3	112596794	-2.360774
LRRFIP2	3	37052656	0.64379
SEC22C	3	42547969	0.939533
XYLB	3	38346760	-1.189673
EHHADH	3	185190624	0.488654
CNTN3	3	74262568	-0.302087
SMC4	3	160399274	0.252563
SELK	3	53884410	-0.686235
ACTR8	3	53867066	0.451472
TBCCD1	3	186546073	-0.30622
BCL6	3	187721377	-0.146277
HGD	3	120628173	-0.68369
ARL6	3	97764521	0.390469
NPHP3	3	132680609	1.753337
NIT2	3	100334701	2.322268
OGG1	3	9749944	1.636818
KPNA1	3	122421949	-1.655279
PCCB	3	136250306	0.65668
RBP1	3	139517434	2.135357
SLC25A36	3	140941830	-1.354411
RNF7	3	141738204	-0.968516
TFDP2	3	141944428	1.968476
XRN1	3	142306607	-0.446165
KAT2B	3	20040023	1.43956
BCHE	3	165772904	0.047077
PDCD10	3	167683298	0.089219
COL7A1	3	48564073	0.701756
FGF12	3	192139395	0.506395
HES1	3	194136145	-0.965821
TFG	3	100709331	-3.351949
HYAL1	3	50299889	6.763628
NPRL2	3	50347330	-0.033946
C3orf14	3	62318973	2.327973
CBLB	3	105655461	1.245613
BBX	3	107522936	-1.277741
GNB4	3	179396089	-0.955178
UMPS	3	124730366	5.873905
FRMD4B	3	69169990	-0.321109
PLXNA1	3	126988594	0.625295
ABTB1	3	127672935	-0.627206
PODXL2	3	127629181	0.726249
SCAP	3	47413694	-0.730746
MRPL3	3	131462212	0.965301
HEMK1	3	50569152	1.043555
CISH	3	50606490	1.30887
MAPKAPK3	3	50611520	1.571133
ACVR2B	3	38453851	4.899856
WDR48	3	39051998	-0.918111
COMMD2	3	149738470	-0.609835
GORASP1	3	39096659	-1.5394
RRP9	3	51933430	-2.727994
ABCC5	3	183919934	-1.347907
ABHD14B	3	51968510	0.606184
EIF1B	3	40309684	-0.739268
ARHGEF26	3	154121003	-0.148695
KLHL24	3	183635568	3.914104
PLCH1	3	155375580	0.8097
VIPR1	3	42489299	-1.301123
SSR3	3	156540140	-0.291186
CLCN2	3	184346185	1.130534
FOXP1	3	70954693	-2.214396
EIF4G1	3	184314495	0.721108
RARRES1	3	158696892	0.742393
PIGZ	3	196946343	-1.332521
SERP1	3	150541994	1.01767
PLS1	3	142596387	-0.155796
PDZRN3	3	73382433	0.708887
SEC22A	3	123201927	-0.475951
POPDC2	3	119636457	0.576872
SLITRK3	3	165186720	-1.858536
PIK3CA	3	179148114	-0.959364
ATP13A4	3	193402077	1.043472
HRASLS	3	193241125	0.785842
MRPS25	3	15042460	2.887197
CAPN7	3	15206152	1.716235
C3orf20	3	14675099	-1.068309
RBSN	3	15070073	3.038474
GALNT15	3	16174649	1.940367
SLC6A6	3	14402576	0.570288
PPARG	3	12287368	-1.123006
NUP210	3	13316235	1.189224
CAMK1	3	9757342	-2.24663
THUMPD3	3	9362842	0.952008
VHL	3	10141008	-0.924223
EDEM1	3	5187646	-3.445046
CNTN6	3	1092576	0.43884
CHL1	3	196596	0.135316
VILL	3	37988059	0.191129
FLNB	3	58008400	1.200994
ACTL6A	3	179562880	0.555715
SKIL	3	170357678	2.543884
DBR1	3	138161012	-1.543251
DNAJC13	3	132417526	0.238734
DIRC2	3	122794795	1.164754
SENP7	3	101324205	-2.184404
SUMF1	3	3700814	0.036526
CPNE9	3	9703807	-0.52233
FANCD2	3	10026414	0.499293
TAMM41	3	11790442	-1.640847
RAB5A	3	19947079	1.206243
GRIP2	3	14489111	1.08758
EAF1	3	15427355	0.162572
DYNC1LI1	3	32525971	0.748833
RBMS3	3	28574791	-0.321013
OSBPL10	3	31657890	0.445007
POMGNT2	3	43079232	-0.672253
ACKR2	3	42804752	-2.887352
FAM198A	3	42979267	-1.010735
SLC25A38	3	39383348	-1.168973
ITGA9	3	37452115	-0.446332
CTDSPL	3	37861960	-2.216964
STAC	3	36380344	-0.178064
IQSEC1	3	12897220	1.113422
CAND2	3	12796472	-0.985962
UBA3	3	69054730	-4.309463
TMF1	3	69019827	0.996534
LRIG1	3	66378797	4.032575
ZNF660	3	44578223	0.006076
NFKBIZ	3	101827991	-0.158383
COL8A1	3	99638475	3.785475
NXPE3	3	101779202	0.786246
MYH15	3	108380369	-1.112475
PHLDB2	3	111732497	0.106192
TAGLN3	3	111998664	-1.295115
PLA1A	3	119597842	1.838379
ATG3	3	112532509	-0.38497
NR1I2	3	119780484	-1.102434
SRPRB	3	133784033	-0.185126
TMEM108	3	133038391	-0.094433
MED12L	3	151085697	-0.750527
EIF2A	3	150546678	-1.01767
ALDH1L1	3	126103562	-1.634681
TRPC1	3	142724074	-0.306408
RUBCN	3	197671393	0.839735
AMT	3	49416775	-4.106381
CCDC39	3	180602858	1.169009
STXBP5L	3	120908072	0.229847
EIF2B5	3	184135038	-2.184438
ECE2	3	184249650	3.213852
ITPR1	3	4493348	-0.237409
THRB	3	24117160	-3.474134
NGLY1	3	25718944	3.110137
OXSM	3	25782917	-2.351246
CCDC50	3	191329077	0.422919
FBXL2	3	33277025	1.231169
UBP1	3	33388336	-1.794811
GTF2E1	3	120742637	0.179842
TOMM70	3	100363431	-3.271817
TNIK	3	171061339	-0.73475
TSEN2	3	12484432	0.419369
XPC	3	14145147	1.775542
FGD5	3	14818962	0.862826
PLCL2	3	16802651	-1.522423
RAB6B	3	133824239	-0.136493
PXYLP1	3	141228726	1.407798
RASA2	3	141487047	-0.684187
VPS8	3	184812143	-0.087691
BRPF1	3	9731729	-1.098368
RPUSD3	3	9837849	0.325937
EXOG	3	38496127	0.293367
ATP2B2	3	10324023	0.439709
LYZL4	3	42397078	-1.301123
SLC6A1	3	10992724	2.356745
SYN2	3	12004402	-0.741018
CACNA1D	3	53328963	1.159836
CACNA2D3	3	54122547	1.861013
APPL1	3	57227737	0.074603
DZIP1L	3	138061990	-1.339724
CLSTN2	3	139935185	2.135357
CHCHD6	3	126704220	1.489255
KALRN	3	124080023	7.066212
ANO10	3	43354859	-1.653418
NBEAL2	3	46979683	-0.838734
CCDC12	3	46921726	0.831516
MYL3	3	46857872	1.184131
DVL3	3	184155388	0.929788
AP2M1	3	184174689	0.024911
ABCF3	3	184186023	-0.540266
PCYT1A	3	196214222	4.308951
BDH1	3	197509783	0.898096
RPL29	3	51993600	0.319162
CLDN1	3	190305701	0.876314
FAM19A4	3	68731766	-0.514834
EOGT	3	68975214	1.819544
LMOD3	3	69106872	1.592471
SLC15A2	3	121894089	-0.397175
EIF4E3	3	71675416	0.803277
FSTL1	3	120392293	-1.23963
NEK10	3	27110085	-0.907535
EOMES	3	27715949	-1.072417
AZI2	3	28315003	-1.322535
TGFBR2	3	30606502	-1.206662
FBLN2	3	13549131	2.289713
STT3B	3	31532638	1.352123
SERPINI1	3	167735243	-0.714386
EFHB	3	19879472	-1.439514
PPM1L	3	160755602	-0.273089
SPICE1	3	113442718	0.671194
CCDC191	3	113964137	0.72599
CADPS	3	62398346	0.479996
SYNPR	3	63228315	-0.101166
THOC7	3	63833870	0.634012
CLRN1	3	150926163	0.05039
GMPS	3	155870536	1.247188
TIPARP	3	156673235	3.959095
CCNL1	3	157146508	-0.589296
PTX3	3	157436789	1.651633
DCLK3	3	36712422	-1.370337
SLMAP	3	57755450	0.20213
RPP14	3	58306247	-2.13642
ABHD6	3	58237506	-0.012258
IL17RE	3	9902612	-1.858515
IL17RC	3	9917074	0.572531
CRELD1	3	9933822	1.464157
PRRT3	3	9945542	-0.560153
PCOLCE2	3	142815922	1.578699
U2SURP	3	142964497	-1.35392
MTMR14	3	9649433	-0.744279
RYK	3	134065303	0.198857
SNRK	3	43286512	0.724316
KIAA1143	3	44737661	1.16278
SLC6A20	3	45755450	-0.924646
FYCO1	3	45917899	-5.279742
ELP6	3	47495640	1.232358
DTX3L	3	122564238	0.202738
NMNAT3	3	139560180	2.803925
TPRA1	3	127573069	-0.627206
YEATS2	3	183697818	-0.998393
POLR2H	3	184361718	0.4791
TMEM41A	3	185476496	-0.722448
SENP2	3	185582496	1.254919
IFT122	3	129440036	-4.775137
RHO	3	129528640	-2.153963
RFC4	3	186789880	-1.005489
BAP1	3	52401013	1.580272
TKT	3	53224707	2.249423
PRKCD	3	53156009	-0.978638
RFT1	3	53088483	-1.519365
SFMBT1	3	52903572	-2.847198
GNL3	3	52681156	4.420862
PBRM1	3	52545352	0.182506
FAM208A	3	56620133	-1.75904
UBXN7	3	196347662	0.963552
RNF168	3	196468783	-1.679686
PIGX	3	196639775	2.658866
CDC25A	3	48157146	-3.986475
ZNF589	3	48241100	-3.719802
PLXNB1	3	48403854	1.794558
ATRIP	3	48446710	-1.86438
BSN	3	49554489	1.631541
APEH	3	49674002	-1.751067
RNF123	3	49689499	0.268658
CAMKV	3	49857988	-0.779336
MON1A	3	49908862	7.00908
RAD54L2	3	51541144	2.503778
TEX264	3	51662693	-1.223309
GRM2	3	51707070	-1.227069
PPM1M	3	52245793	3.028238
WDR82	3	52254421	2.761986
TRANK1	3	36826820	0.498875
TTC21A	3	39107704	2.140019
RPSA	3	39406689	0.023356
ENTPD3	3	40387156	-0.398702
CTNNB1	3	41194837	1.285092
GLYCTK	3	52287089	4.420862
NT5DC2	3	52524385	-2.674658
PDHB	3	58427630	2.223006
KCTD6	3	58492114	-4.664868
FAM107A	3	58564117	0.063374
CX3CR1	3	39263494	-0.688683
FILIP1L	3	99830141	3.90881
GFM1	3	158644278	2.963264
SLC35G2	3	136818647	1.345469
ZBBX	3	167240287	0.024285
HSPBAP1	3	122740003	0.533927
B3GALNT1	3	161083883	-1.843543
KCNAB1	3	156037701	-0.031937
SLC33A1	3	155821024	0.052872
ARL13B	3	93980139	-2.439595
CNBP	3	129169484	0.827969
NLGN1	3	173396284	0.124809
BTD	3	15601341	0.434567
ROBO1	3	78597240	0.609484
P2RY1	3	152834693	1.538226
TM4SF1	3	149369022	-0.404813
TMEM42	3	44861869	2.542224
ZNF35	3	44648727	2.201436
MYRIP	3	39808914	1.434561
ALCAM	3	105366909	2.952795
UBE2E1	3	23805903	1.838719
SETMAR	3	4303304	-0.835394
LSM3	3	14178358	2.585948
TMEM43	3	14124940	-0.703103
TRH	3	129974305	2.375668
FAM86JP	3	125916620	1.086982
MFN1	3	179347692	-0.336635
KCNMB3	3	179236691	1.383832
JAGN1	3	9890554	-0.572531
TADA3	3	9779860	-0.152888
LRRC34	3	169793428	0.029748
GAP43	3	115623324	0.608805
LAMB2	3	49121114	6.747001
QARS	3	49095932	-2.769023
NME6	3	48293264	3.986475
CXCR6	3	45940933	1.232951
RAB43	3	129087569	1.247124
ZNF621	3	40524878	0.027962
OXSR1	3	38165089	-0.530778
GXYLT2	3	72888073	-2.018416
ARPP21	3	35638945	-0.700653
GOLGB1	3	121663199	-1.784995
CCDC36	3	49198428	-5.424987
MST1	3	49683947	2.175012
SUSD5	3	33150042	-0.117793
HEG1	3	124965710	-2.649854
PHC3	3	170086732	-0.728677
GPR160	3	170037929	0.251798
GOLIM4	3	168008677	2.780713
CEP19	3	196706277	1.912097
FBXO45	3	196568611	2.893514
MSL2	3	136148922	-1.677238
KY	3	134603138	0.71114
RPL15	3	23916545	-2.449779
DENND6A	3	57625457	2.40495
PDE12	3	57556276	1.058893
DNAH12	3	57293699	3.505327
RSRC1	3	158105855	0.017002
PQLC2L	3	157543246	-1.213021
GPR149	3	154337672	-1.290794
DHX36	3	154272546	-0.134171
ZIC4	3	147386046	-0.285957
CHST2	3	143119331	-2.855805
ATR	3	142449235	1.036234
ZNF654	3	88059274	1.899495
PSMD2	3	184298709	-1.295767
FAM131A	3	184335926	-4.276519
PARL	3	183829385	-1.375415
CCDC14	3	123897305	2.197037
RUVBL1	3	128064778	-2.449081
LRRN1	3	3799437	0.049919
TMEM39A	3	119429500	0.724326
USF3	3	113648385	0.950793
B3GNT5	3	183253244	0.399991
MUC20	3	195720882	-0.810034
ZBTB38	3	141324213	1.368471
NR2C2	3	14947584	0.06374
ARIH2	3	48918821	6.106354
TBL1XR1	3	177019340	-1.26482
ACAD9	3	128879596	-0.347419
NAALADL2	3	174438573	-3.714131
NECTIN3	3	111070071	-1.8174
ZNF620	3	40505992	0.372331
NDUFAF3	3	49020459	-0.064779
DALRD3	3	49015488	-2.430725
P4HTM	3	48989886	-6.313563
SLC25A20	3	48856931	-0.900982
EPM2AIP1	3	36985043	1.720045
DHFRL1	3	94047836	0.097934
ZNF852	3	44498970	-0.599074
TCAIM	3	44338119	-0.136521
HCLS1	3	121631399	2.210567
PAK2	3	196739857	1.221461
MB21D2	3	192796815	2.037407
MAP6D1	3	183815876	-0.49546
TMEM45A	3	100492619	0.882976
RAP2B	3	153162270	0.76051
TMIE	3	46701333	0.27585
ZBTB20	3	114314501	-0.308472
C3orf58	3	143971798	1.5168
SIAH2	3	150741127	-0.319837
TIGIT	3	114276913	1.380728
UBA7	3	49805207	-1.054564
UBE2E2	3	23203020	1.07447
CEP97	3	101723925	0.612852
SATB1	3	18345387	-0.463357
EPHB3	3	184561784	-0.849701
TRAK1	3	42013802	0.864724
RPL35A	3	197949987	-0.424385
CEP63	3	134485743	-1.650056
CNOT10	3	32685145	-0.117793
GABRR3	3	97986673	-0.30534
TRAIP	3	49828599	-0.779336
MAATS1	3	119703022	-1.736169
KCNH8	3	19148454	1.517089
PPP1R2	3	195514425	3.604578
CMSS1	3	99817834	-0.51083
ACTRT3	3	169766921	-1.769835
COPB2	3	139355600	-1.95059
PROS1	3	93873033	-0.080362
H1FX	3	129314771	-0.555157
ROBO2	3	75906695	-0.391289
FAM43A	3	194686544	-2.40749
ZNF445	3	44431720	1.071406
LSAMP	3	115802363	-1.147842
LMLN	3	197960200	-0.424385
WDR53	3	196554177	1.036195
KLHDC8B	3	49171611	-3.502574
LRCH3	3	197791226	-0.20265
CIDECP	3	10014238	1.156999
ZNF197	3	44584888	-1.047391
HYAL3	3	50292831	3.837081
C3orf70	3	185078050	-0.210113
CCK	3	42257825	-0.629155
KBTBD12	3	127915232	-1.362179
TMPPE	3	33090421	-1.38513
C3orf62	3	49268602	2.430725
SLC38A3	3	50205246	2.725964
PAQR9	3	142949164	-2.413734
RPL14	3	40457292	0.869428
APOD	3	195568702	0.000427
FHIT	3	59749310	-2.345128
IL1RAP	3	190514051	-0.356466
SRGAP3	3	8980591	-0.866901
GRM7	3	6770001	-1.629896
ZKSCAN7	3	44555193	1.152414
CPNE4	3	131533555	-0.160972
TSC22D2	3	150408335	0.740373
PIK3R4	3	130678935	-1.346699
HRH1	3	11137093	-0.930602
CD47	3	108043298	0.604105
WDR5B	3	122412332	3.126254
VEPH1	3	157259742	-1.001634
TXNRD3	3	126607052	-0.514677
NKIRAS1	3	23891660	0.489815
LEKR1	3	156825481	1.876306
QRICH1	3	49029707	4.496183
NUDT16	3	131381671	0.607832
OPA1	3	193593144	-0.700245
SELT	3	150602875	-1.997816
DZIP3	3	108589682	-0.227972
GMNC	3	190852877	-0.156457
H1FX-AS1	3	129315392	-0.891416
CFAP44	3	113286947	0.671194
VGLL3	3	86876388	1.238623
PRSS50	3	46712116	1.987773
TRIM71	3	32818018	-0.905968
ZCWPW2	3	28349146	-0.870788
ANKRD28	3	15667236	1.135032
COLQ	3	15450133	-1.416862
METTL6	3	15381275	0.144552
THUMPD3-AS1	3	9349689	-1.069554
SACM1L	3	45689056	-0.91251
TCTEX1D2	3	196291219	-2.56467
CRYGS	3	186538441	-0.383963
HNRNPA3P6	3	75214631	-0.389908
TMEM110	3	52836219	0.976503
NCKIPSD	3	48673844	-6.313563
TREX1	3	48465811	1.854161
AC098614.2	3	27632976	-1.387549
AC024560.3	3	197578213	1.771833
RP11-166N6.1	3	150871045	1.287475
ARIH2OS	3	48917788	-4.255365
ENTPD3-AS1	3	40313802	-0.393538
SH3BP5-AS1	3	15254184	-1.993364
LINC01266	3	536231	0.361008
SLC26A6	3	48625723	4.120315
FGD5-AS1	3	14920347	2.630275
LINC00606	3	10759484	-0.418867
BSN-AS2	3	49549306	1.971231
LMCD1-AS1	3	7952805	-1.094317
KIF9-AS1	3	47164497	1.175994
MFI2-AS1	3	196999460	3.14621
COL6A4P2	3	130212823	-2.483444
SATB1-AS1	3	18445024	0.678556
KRT8P12	3	160565447	0.73757
RPL4P4	3	185417495	0.721108
HSPD1P6	3	36767117	0.737056
U73166.2	3	50260303	-7.00908
LINC00852	3	10284419	0.325231
RP11-723O4.2	3	128861313	0.882055
TMEM44-AS1	3	194584011	-0.032072
TMA7	3	48440257	2.709196
RP11-143P4.2	3	193144464	0.77999
GPX1	3	49357176	-1.246705
ITGA9-AS1	3	37745432	-0.045248
BHLHE40-AS1	3	4896809	-0.184591
TM4SF19-AS1	3	196318330	-3.080196
VEZF1P1	3	193155456	1.096057
FAM157A	3	198153287	0.917685
AC024560.2	3	197660565	-0.922825
NCK1-AS1	3	136841726	-1.492377
RP11-379K17.4	3	169939353	2.404592
CLRN1-AS1	3	150852484	-0.627518
RP11-384F7.2	3	117672154	-3.20264
PSMD6-AS2	3	64004022	-0.955761
RP11-379F4.4	3	158732263	-2.329153
GHRLOS	3	10285754	1.247729
ACAD11	3	132558138	0.956722
LRRFIP1P1	3	179259028	0.239435
RP11-3P17.4	3	161426427	-0.980127
ISY1	3	129127415	-3.477361
KRBOX1	3	42809483	-0.104933
LINC00886	3	156747346	-0.636376
PLCXD2	3	111674676	-1.443392
SUCLG2-AS1	3	67654697	-0.087024
PTPRG-AS1	3	62260865	0.397506
ARPC4	3	9792495	-0.805081
PAQR9-AS1	3	142960650	0.318219
LINC00969	3	195658062	-1.109367
AC007620.3	3	179396961	-0.557657
SOX2-OT	3	180989770	-1.27654
ARHGEF26-AS1	3	154024401	0.628163
NAT6	3	50296402	-0.927994
RP5-966M1.6	3	52813282	-2.398548
DUBR	3	107240692	-1.472524
THAP12P2	3	86012561	4.02221
RP11-379K17.2	3	169931998	1.558921
RP11-404G16.2	3	133760300	-0.576241
ALDH1L1-AS2	3	126180065	-1.634681
NUDT16P1	3	131361898	1.688357
TWF2	3	52228610	-1.754101
TMEM110-MUSTN1	3	52833121	1.510078
RP11-77P16.4	3	130112550	-2.483444
TMEM158	3	45224466	-0.409228
ARPC4-TTLL3	3	9793082	0.028205
RP11-442N1.1	3	139688403	-0.396239
RPL32P3	3	129382922	4.458233
LINC01267	3	14348451	-1.336904
BRK1	3	10115592	1.326803
RP11-536I6.2	3	14272373	0.736528
RP11-80H18.3	3	58306262	1.255113
EBLN2	3	73061659	-0.961753
ZBTB11-AS1	3	101676475	-2.287648
RBM15B	3	51391268	-2.808933
RP11-166N6.3	3	150882997	-1.311302
RP11-71H17.7	3	124723788	0.577972
RP11-16N11.2	3	160753428	0.04754
RP11-375I20.6	3	134347288	-2.536554
RP11-255C15.3	3	179340322	0.172175
RP11-723O4.9	3	128859716	0.882055
RP11-517B11.7	3	131455126	1.166452
RP11-102M11.2	3	136752630	-0.633849
ISY1-RAB43	3	129087575	-1.303919
RP11-379K17.12	3	170087810	1.314656
RP11-816J6.3	3	169769649	1.082293
RP11-1020A11.1	3	9935706	-1.221934
RP11-1020A11.2	3	9958717	0.755936
RP11-362K14.5	3	169777192	-0.100396
RP11-362K14.7	3	169793495	-2.454476
NCBP2-AS2	3	196942623	0.806727
RP11-259K5.2	3	37241789	-1.196255
RP11-694I15.7	3	49140086	-3.465689
RP11-10C24.1	3	33797149	0.913656
RP11-97C16.1	3	3152942	-0.860347
RP11-884K10.7	3	53858994	-0.560378
RP11-285J16.1	3	37182107	-0.09792
RP11-348P10.2	3	44667412	-1.152414
RP11-802O23.3	3	58428255	1.006043
RP11-438J1.1	3	10249372	-0.418867
RP11-433A10.3	3	72178279	-0.225556
DCP1A	3	53283428	2.249423
RP13-616I3.1	3	197505262	-0.020893
RP11-67L2.2	3	122886941	0.448293
RP11-136C24.3	3	42809446	-1.010735
RP11-804H8.6	3	50669989	0.656899
RP11-383I23.2	3	99802699	0.899066
RP11-434H6.7	3	129163606	-0.526453
RP11-731C17.2	3	136837338	-2.468793
RP11-861A13.3	3	108036718	0.761048
RP11-316N24.2	3	154334809	-0.253187
RP11-170K4.2	3	158869898	-0.654976
RP11-147G7.3	3	112525548	-1.399896
RP11-44D5.2	3	15731877	-0.168236
RP11-185E8.2	3	171460612	2.456005
RP11-155D18.13	3	51951849	2.503778
EIF1B-AS1	3	40173145	-0.306818
RP11-640L9.2	3	36823151	-1.484724
RP11-949J7.8	3	49416777	-0.547752
LAP3	4	17577192	-1.166
MAN2B2	4	6575175	-0.04982
SLC30A9	4	41990472	-0.13069
RFC1	4	39287456	1.85087
AGA	4	177430770	0.6143
PI4K2B	4	25233975	-0.31666
BOD1L1	4	13568738	-0.46075
TLL1	4	165873258	0.5564
POLR2B	4	56977722	-0.19951
FAM184B	4	17629306	-0.40282
TNIP3	4	121131408	1.36839
MSMO1	4	165327623	-1.28547
ANAPC4	4	25377213	-0.97123
HPF1	4	169729465	-0.8394
NPFFR2	4	72031804	0.02233
GATB	4	151670504	0.70987
GUCY1B3	4	155758992	-1.20448
RNF4	4	2462220	-0.12767
LIMCH1	4	41359607	0.3449
TBC1D1	4	37891087	0.34207
WDR1	4	10074339	1.65291
LNX1	4	53459301	4.4627
CRMP1	4	5748084	2.03184
EVC	4	5711197	-0.84052
ALPK1	4	112285509	0.2564
PPP2R2C	4	6320578	1.26651
TXK	4	48066393	0.20226
JADE1	4	128809623	-0.93985
UBE2K	4	39698044	-0.38357
CXCL2	4	74097035	0.59687
LINC01587	4	5524569	-0.49112
FAT1	4	186587783	3.60204
YTHDC1	4	68310387	-1.34174
NOA1	4	56963370	2.53176
SH3BP2	4	2793023	-0.42688
NOP14	4	2937933	-1.177
F11	4	186265945	1.65791
SEL1L3	4	25747427	-1.01857
TMEM33	4	41935120	0.42224
GABRA4	4	46918900	-0.94239
SLAIN2	4	48341322	-0.09865
OCIAD1	4	48805212	0.3788
USP46	4	52590972	1.47461
CHIC2	4	54009789	1.63624
KIAA1211	4	56049073	1.10113
LAMTOR3	4	99878336	-5.61386
UBE2D3	4	102794383	-0.54265
MAPK10	4	86015123	-2.13452
ELF2	4	139028112	-0.35561
NDUFC1	4	139266880	1.92426
TBC1D9	4	140620765	-0.49051
ZNF330	4	141220887	1.5519
INPP4B	4	142023160	-3.88193
CPE	4	165361194	-0.95347
WFS1	4	6269849	1.35443
GRPEL1	4	7058906	2.6386
GAR1	4	109815510	-0.69345
FRG1	4	189940788	1.19606
CLCN3	4	169612633	1.7073
AADAT	4	170060222	0.17249
DHX15	4	24517441	-2.28303
SOD3	4	24789912	-0.82758
SEPSECS	4	25120014	0.61872
SLC2A9	4	9771153	-1.33292
FBXW7	4	152321259	0.37646
TBC1D19	4	26576437	1.92739
SH3D19	4	151102751	-0.99322
GLRB	4	157076057	1.09774
RAPGEF2	4	159104178	1.63665
SNX25	4	185204237	0.4325
LRP2BP	4	185363879	0.28879
UFSP2	4	185399540	-1.88156
KLF3	4	38664196	-2.20402
KLHL5	4	39045039	-1.01993
FAM149A	4	186104419	1.22696
PPARGC1A	4	23755041	2.38283
FBXL5	4	15604539	0.53838
MED28	4	17614631	-0.02679
PKD2	4	88007668	-2.00553
SPP1	4	87975650	-0.48387
CCNI	4	77047158	-0.70197
GRIA2	4	157204182	0.264
SLC10A7	4	146253975	-0.04692
KIAA0922	4	153466346	-0.4772
PDS5A	4	39822863	-0.6968
LIAS	4	39459000	1.48736
EXOSC9	4	121801317	0.11349
PLA2G12A	4	109709989	1.24973
GRK4	4	2963608	-0.67575
RASL11B	4	52862290	0.88309
PAICS	4	56435741	0.56457
KDR	4	55078477	-0.62256
PPAT	4	56393362	0.56457
SPCS3	4	176319964	-0.68268
DCTD	4	182890060	0.72164
POLN	4	2071918	2.22285
ZNF141	4	337814	0.01267
TMEM128	4	4235542	-1.45276
GRSF1	4	70815782	-0.15352
UTP3	4	70688479	0.97422
TMEM165	4	55395957	-1.17859
CLOCK	4	55427903	1.63685
TEC	4	48135783	0.52145
FGFBP2	4	15960243	-0.12129
FHDC1	4	152936352	-2.02108
TLR2	4	153701500	0.11408
FAM13A	4	88725955	-2.43187
HERC6	4	88378739	-1.31732
ZGRF1	4	112539333	0.6057
COPS4	4	83034447	0.59406
HNRNPD	4	82352498	-0.12365
PRKG2	4	81087370	0.19418
RASGEF1B	4	81426393	-0.14814
BBS7	4	121824440	-0.38948
KIAA1109	4	122152333	-0.25214
BMPR1B	4	94757968	2.14705
RAP1GDS1	4	98261384	0.43649
LARP1B	4	128061268	-1.60714
MMRN1	4	89879532	-0.30956
PDE5A	4	119494395	-2.77589
PRDM5	4	120684919	-0.4703
TRPC3	4	121879027	-1.425
NAAA	4	75913657	-0.81155
NUP54	4	76114659	0.09251
SEPT11	4	76949703	0.17181
FRAS1	4	78057570	-1.97248
ANXA3	4	78551519	-3.15601
CENPE	4	103105806	-1.55335
GSTCD	4	105708778	0.63665
INTS12	4	105682627	-0.57319
HADH	4	107989714	1.16478
EGF	4	109912884	-0.03966
PAPSS1	4	107590276	-2.31049
SEC24B	4	109433772	-0.17649
PPP3CA	4	101023409	0.57312
MTTP	4	99563761	-2.01985
SLIT2	4	20253260	-1.31037
FIP1L1	4	53377643	-0.77451
LYAR	4	4267701	0.59013
EPHA5	4	65319563	-1.0652
CORIN	4	47593998	0.79713
SLC10A4	4	48483343	0.1177
SCD5	4	82629539	-0.38996
ENOPH1	4	82430562	0.39448
KLHL8	4	87160103	1.99527
PYURF	4	88520985	0.9842
CAMK2D	4	113451032	-1.32182
DDIT4L	4	100185870	-5.05061
TIFA	4	112274542	0.33936
SPATA5	4	122923074	-1.48497
CCNA2	4	121816444	-1.20696
METTL14	4	118685368	-0.38931
USP53	4	119212587	2.41497
SETD7	4	139495941	-0.21558
MARCH1	4	163524298	0.8785
RPS3A	4	151099573	-0.01471
PDGFC	4	156760454	0.62386
GLRA3	4	174636914	-0.10986
CYP4V2	4	186191520	-0.01856
GPM6A	4	175632934	0.01314
WDR17	4	176065834	1.21712
VEGFC	4	176683538	-0.1117
SEC24D	4	118722823	1.41746
SLC7A11	4	138164097	0.14044
EIF4E	4	98871684	0.23922
ANKRD50	4	124664052	-0.385
SCLT1	4	128864921	-0.28512
C4orf33	4	129093317	0.10481
MMAA	4	145618263	0.08542
POU4F2	4	146638893	2.92908
ACSL1	4	184755595	-0.10684
GUF1	4	44678427	-0.67951
SPARCL1	4	87473335	0.05307
PRDM8	4	80183879	-0.53876
BMP3	4	81030965	1.46259
STK32B	4	5051442	1.25324
JAKMIP1	4	6026199	-1.03321
ADGRA3	4	22345071	-1.26188
LGI2	4	24998847	0.24852
BANK1	4	101411286	1.56575
SCOC	4	140257286	-0.70655
SMARCA5	4	143513463	1.09914
C4orf19	4	37453941	1.55791
UCHL1	4	41256413	0.84236
SH3RF1	4	169094256	-0.52253
SORBS2	4	185585444	-1.13707
DKK2	4	106921802	-0.29293
CYP2U1	4	107931369	0.37829
ADAMTS3	4	72280969	0.07155
SLC34A2	4	25655301	1.76674
WDR19	4	39182404	-0.34074
RAB28	4	13361354	0.10285
SPON2	4	1166932	-2.45783
RGS12	4	3293028	1.57205
SGCB	4	52020706	1.67816
SPATA18	4	52051331	-0.77075
SMARCAD1	4	94207611	-3.62718
PDLIM5	4	94451857	-0.94491
STPG2	4	97184093	0.16701
PACRGL	4	20696282	-1.16137
DCAF16	4	17800655	0.60812
GNPDA2	4	44682200	1.44671
GABRB1	4	46993723	-0.08588
NIPAL1	4	47914142	1.77598
ANTXR2	4	79901149	1.93362
HELQ	4	83407343	1.3239
MRPS18C	4	83455932	-1.14508
FAM175A	4	83459517	-0.27285
CDS1	4	84582979	-0.32297
WDFY3	4	84669610	-0.25263
COX18	4	73052362	1.10662
ALB	4	73397114	1.04273
RBM47	4	40423267	1.36032
APBB2	4	40810027	-0.92705
MTHFD2L	4	74114174	0.31387
CCDC158	4	76312997	0.83738
SLBP	4	1692800	-1.11044
LRPAP1	4	3506376	1.23964
ABLIM2	4	7965310	-0.41985
AIMP1	4	106315544	-0.36204
METAP1	4	98995620	-2.77521
EMCN	4	100395341	3.14231
SLC9B2	4	103019868	-0.59946
BDH2	4	103079435	-1.77745
PGRMC2	4	128269237	-0.81617
INTU	4	127623271	1.49088
MFSD8	4	127917805	5.43824
ABHD18	4	127965306	-5.43824
ETNPPL	4	108742040	-0.70382
HMGB2	4	173331695	0.37783
SAP30	4	173369969	-0.91996
MAD2L1	4	120055608	-0.67661
MAP9	4	155342658	-0.59043
FBXO8	4	174236658	-0.29639
CEP44	4	174283677	-0.19404
HPGD	4	174490177	0.80144
FAM198B	4	158124474	-1.40513
NAA15	4	139301455	1.41814
IL15	4	141636599	-0.14722
FAM160A1	4	151409216	-0.52652
HHIP	4	144646021	1.27868
OTUD4	4	145110838	-0.05431
LSM6	4	146175685	-0.68285
PRMT9	4	147637785	1.20757
CASP3	4	184627696	0.59902
PRIMPOL	4	184649613	0.34991
CFAP97	4	185159665	0.42135
TLR3	4	186069152	-1.32985
THAP9	4	82900684	2.13051
RBPJ	4	26163455	-1.36979
ZCCHC4	4	25312785	-1.4121
IRF2	4	184387713	0.35532
CDKN2AIP	4	183444591	-0.39964
TSPAN5	4	98470367	-0.38603
STX18	4	4415742	2.21477
NSG1	4	4348140	-0.1645
ZBTB49	4	4290251	0.48696
FSTL5	4	161383897	-1.23812
TNIP2	4	2741648	0.49536
TMEM129	4	1715952	-1.18124
COMMD8	4	47450796	0.56518
PGM2	4	37826633	-1.06729
CXCL8	4	73740506	0.67387
RASSF6	4	73571550	1.30949
LDB2	4	16501541	1.32775
TACR3	4	103586031	-1.1642
PCDH7	4	30720415	-0.31275
TIGD4	4	152769354	-0.36488
SMAD1	4	145481194	0.30343
DCLK2	4	150078274	-0.38284
NFXL1	4	47847233	-0.81821
ELOVL6	4	110045846	-0.17446
AC093323.3	4	6673451	0.36318
NUDT6	4	122888697	0.53632
PPID	4	158709134	-1.64934
PLRG1	4	154535006	1.32969
RAB33B	4	139453232	-1.35998
AFF1	4	86935002	1.68538
TADA2B	4	7041899	2.63809
CCDC96	4	7040849	0.10715
EVC2	4	5542772	-0.29977
STOX2	4	183798022	-0.04299
NDNF	4	121035613	0.56115
MOB1B	4	70902326	1.408
PIGG	4	499210	-0.34945
GALNTL6	4	171812254	-3.06351
UGT8	4	114598455	0.24662
C4orf32	4	112145397	1.18522
SRP72	4	56466915	0.61182
THAP6	4	75513946	-0.43604
BTC	4	74744759	-2.15792
NAP1L5	4	88695915	0.46282
AC108142.1	4	181874438	0.98797
ZNF518B	4	10439874	0.87089
LCORL	4	17841199	1.22899
RNF212	4	1056250	-1.56816
NEUROG2	4	112513516	0.87373
MRFAP1L1	4	6707701	-0.05728
NSUN7	4	40749897	-0.73018
TIGD2	4	89111500	-2.76361
WDFY3-AS2	4	84965682	-0.66338
C4orf50	4	5897591	-0.24111
MAB21L2	4	150581922	0.79521
CCDC149	4	24806117	0.07761
UNC5C	4	95162504	-0.27613
DCAF4L1	4	41981696	0.23996
RWDD4	4	183639635	1.43147
ZNF721	4	425815	1.56973
LRIT3	4	109848202	-0.86447
SORCS2	4	7192538	-6.9024
NELFA	4	1982714	-0.1197
GPRIN3	4	89236386	0.48567
PCGF3	4	705748	-1.31086
KCNIP4	4	20728616	-0.00887
NAT8L	4	2059512	0.36703
SOWAHB	4	76894928	-1.49013
BLOC1S4	4	6716055	0.63779
ANKRD37	4	185396021	-0.46464
TMPRSS11A	4	67909385	0.18873
COL25A1	4	108810721	1.0389
BEND4	4	42110938	-1.86362
MSANTD1	4	3244369	0.11735
FAM47E	4	76214040	-0.21623
PCDH18	4	137518918	1.07464
LIN54	4	82909973	2.56946
SPOCK3	4	166733384	-0.7002
AFAP1	4	7758714	-0.24641
MAML3	4	139716753	1.79679
CTBP1-AS2	4	1249300	-0.58049
HTT	4	3074681	-0.17709
DCHS2	4	154232037	-2.51723
FAM114A1	4	38867677	-0.69637
ADH5	4	99070978	-0.05465
ZNF876P	4	212610	-0.47628
CNGA1	4	47935977	-1.10118
LRBA	4	150264531	-0.65978
OSTC	4	108650584	1.24641
C4orf47	4	185426249	1.49379
C4orf46	4	158666679	-0.33852
CFI	4	109740694	1.24973
RP11-689P11.2	4	8482270	-1.29412
CFAP99	4	2418974	1.6631
MYL5	4	673580	0.92313
TENM3	4	182143987	-2.63072
RP11-472B18.1	4	39480255	-0.30867
LRRC37A15P	4	102727274	1.31217
RPL34-AS1	4	108538190	-0.99892
FAM200B	4	15681662	-0.15622
RP11-1191J2.2	4	652850	0.23302
RP11-10K16.1	4	173131928	0.35609
RP11-696N14.1	4	99088857	-0.17446
STX18-AS1	4	4542131	-1.80871
SEC24B-AS1	4	109347475	-1.41073
FAM13A-AS1	4	88709789	-0.50831
RP11-499E18.1	4	102418602	-0.19264
LINC00290	4	181064089	-2.70793
RP11-205M3.3	4	169917761	-1.01904
LINC00504	4	14470465	0.29574
USP46-AS1	4	52659406	-4.71754
KRT8P46	4	102728746	0.89795
UGDH-AS1	4	39528019	0.80736
RP11-665C14.2	4	181261161	-0.02862
RP11-440L14.1	4	762387	0.97348
RP11-177C12.1	4	37868292	-0.1344
RP11-586D19.1	4	6200733	0.16467
MTND4P9	4	25718082	0.40187
RP11-9G1.3	4	133075311	1.0916
ZNF718	4	124480	-0.47127
RP11-284M14.1	4	142933195	3.88193
RPSAP70	4	186157896	0.96648
FAM218A	4	164956948	-2.59221
RP11-529H2.1	4	87261931	0.30087
RP11-6L6.2	4	146214515	0.39133
ENPP7P11	4	9677308	0.64596
AC141928.1	4	3758748	2.39096
THAP9-AS1	4	82893009	1.85471
RP11-420A23.1	4	128292751	-0.10241
RP11-164P12.3	4	151674483	-1.566
RP11-539L10.3	4	6670725	-0.95886
ABCA11P	4	425435	0.42674
RP11-774O3.3	4	8355090	0.74163
FAM86EP	4	3941760	-1.35731
PIGY	4	88521573	-3.76335
RP11-539G18.3	4	39639140	-1.42922
RP11-121C2.2	4	47840122	0.92663
RP11-588K22.2	4	155734448	0.68351
RP11-395I6.3	4	40166675	-0.75945
RP11-73K9.2	4	112229561	-0.00329
RP11-731J8.2	4	47431960	0.0399
RP11-448G15.3	4	10068089	0.66879
RP11-529E10.6	4	3503597	-0.72412
TAPT1-AS1	4	16226685	0.42255
MIR4453	4	152536264	-0.83226
SNHG8	4	118278709	1.38561
RP11-372K14.2	4	151139991	0.3134
RP11-710C12.1	4	95549129	0.37428
RP11-326I11.3	4	184474802	1.48625
FAM47E-STBD1	4	76251721	-0.92666
RP11-440L14.4	4	757022	0.52648
ZNF595	4	53285	0.87957
RP11-127B20.3	4	82374301	-0.08933
RP11-798M19.6	4	173363780	-0.14402
RP11-170N16.3	4	122881878	0.39687
RP11-83A24.2	4	139411927	-1.3927
RP11-218F10.3	4	163529771	0.98679
RP11-756P10.6	4	188740507	0.10946
RP11-164P12.5	4	151669786	-0.52652
RP11-254A24.2	4	91603275	-0.12899
FLJ38576	4	186189032	0.6149
RP11-326I19.2	4	4820405	0.09582
SEPSECS-AS1	4	25160641	-0.02324
RP11-231C18.3	4	53377839	0.19568
GTF2IP12	4	119407967	-0.51545
RP11-1263C18.2	4	577168	1.09444
RNF14	5	141958328	-0.87104
MATR3	5	139293648	1.07912
GABRA1	5	161847063	0.63803
BRD9	5	850291	-1.90131
FAM13B	5	137937960	3.94238
RPL26L1	5	172958729	-0.92644
NSUN2	5	6599239	-0.62142
MFAP3	5	154038906	-0.52153
MAT2B	5	163503114	-0.25413
VCAN	5	83471465	-2.52895
SKIV2L2	5	55307760	-0.07134
DNAH5	5	13690331	-1.09834
ZFYVE16	5	80408013	1.0553
RAI14	5	34656237	-3.71408
SPDL1	5	169583634	-2.48687
CDH10	5	24487100	-1.57036
CTNNA1	5	138610967	0.36159
YTHDC2	5	113513683	-0.18726
ADAMTS6	5	65148736	2.63684
HEXB	5	74640023	-0.06569
PTCD2	5	72320367	-5.09301
MAPK9	5	180233143	0.80147
THOC3	5	175917873	0.36806
FSTL4	5	133196455	0.72535
CYFIP2	5	157266079	-2.26563
ZFR	5	32354350	-0.92357
RIOK2	5	97160867	0.36902
PRDM6	5	123089121	-1.8087
GPBP1	5	57173948	2.22301
SLC12A2	5	128083766	-1.74902
SNX24	5	122843439	0.58405
SNCAIP	5	122311354	-2.64792
ISOC1	5	129094751	-3.29057
DHX29	5	55256245	1.89787
KIF2A	5	62306162	-1.50264
TRPC7	5	136213320	3.08461
MAST4	5	66596361	-1.11931
FGF10	5	44303544	-1.40785
NDST1	5	150485818	1.1048
TCOF1	5	150357639	-0.69692
TRIP13	5	892643	-1.34457
AFF4	5	132875379	0.56395
HMMR	5	163460203	-1.09836
STK10	5	172042073	-0.00717
CDHR2	5	176542511	-1.10721
TCF7	5	134114711	-6.06562
MEF2C	5	88717117	-0.52874
KIAA0141	5	141923808	-1.583
PCDHB4	5	141121799	0.61665
PCDHA6	5	140827958	-0.33334
PCDHGA2	5	141338760	2.21704
WDR70	5	37379212	1.14553
C1QTNF3	5	34019448	-0.68478
MRPL22	5	154941070	0.14411
GEMIN5	5	154887416	-0.76463
TNPO1	5	72816312	-5.09301
OXCT1	5	41730065	0.07398
AK6	5	69350984	1.3477
SCAMP1	5	78360583	-1.4731
IPO11	5	62403972	-2.1887
UIMC1	5	176905005	1.55321
RBM27	5	146203600	0.03023
SEMA6A	5	116443616	-0.78882
PCDHB2	5	141094578	-0.33334
HARS2	5	140691426	-0.06981
NUDT12	5	103548855	1.04614
SEMA5A	5	9035026	1.02555
C7	5	40909252	0.1707
GHR	5	42423777	-0.49323
BRD8	5	138139766	-0.69909
NNT	5	43602692	0.19035
HSPA9	5	138554882	-1.68802
MRPS27	5	72219409	-2.40604
PFDN1	5	140245039	-0.32776
HBEGF	5	140332843	-1.85814
LOX	5	122063195	-2.64792
CDH9	5	26880600	0.57912
APBB3	5	140558268	0.78939
TMCO6	5	140639427	-1.49444
SPARC	5	151661096	1.2755
HMGCR	5	75336329	1.55824
COL4A3BP	5	75368486	-0.59868
FAF2	5	176447628	1.06716
PCDHB3	5	141100473	-2.76478
PCDHB5	5	141135218	0.20274
PCDHB6	5	141150022	0.61665
PCDHB7	5	141172619	-0.62687
PDE8B	5	77210449	0.51717
CLK4	5	178602664	-2.17222
PCDHB15	5	141245349	3.7304
THG1L	5	157731197	-0.63586
ARSB	5	78777209	-1.13352
CLINT1	5	157785743	-0.12941
CNOT6	5	180494412	-1.82764
TTC1	5	160009113	-1.90637
MSH3	5	80654648	-0.40802
RASGRF2	5	80960672	0.17364
POLR3G	5	90471748	1.57384
DROSHA	5	31400497	-0.39595
CDH6	5	31193750	-0.6967
LMNB1	5	126776623	-0.72022
ARRDC3	5	91368724	0.01736
SUB1	5	32531633	-1.2903
NPR3	5	32689070	0.00996
TARS	5	33440696	-0.30231
LNPEP	5	96935394	1.9274
PDE4D	5	58969038	2.88183
ST8SIA4	5	100806935	1.40349
PCDH12	5	141943585	2.2274
SKP1	5	134148935	-2.39258
NR3C1	5	143277931	-0.30378
PPWD1	5	65563236	-1.12323
LIFR	5	38474963	-0.27468
TRIM23	5	65589680	0.54976
TRAPPC13	5	65624716	-1.2445
TXNDC15	5	134873803	1.34146
TTC33	5	40512333	1.11054
WWC1	5	168291651	-3.00351
H2AFY	5	135333900	-1.35423
SMAD5	5	136132845	-1.02756
HMGXB3	5	150000046	3.80849
ERGIC1	5	172834275	2.44878
ATP6V0E1	5	172983757	0.36165
CPEB4	5	173888280	-0.84579
HRH2	5	175658030	-0.34936
DUSP1	5	172768090	-0.24772
PANK3	5	168548495	0.69887
CYSTM1	5	140174642	0.17779
ARAP3	5	141653401	0.09797
PCDHB8	5	141177790	2.89433
PCDHB12	5	141208697	1.04357
ETF1	5	138506095	2.75328
TGFBI	5	136028895	-2.06979
FAM53C	5	138331935	-1.67309
SIL1	5	138946720	0.51972
KDM3B	5	138352596	1.96691
EGR1	5	138465490	0.35746
POLK	5	75511756	2.22458
SLC36A1	5	151437046	1.16315
MTRR	5	7851186	-0.05123
FASTKD3	5	7859159	-0.44362
IRF1	5	132481609	-3.44731
ZSWIM6	5	61332273	-3.96704
PDLIM4	5	132257671	2.59807
KIF3A	5	132692628	-2.70151
GFPT2	5	180300690	-0.66992
NDUFA2	5	140638740	-1.41513
ANKHD1	5	140401814	2.04584
NDFIP1	5	142108505	-3.04392
MAP1B	5	72107234	0.22302
ZCCHC9	5	81301590	-1.14174
MCCC2	5	71587288	0.91332
CARD6	5	40841184	0.91836
REEP2	5	138439017	-1.69473
DMGDH	5	78997606	0.48751
AP3B1	5	78000525	-0.21849
DCTN4	5	150708440	-0.76865
PDE6A	5	149857955	0.11979
SLF1	5	94618347	-1.85605
MED10	5	6371881	-1.13028
PDZD2	5	31639410	-0.54352
HSD17B4	5	119452443	0.47896
CDK7	5	69234795	-0.08694
CD180	5	67179613	-0.09333
FST	5	53480409	1.65044
CCNH	5	87391494	1.23642
DOCK2	5	169637247	1.65051
APC	5	112707498	-0.35676
NREP	5	111662621	-0.09262
WDR36	5	111091716	0.08579
CCNJL	5	160251652	-0.14955
FBN2	5	128257909	0.00185
NDUFS6	5	1801400	-0.11422
MARCH6	5	10353703	0.73835
NKD2	5	1008829	0.01892
FAM105A	5	14581775	-1.38604
RPL37	5	40825262	-2.21001
SKP2	5	36151989	0.62413
OSMR	5	38845858	0.28012
UGT3A1	5	35951010	0.51392
PLK2	5	58453982	-1.68375
PIK3R1	5	68215720	-1.39934
SSBP2	5	81413021	-0.21584
ANKRD31	5	75068275	-0.20372
IQGAP2	5	76403249	1.76601
LIX1	5	97091867	-0.3386
GIN1	5	103086000	0.77696
PPIP5K2	5	103120149	-1.02998
PAM	5	102753981	1.02998
BDP1	5	71455615	-3.42899
GTF2H2	5	71032670	1.02195
SLC30A5	5	69093646	0.46082
BTF3	5	73498408	-2.89415
FBXL17	5	107859035	-0.55028
FEM1C	5	115520908	-2.86682
ATG12	5	115828200	0.58793
MEGF10	5	127290831	-0.12839
ADAMTS19	5	129460265	-3.29887
CXCL14	5	135570679	-0.13187
DDX46	5	134758771	-1.12535
RNF145	5	159157409	0.08699
GABRA6	5	161547063	-0.31956
GABRB2	5	161288429	-0.83058
FBXO38	5	148383935	0.11202
PCYOX1L	5	149358007	0.14186
TNIP1	5	151029945	-2.52958
G3BP1	5	151771045	1.67004
ZNF300	5	150894392	-1.16031
NHP2	5	178149460	1.00551
RMND5B	5	178130996	-0.7734
CPLX2	5	175796310	-0.59854
TENM2	5	167284799	0.16639
PCDHB18P	5	141234333	1.94694
ZMAT2	5	140698680	-1.21994
KLHL3	5	137617500	0.05782
TRIM41	5	181222499	-0.74674
HIGD2A	5	176388747	-2.14446
FAM193B	5	177519788	1.17202
RNF44	5	176526697	-1.16824
RASGEF1C	5	180100791	3.50482
MTMR12	5	32226994	-0.09024
FAM173B	5	10226330	-1.05919
CSNK1G3	5	123512099	-0.85066
SRFBP1	5	121961961	0.31361
CCL28	5	43376645	-0.67625
PARP8	5	50665899	-0.80135
ATG10	5	81972025	-0.72615
SPOCK1	5	136975298	-0.1895
FAM151B	5	80487969	-0.32707
HOMER1	5	79372636	1.00515
XRCC4	5	83077498	0.11007
CAMK4	5	111223653	0.37565
TRIM36	5	115124762	0.40186
NADK2	5	36192592	0.39109
PELO	5	52787940	-4.32923
SAR1B	5	134601144	-1.10219
CATSPER3	5	134967906	0.23125
PART1	5	60487713	-0.2575
RAB3C	5	58582221	-1.61725
RAD17	5	69369293	-0.27809
SRP19	5	112861222	1.98451
LPCAT1	5	1456480	0.47941
PLEKHG4B	5	92151	1.63315
CHD1	5	98853985	-2.02
ANKH	5	14704804	2.94308
FAM134B	5	16473038	1.33874
CDH12	5	21750673	0.5156
GRAMD3	5	126360132	-2.44602
LARP1	5	154712902	-0.06942
SETD9	5	56909260	-0.79039
MIER3	5	56919602	0.71343
PPARGC1B	5	149730298	-0.30623
SLC26A2	5	149960737	-3.12654
LSM11	5	157743695	-0.56341
MED7	5	157137412	0.24433
SH3RF2	5	145936579	-0.64451
PPP2R2B	5	146581146	1.2017
FCHO2	5	72955981	-2.95546
NRG2	5	139846779	2.39502
CDC42SE2	5	131245493	-1.65262
RAPGEF6	5	131423921	2.05329
SQSTM1	5	179806398	-0.95113
MGAT4B	5	179797597	-3.89508
ITGA2	5	52989326	1.92095
MOCS2	5	53095679	0.72083
SLC45A2	5	33944616	-0.89084
EDIL3	5	83940554	-0.27475
TMEM161B	5	88189633	0.92058
NDUFAF2	5	60945129	-0.83646
LMBRD2	5	36098412	1.38691
RANBP3L	5	36248434	-0.87106
NIPBL	5	36876759	-1.10203
RNF180	5	64165844	1.30289
STARD4	5	111496033	1.84458
PGGT1B	5	115204012	0.54378
F2RL2	5	76615482	-3.41149
CMBL	5	10275875	-1.05919
AGGF1	5	77029251	1.80221
NDUFS4	5	53560633	0.73068
HTR4	5	148451032	3.60111
GRPEL2	5	149345430	-0.34712
ARSK	5	95555074	-0.47858
RHOBTB3	5	95713522	0.31572
GPX8	5	55160118	0.48771
TIGD6	5	149993118	-0.98876
SERINC5	5	80111651	0.9623
ERAP1	5	96760810	-0.13493
PAPD4	5	79612120	-0.85194
EBF1	5	158695916	0.07306
ANKRA2	5	73552335	1.13571
UTP15	5	73565443	1.13571
NSA2	5	74766991	1.50565
GFM2	5	74721204	1.37221
ACSL6	5	131949973	-1.27665
SEPT8	5	132750817	-0.56512
SHROOM1	5	132822141	-1.97822
GDF9	5	132861181	1.7797
LEAP2	5	132872322	0.65038
CREBRF	5	173056352	0.04964
ANKRD55	5	56099678	-0.50326
GALNT10	5	154190730	0.72925
SAP30L	5	154445957	1.78155
RPS14	5	150443190	0.26023
HCN1	5	45254950	2.09056
MYOZ3	5	150660874	0.25785
SLU7	5	160401641	0.70505
PTTG1	5	160421822	1.97935
CAMLG	5	134738501	2.35545
FBXL21	5	135930317	-0.042
RELL2	5	141636950	-1.3511
PHAX	5	126600268	-4.07004
ALDH7A1	5	126531200	2.34787
NSD1	5	177133025	0.02575
BTNL9	5	181040225	-0.18202
UBTD2	5	172209640	0.92604
DNAJC21	5	34929593	-1.0121
ZNF608	5	124636913	-0.39683
PPIC	5	123023250	-1.67556
ZNF354A	5	178711592	1.6761
RGS14	5	177357837	1.19137
LMAN2	5	177331562	-0.12866
RAB24	5	177301198	0.33102
PRELID1	5	177303774	-0.2743
SH3TC2	5	148923639	2.24921
HSPB3	5	54455601	-0.13601
STK32A	5	147234963	-1.0186
HINT1	5	131159027	2.40209
CTNND2	5	10971840	0.02472
FAM153A	5	177707981	0.57161
FABP6	5	160187367	-0.41807
PWWP2A	5	160061801	0.07268
FAXDC2	5	154818491	-0.03665
HARS	5	140673173	1.21994
DNAJC18	5	139408588	-2.14842
SPATA24	5	139396563	-1.14169
NUDCD2	5	163446526	-0.88115
HSPA4	5	133051962	2.49116
SGCD	5	155870344	2.27597
TPPP	5	659862	-0.79903
TBCA	5	77691166	-1.71518
ENC1	5	74627406	-0.36793
SYNPO	5	150601080	-0.17402
C5orf34	5	43486701	-2.29687
FNDC9	5	157341600	1.00555
DCP2	5	112976702	1.44996
DMXL1	5	119037772	-2.03881
LVRN	5	115962454	-0.07758
GPR151	5	146513103	0.65832
FAM174A	5	100535305	0.52224
RGMB	5	98768650	2.10688
TMEM167A	5	83052846	0.5002
SH3PXD2B	5	172325000	-0.03479
CLTB	5	176392455	-0.44346
MCTP1	5	94703741	-1.58445
NR2F1	5	93583337	3.93045
EIF4E1B	5	176630682	0.56913
LYSMD3	5	90515611	0.26529
JAKMIP2	5	147585439	0.55644
RUFY1	5	179550558	-0.21375
BASP1	5	17065598	-1.40389
MTX3	5	79976731	-4.5179
SLC38A9	5	55625845	1.03634
NIM1K	5	43192071	2.54719
ATOX1	5	151742316	1.54019
PCDHB9	5	141187127	-0.62687
AP3S1	5	115841481	2.23897
SNX18	5	54517759	0.06733
EXOC3	5	443158	-0.25871
F2R	5	76716043	-1.80698
C5orf30	5	103258702	2.17715
C5orf24	5	134845680	0.18593
CSF1R	5	150053291	-2.58626
IGIP	5	140125935	-0.96038
PLCXD3	5	41306954	0.62663
DDX41	5	177511577	-0.26884
CCDC125	5	69280175	-1.22591
FBXL7	5	15500196	0.13715
GUSBP1	5	21341833	-0.3698
TRIM52	5	181254417	-0.77053
ARSI	5	150296343	0.22476
SLIT3	5	168661733	-0.12231
PRR16	5	120464278	-0.59391
DRD1	5	175440039	1.69144
PURA	5	140107777	-0.77858
KIAA0825	5	94152966	-0.16015
LRRC70	5	62578735	-2.1887
PRELID2	5	145471799	0.16273
RPS23	5	82273358	1.08565
RGS7BP	5	64506257	-3.21978
LYRM7	5	131170810	-2.97488
TMEM232	5	110289233	0.88857
PP7080	5	466124	0.0956
FBLL1	5	168529116	1.9514
SMIM15	5	61157709	1.26481
GM2A	5	151212150	0.56788
ANXA6	5	151100712	0.09322
ZNF300P1	5	150930645	-1.48789
SLC22A5	5	132369752	-3.75056
HNRNPAB	5	178204507	0.42969
PCDHB11	5	141199582	-0.62376
C5orf56	5	132410636	-1.44082
C5orf42	5	37106228	0.35357
OCLN	5	69492292	1.48791
SGTB	5	65665928	-2.19205
FCHSD1	5	141639302	1.41144
GRK6	5	177403204	-0.75039
CCDC69	5	151181052	0.63842
TTC37	5	95463895	0.40491
SOWAHA	5	132813587	1.65449
PJA2	5	109334709	-0.38781
RACK1	5	181236909	0.41711
FAM153C	5	178006405	0.67799
CTC-308K20.1	5	172954786	0.7794
FAM196B	5	169864264	0.1324
PCDHGA1	5	141330571	2.37697
PCDHA9	5	140847463	1.23317
PCDHA4	5	140806929	0.15378
PCDHA2	5	140794852	-0.92973
PCDHA1	5	140786136	1.23317
CCNI2	5	132747445	1.65449
SNX2	5	122774996	-1.56573
ATP6AP1L	5	82279462	-1.08606
SMN2	5	70049612	-0.83507
SERF1B	5	70025247	0.7928
C5orf51	5	41904188	-0.38343
ZDHHC11B	5	710360	-0.89472
GPX3	5	151020438	1.57903
MXD3	5	177301461	0.89376
SRA1	5	140537340	0.38854
GNL3LP1	5	60891935	-1.54207
AC091878.1	5	17130028	-1.62189
UBE2QL1	5	6448623	-0.80015
ZBED8	5	160393148	0.85467
EXOC3-AS1	5	441498	-1.26317
GTF2H2B	5	70415352	-0.90042
PDZPH1P	5	103430406	0.30438
PROB1	5	139390592	1.16222
DHFR	5	80626228	-0.91441
AC005592.2	5	142325293	1.57983
AC034220.3	5	132311285	2.02991
AC005592.1	5	142745600	-0.63138
NR2F1-AS1	5	93409359	0.04478
PCDHA13	5	140882208	2.63382
AMACR	5	33986178	-0.83534
PCDHGC4	5	141484997	2.89433
EIF4EBP3	5	140547666	-1.02161
PCDHAC2	5	140966235	-0.60981
LIFR-AS1	5	38556786	0.58946
LINC00847	5	180830957	1.36486
CTC-241N9.1	5	179859013	4.602
LINC01184	5	127940426	3.37833
RP11-1277A3.2	5	177619059	0.53543
MIR4458HG	5	8450743	-0.7657
CKMT2-AS1	5	81204084	-0.33993
CTD-2366F13.1	5	53109842	3.53049
TMEM161B-AS1	5	88268895	2.7064
NNT-AS1	5	43571594	-2.23165
TRIM52-AS1	5	181261212	-0.61437
LUCAT1	5	91303029	-0.4456
SEMA6A-AS1	5	116447547	1.66486
RP11-844P9.5	5	176143085	-1.20763
RP11-331K21.1	5	149163955	2.2633
OXCT1-AS1	5	41870030	-0.54948
CTD-2083E4.6	5	269858	1.80032
CTD-2015H6.3	5	80482293	0.23636
AC010226.4	5	115602057	0.93846
CTB-78O21.1	5	145728360	-0.88483
RP11-434D9.1	5	67379378	2.42449
CTD-2203K17.1	5	33424025	-0.09134
CTC-329D1.2	5	140370891	2.63382
CTD-2236F14.1	5	76606608	1.31824
ECSCR	5	139448556	0.87936
PDCD6	5	271621	0.06249
LINC01018	5	6582136	0.98216
PCDHA10	5	140855883	-1.65622
RP11-381K20.2	5	137814333	0.80299
EEF1A1P13	5	14651941	-3.95396
CTD-2269F5.1	5	84384427	-1.99029
RP11-136K7.2	5	71351855	-0.27035
FLJ33360	5	6310441	1.07321
KRT8P33	5	123400922	-5.43117
CTD-2154H6.1	5	103408941	-0.21091
SEPP1	5	42799880	-0.36255
SNHG18	5	9546200	-1.34006
AC005355.1	5	134436711	-0.23125
TMED7-TICAM2	5	115578642	0.77686
FOXD1	5	73444827	-0.94103
RP11-1280N14.3	5	71102898	0.17662
PCDHGA12	5	141430589	-2.20138
GUSBP3	5	69639459	-0.18581
CTC-534A2.2	5	65624765	1.32166
PCDHGB6	5	141408021	-2.81883
AC012613.2	5	149216523	-6.0456
PCDHGA7	5	141382739	0.86055
PCDHGA6	5	141373914	-0.75738
LINC01170	5	124059794	1.07174
RP11-1415C14.3	5	70219918	-0.90042
PCDHGA10	5	141412987	-2.10634
PCDHGB4	5	141387698	0.75976
PCDHGB7	5	141417645	-0.63082
CTB-78F1.1	5	167653228	-1.8067
PCDHGB1	5	141350102	-0.89584
CTB-12O2.1	5	151949571	-2.89617
CTB-131B5.5	5	140157319	-1.41513
RP11-1415C14.4	5	70197255	0.99695
ANKHD1-EIF4EBP3	5	140401908	-1.83555
PCDHA3	5	140801028	0.33334
SMIM3	5	150777946	-0.10442
DND1	5	140670794	1.21994
CTD-2256P15.2	5	10352701	0.97289
CTB-36H16.2	5	122832356	0.57457
CTD-2083E4.4	5	213898	-0.2394
CTD-2165H16.4	5	14661808	5.48446
PCDHGB3	5	141370264	-0.60981
CTC-487M23.5	5	112893333	2.73048
CTD-2124B8.2	5	37286449	1.34037
RP11-343L5.2	5	83049376	-2.86339
CTD-2287O16.5	5	116083807	-2.14724
CTC-366B18.4	5	75608817	-1.18049
AC005618.6	5	141326210	0.89578
CTD-2186M15.3	5	32174471	0.86674
AC005754.8	5	141118680	-1.37857
CTB-113P19.5	5	151724831	-1.89094
RP11-53O19.3	5	44826076	-1.2002
RP11-79P5.9	5	73497550	-2.45387
PCDHB16	5	141181399	-2.43816
C1QTNF3-AMACR	5	33987174	-1.73973
CTD-2410N18.4	5	134205614	1.84284
TAF9	5	69364743	-0.63568
RP11-449H3.3	5	146203550	0.84781
PCDHGB5	5	141397987	-1.44372
HEIH	5	180829954	0.20056
RP11-517I3.2	5	126496279	-0.12839
CTD-2353F22.2	5	36667717	0.58084
CTD-2008E3.1	5	31558573	0.07555
CTC-463A16.1	5	142165767	-1.84973
CTD-2591A1.1	5	54643557	-0.87751
CTC-351M12.1	5	69186359	1.46158
JAKMIP2-AS1	5	147559994	0.12401
MATR3	5	139273752	-1.22782
ENPP4	6	46129993	-1.28836
TEAD3	6	35473597	-1.22875
MYLIP	6	16129125	-1.41503
PSMB1	6	170535117	-0.60479
TFAP2B	6	50818723	4.64539
REV3L	6	111299028	-1.63398
VTA1	6	142147162	0.37542
RANBP9	6	13621498	1.43702
FYN	6	111660332	-0.92581
HIVEP2	6	142751467	0.40975
PGM3	6	83161150	2.13779
RWDD2A	6	83193379	-1.73703
UFL1	6	96521595	-0.53181
IL20RA	6	136999971	-0.90897
SERPINB1	6	2832332	-0.06469
UBR2	6	42564062	0.98373
CCDC28A	6	138773509	-0.16079
RRAGD	6	89364636	2.0042
SEC63	6	107867756	1.23789
IFNGR1	6	137197484	2.66155
TBPL1	6	133952170	2.26908
BCLAF1	6	136256863	-2.95181
TFB1M	6	155257509	-0.88317
CENPQ	6	49463378	1.43755
PEX3	6	143450807	-1.56558
CUL7	6	43037617	3.68954
DTNBP1	6	15522801	-1.68496
GOPC	6	117560269	1.74383
MRPS10	6	42206801	-1.0141
GUCA1A	6	42155406	-0.93419
MCUR1	6	13786557	0.36691
FOXC1	6	1609972	1.51037
TAB2	6	149218641	-0.16836
TRAF3IP2	6	111556454	1.86862
PRDM1	6	106086320	0.80019
ATG5	6	106045423	0.04844
MPC1	6	166364919	0.12153
ZNF76	6	35258909	0.04978
UHRF1BP1	6	34792015	-0.31154
TBC1D22B	6	37257772	-0.07569
SNAP91	6	83552880	-1.43478
CYB5R4	6	83859643	-1.17831
ME1	6	83210389	2.20788
ADGRF5	6	46852512	-0.84783
RPS6KA2	6	166409364	-2.61681
TUBE1	6	112070777	2.09658
EDN1	6	12290363	-0.31919
EPB41L2	6	130839347	-2.87894
RIMS1	6	71886703	0.21167
STX7	6	132445867	0.4281
DDX43	6	73394748	-0.36376
SESN1	6	108986437	-0.37586
OSTM1	6	108041409	-0.60789
FAM135A	6	70412941	-0.37077
COL19A1	6	69866571	-1.17519
PREP	6	105277565	-1.42059
MAP3K4	6	160991727	-1.91382
ESR1	6	151656691	-3.54442
RGS17	6	153004459	-1.15025
ECHDC1	6	127288710	-0.60729
TREM2	6	41158506	-0.15232
BRPF3	6	36196744	0.81827
MRPS18A	6	43671303	-1.95879
EFHC1	6	52362123	-3.13243
HSP90AB1	6	44246166	0.42468
DSP	6	7541575	-0.46272
COL12A1	6	75084326	-1.96962
TDP2	6	24649977	2.65502
FRK	6	115931149	2.05056
DSE	6	116254173	-0.47327
RSPH4A	6	116616479	1.76018
MAK	6	10762723	-2.58708
GCNT2	6	10492223	-1.61661
NEDD9	6	11183298	0.26216
CEP85L	6	118460772	-0.30693
ASF1A	6	118894220	1.3109
MCM9	6	118813442	-2.15025
FAM184A	6	118959763	0.02544
GABRR2	6	89257208	-0.21171
TPD52L1	6	125119049	1.34263
HINT3	6	125956781	1.79405
FAM65B	6	24804282	-1.5411
UST	6	148747328	1.11131
FBXO5	6	152970519	-1.03154
MTRF1L	6	152987362	-2.23756
FANCE	6	35452361	0.81827
MAPK14	6	36027677	0.75004
KCTD20	6	36442767	-5.2975
SOD2	6	159669057	0.77039
MRPL18	6	159789812	1.95695
MCM3	6	52264009	-2.56442
RNF8	6	37353972	-0.01792
PHACTR1	6	12716805	-0.20359
FBXO9	6	53051991	-0.89202
MDN1	6	89642499	-0.67835
BACH2	6	89926529	-2.65176
CAP2	6	17393216	0.30594
ZNF451	6	57086844	1.48095
BAG2	6	57172326	-0.75026
FHL5	6	96562548	-0.76088
GPR63	6	96794126	1.84788
CCNC	6	99542380	0.54054
PRDM13	6	99606730	0.08625
E2F3	6	20401906	-0.20891
PTP4A1	6	63521761	-2.10827
ASCC3	6	100508194	0.33633
BVES	6	105096822	1.10727
COL9A1	6	70215061	-3.63238
WASF1	6	110099819	0.61963
GPLD1	6	24424565	1.05628
AIM1	6	106360808	-1.55889
ACOT13	6	24667035	0.42824
SMAP1	6	70667776	0.56002
RPS12	6	132814441	-0.39865
C6orf62	6	24704861	-1.9571
B3GAT2	6	70856679	0.64659
SOBP	6	107489958	3.41582
SNX3	6	108211222	-1.07791
HBS1L	6	134960378	3.42323
PEX7	6	136822564	2.37858
FIG4	6	109691312	2.58013
PERP	6	138088505	-0.87725
ARFGEF3	6	138161921	-0.43872
SLC16A10	6	111087503	1.64876
ADGRG6	6	142301854	-0.98356
PHACTR2	6	143536845	-0.24113
EPM2A	6	145501583	-2.22275
CCR6	6	167111807	-0.12064
PACRG	6	162727132	0.20492
SMOC2	6	168441151	-1.18189
CCND3	6	41934933	-0.93406
BYSL	6	41921188	-1.75712
PRPH2	6	42696600	1.09024
PPP2R5D	6	42984499	0.36794
EXOC2	6	485133	8.67054
COX7A2	6	75237675	-0.35906
TMEM30A	6	75252924	-0.66107
GMDS	6	1623806	-4.73102
IMPG1	6	75921115	1.27421
VEGFA	6	43770184	0.69482
TTK	6	80003887	-2.99434
SLC29A1	6	44219505	-0.77349
LAMA4	6	112108760	-1.5474
FAM46A	6	81491439	0.53369
CLIC5	6	45898451	8.4096
ENPP5	6	46159187	1.3939
LY86	6	6588108	-0.09859
TBX18	6	84687351	0.17557
ELOVL4	6	79914812	-2.99434
CASP8AP2	6	89829894	0.96767
UBE3D	6	82892398	0.40837
PHF3	6	63635820	1.87861
PLAGL1	6	143940300	-0.54195
FBXO30	6	145793502	-2.35501
TNFAIP3	6	137867188	0.91009
RAB32	6	146543693	-1.52936
ALDH8A1	6	134917390	-0.9206
SGK1	6	134169246	0.41932
RNF146	6	127266610	1.90872
FOXO3	6	108559835	-1.37063
ARMC2	6	108848416	2.47866
SLC17A5	6	73593379	0.50994
OGFRL1	6	71288803	-0.94509
MTHFD1L	6	150865549	-1.52412
LRP11	6	149818798	-2.08371
CCDC170	6	151494030	2.0021
PLEKHG1	6	150599883	1.70246
MYCT1	6	152697895	1.66757
ACAT2	6	159760328	-0.38456
TCP1	6	159778498	1.36199
SERAC1	6	158109515	-0.08113
COL10A1	6	116118923	-0.86555
AMD1	6	110874770	0.49544
USP45	6	99432379	-0.24616
F13A1	6	6144085	0.86949
TRERF1	6	42224931	0.02642
PACSIN1	6	34466061	0.01341
SIRT5	6	13574529	0.73066
MRS2	6	24402908	-1.05628
SNRPC	6	34757406	1.24145
SERPINB6	6	2948159	0.39851
XPO5	6	43522330	-1.23476
ABCC10	6	43427366	1.97571
NQO2	6	2987987	1.6384
PRICKLE4	6	41780349	1.72012
AARS2	6	44299654	1.79245
RPS10	6	34417454	0.51426
MED20	6	41905354	0.74158
MAD2L1BP	6	43629540	3.1022
GNMT	6	42960758	-0.10903
TREM1	6	41267926	0.36325
KLHL31	6	53647901	0.13671
SOX4	6	21592768	3.74693
CPNE5	6	36740775	0.30054
RREB1	6	7107597	-1.39216
RIOK1	6	7389496	-1.15224
NRN1	6	5997999	0.95944
SLC35B3	6	8413068	-1.09322
RPP40	6	4994732	1.23718
ATXN1	6	16299112	0.47125
NUP153	6	17615035	-1.03172
DEK	6	18223868	0.43226
KIF25	6	167996241	-0.7745
ERMARD	6	169751622	-1.02787
RTN4IP1	6	106571971	-0.89697
MLLT4	6	167826922	-1.09064
PPIL4	6	149504733	0.5275
AKAP12	6	151239999	-0.3913
LATS1	6	149658153	-2.01607
PNISR	6	99398051	-0.99726
POPDC3	6	105158280	0.64837
MTO1	6	73461578	-0.21291
ANKRD6	6	89433170	2.06716
KHDC1	6	73241314	-0.51906
CEP162	6	84124241	0.09027
SYNCRIP	6	85607785	0.73542
SNX14	6	85505496	0.4606
NT5E	6	85449584	-1.31058
AKIRIN2	6	87675072	-5.3281
ORC3	6	87590067	-1.55772
MAP3K7	6	90513573	-0.07814
LTV1	6	143843344	-0.9362
MAP7	6	136342281	-0.45564
CD164	6	109366514	-0.10896
LACE1	6	108294894	-0.39382
AHI1	6	135283532	0.62368
PKIB	6	122471917	-1.64265
REPS1	6	138903493	-0.16079
FOXP4	6	41546426	4.02439
PIM1	6	37170203	-0.39865
GMPR	6	16238580	-0.7833
CMTR1	6	37433219	0.03762
TFAP2A	6	10393186	1.14817
YIPF3	6	43511827	1.88766
TMEM63B	6	44126914	2.13995
TJAP1	6	43477523	-0.33707
KIAA0319	6	24544104	-1.39369
SLC22A23	6	3268962	2.93963
TUBB2A	6	3153669	-1.7856
LRRC1	6	53794497	-0.86428
RIPK1	6	3063991	-1.01848
TPMT	6	18128311	-0.82846
RNF144B	6	18387350	0.91301
TAF8	6	42050513	-0.5095
FAM8A1	6	17600355	0.6428
MYLK4	6	2663629	-0.44915
TBC1D7	6	13266542	0.72994
FARS2	6	5261044	2.17573
CDKAL1	6	20534457	0.81129
TNFRSF21	6	47231532	-0.30178
MUT	6	49430360	-1.77523
PRIM2	6	57314805	1.27668
HMGCLL1	6	55434369	-0.09709
FGD2	6	37005646	0.88004
TCTE1	6	44278743	-1.32472
NFKBIE	6	44258166	0.38205
CYP39A1	6	46549580	1.6443
TPBG	6	82363206	0.70552
IRAK1BP1	6	78867472	-2.10085
PHIP	6	78935867	2.08554
PRSS35	6	83512538	2.71344
FAXC	6	99271169	-1.11407
PNRC1	6	89080751	-3.02307
PM20D2	6	89146050	0.74158
CLVS2	6	122995971	-2.20446
RNF217	6	124962545	-3.5079
ARHGAP18	6	129576132	-0.00818
SLC2A12	6	133988697	7.36345
SHPRH	6	145864245	1.20588
DYNLT1	6	158636474	-0.18185
TIAM2	6	154832697	0.5557
ARMT1	6	151452258	2.0021
LINC01558	6	167784537	-0.51969
BEND6	6	56955126	-0.88554
UTRN	6	144285701	1.57464
GRM1	6	146027646	-2.23951
PTPRK	6	127968779	-0.95134
NRSN1	6	24126122	-0.93656
SYCP2L	6	10886831	0.74716
BMP6	6	7726797	-1.22326
CNKSR3	6	154387504	-2.77832
NUS1	6	117675502	-1.42687
SDHAF4	6	70566917	0.86073
AK9	6	109492856	-0.4645
CDK19	6	110609978	1.0388
GTF3C6	6	110958560	1.73462
RMND1	6	151404763	-1.17952
EEF1A1	6	73515750	-0.76177
CD109	6	73695785	0.17147
LRFN2	6	40391586	0.26872
ZFAND3	6	37819499	0.35386
MAPK13	6	36127809	0.32473
SLC35B2	6	44254096	-2.18329
SLC35A1	6	87470623	0.98859
GRIK2	6	101398788	0.25003
FABP7	6	122779475	-0.63763
TXLNB	6	139240061	1.6327
CITED2	6	139371807	0.21278
TMEM200A	6	130365734	0.73771
DACT2	6	168292830	0.3372
PDSS2	6	107152557	2.84302
STXBP5	6	147204425	0.63878
USP49	6	41789896	-0.74158
FNDC1	6	159169397	0.24295
KDM1B	6	18155329	0.14327
KIAA1586	6	57046532	-1.50571
CDC40	6	110180141	-0.7982
SNRNP48	6	7590199	0.76726
PXDC1	6	3722614	0.90118
SERPINB9	6	2887266	-0.24394
POLH	6	43576150	1.29262
GSTA4	6	52977948	-3.45593
PAQR8	6	52361421	0.67377
PDE7B	6	135851696	2.39972
DLK2	6	43450352	3.1551
PRL	6	22287244	-0.09306
MBOAT1	6	20102145	-0.66688
ID4	6	19837386	0.13388
GTPBP2	6	43605316	-0.84171
FUT9	6	96015984	0.55647
SMPDL3A	6	122789049	1.00859
MFSD4B	6	111259348	0.40101
ZC3H12D	6	149446795	-1.66783
BEND3	6	107065182	0.12444
TDRD6	6	46687875	-1.6443
RNF182	6	13924446	0.31135
ZBTB2	6	151364117	0.8888
RPL24P4	6	42956345	0.68332
C6orf223	6	44000580	3.93309
CEP57L1	6	109095110	2.47057
WDR27	6	169457212	2.24127
POU3F2	6	98834592	0.69724
PPIL6	6	109390215	-0.57545
PARK2	6	161347420	0.9386
KLHL32	6	96924620	-0.84682
TRDN	6	123216339	1.13769
C6orf1	6	34246380	-0.22496
KATNA1	6	149594873	-1.67429
TSPYL4	6	116249961	1.00006
NHLRC1	6	18121419	-0.32259
EYS	6	63719980	0.407
C6orf132	6	42101118	0.73971
NKAIN2	6	123804141	1.00885
ZNF292	6	87152833	-0.26717
ADAT2	6	143422832	1.54563
SUPT3H	6	44809317	-2.00416
HDAC2	6	113933028	-0.54925
KPNA5	6	116681187	0.35631
MAP3K5	6	136557047	-2.97246
RPF2	6	110982015	1.41304
ELOVL2	6	10980759	-0.64141
CD2AP	6	47477789	1.39237
MLLT4-AS1	6	167823876	-1.36301
SH3BGRL2	6	79631283	-0.55136
LPA	6	160531483	0.76713
DLL1	6	170282206	2.12203
PPP1R14C	6	150143076	2.07133
RPL10A	6	35468408	1.76979
SFT2D1	6	166319728	0.10621
CCDC167	6	37482920	-1.01441
L3MBTL3	6	130013699	0.03751
SAMD5	6	147508927	1.31544
TMEM244	6	129831244	0.29438
CENPW	6	126340174	-0.26627
FAM229B	6	112087599	-1.26534
LIN28B-AS1	6	104864464	1.63008
C6orf163	6	87344849	-1.55861
TDRG1	6	40334954	0.15485
RPL15P3	6	12514110	1.45073
FGFR1OP	6	166999182	0.35811
LPAL2	6	160453428	0.1104
RP11-288H12.3	6	160093082	1.22276
SCAF8	6	154733325	-1.04223
RP3-382I10.7	6	87408012	-0.1735
TPT1P6	6	85427453	1.54894
RP1-257A7.4	6	13264861	-1.66214
LINC00680	6	57946074	0.7445
TMEM242	6	157289386	-2.19661
RP1-95L4.4	6	143342246	1.18738
CICP18	6	142272	-0.63347
RP11-475C16.1	6	153282287	0.07842
NPM1P37	6	69705287	0.38729
PPP1R3G	6	5084581	0.32334
RPL23AP47	6	170745518	3.19772
HNRNPH1P1	6	159712801	2.05129
PKMP3	6	85659892	1.49174
RP11-277I20.3	6	144708106	0.9348
C6orf226	6	42890265	-0.51626
RP11-503C24.6	6	168298069	1.50823
RP1-234P15.4	6	75285014	1.22193
NOL7	6	13615327	0.89447
LINC01108	6	14280127	-0.53975
LINC01268	6	113868013	-2.44033
RP1-101K10.6	6	152983331	0.3017
TSTD3	6	99520693	-0.24616
RP11-98I9.4	6	99424922	-0.63536
VDAC1P8	6	143490424	0.8084
RP11-456H18.2	6	12007670	0.31919
KIF25-AS1	6	167992822	-1.21644
RP11-240M16.1	6	137945366	-0.23078
RP1-151F17.1	6	16761138	-0.61847
RP11-632C17__A.1	6	117998975	-0.41022
SERPINB9P1	6	2854657	3.01036
RP3-525N10.2	6	68629962	0.32416
LINC00271	6	135497801	0.60956
LINC00472	6	71344344	0.3648
STXBP5-AS1	6	146841901	-0.67202
RP11-250B2.3	6	80443344	-0.74364
EIF3EP1	6	73291962	-1.08568
RP11-61I13.3	6	39881804	-2.73062
RP11-477D19.2	6	155253139	1.23602
RP11-545I5.3	6	145799409	2.58695
RP3-470B24.5	6	167975924	-1.73033
RP3-486I3.7	6	116254207	-2.05056
RP11-356I2.4	6	137823673	0.74984
RP5-1120P11.1	6	43995723	3.35354
RP3-393E18.2	6	159586955	4.07614
RPSAP41	6	73290403	-1.08568
LINC01011	6	2987967	0.98613
PTCHD4	6	47878028	-0.17973
RP1-179N16.6	6	36146698	1.35811
HS3ST5	6	114055586	3.52109
GMDS-AS1	6	2245748	-7.39978
RP3-403A15.5	6	127438406	1.37327
C6orf3	6	111599875	-2.10889
BLOC1S5-TXNDC5	6	7881522	-1.3642
RP3-467N11.1	6	100881471	-0.0206
NBAT1	6	22134957	0.46122
RP11-250B2.5	6	80466958	-0.74364
RP1-140C12.2	6	170414139	2.37831
RP3-512B11.3	6	7540451	-0.27622
RP1-168L15.5	6	166383189	-0.02163
RP1-266L20.9	6	169770413	-0.50882
RP3-431P23.5	6	167795530	-0.41005
RP11-420L9.5	6	3751111	1.53012
RP3-466P17.1	6	145735570	2.39021
RPS10-NUDT3	6	34288770	1.51233
RP11-230C9.2	6	156776360	0.56494
RP5-1112D6.7	6	111297126	-1.63398
RP1-111C20.4	6	158988178	-0.61541
RP11-393I2.4	6	87151159	1.18227
GTF2H5	6	158168352	-1.17165
RP11-177G23.2	6	79561132	-0.87002
CASC15	6	21664772	-0.17826
RP3-325F22.5	6	136550661	-0.24261
RP3-500L14.2	6	13825432	1.47947
RP11-506K6.4	6	3311662	0.9517
NUDT3	6	34279679	1.08254
RP1-151F17.2	6	16764346	-1.21554
RP1-30M3.5	6	24700907	1.62452
RP3-329A5.8	6	35220370	1.50299
CD24	6	106969831	-1.07382
U91328.19	6	25992662	-2.25541
XXbac-BPGBPG55C20.1	6	57855891	0.7445
RP3-428L16.2	6	160990318	0.1104
RP11-517H2.6	6	166999405	-0.70546
MARCKS	6	113857362	-0.0949
RP1-20N2.8	6	143484979	1.91351
RP3-331H24.6	6	71386852	0.16472
GVQW2	6	138725211	0.04645
RP1-168L15.6	6	166388136	-0.82378
AL023806.1	6	145789760	-2.93456
RN7SK	6	52995621	2.5763
GUSBP1	6	57919912	-0.89139
ANKIB1	7	92246234	-2.79123
CYP51A1	7	92112151	1.51349
KRIT1	7	92198969	-0.69622
HECW1	7	43112599	0.35727
MAD1L1	7	1815793	-0.42427
TMEM176A	7	150800403	-0.32538
ICA1	7	8113184	-0.56565
ARF5	7	127588345	-0.36648
VPS50	7	93232340	0.82304
PDK4	7	95583499	0.1381
SLC25A13	7	96120220	-1.22304
PRKAR2B	7	107044649	2.20826
RHBDD2	7	75842602	-1.12545
TAC1	7	97731908	0.45056
BAIAP2L1	7	98291651	0.18102
KDM7A	7	140084746	0.32224
ETV1	7	13891228	1.74749
GGCT	7	30496621	-0.13986
DBF4	7	87876216	1.09212
IFRD1	7	112422968	0.54452
GTF2IRD1	7	74453790	-2.42619
VPS41	7	38722963	1.07973
SCIN	7	12570577	-1.03252
CYTH3	7	6161776	0.24989
UBE3C	7	157138913	0.15558
RNF216	7	5620047	0.95392
ANLN	7	36389806	-1.0539
NUB1	7	151341699	2.53053
HGF	7	81699006	-1.63212
ABCF2	7	151207837	-0.39717
ZPBP	7	49850421	1.29414
HDAC9	7	18086949	0.62177
ZNF800	7	127346790	-1.61976
ELN	7	74027789	-1.58799
NFE2L3	7	26152240	0.40016
KCNH2	7	150944961	-1.24364
KMT2C	7	152134922	2.11045
CDK14	7	90466424	-1.77596
CAMK2B	7	44217150	1.79622
HIPK2	7	139561570	0.75264
TNPO3	7	128954180	1.38336
STAG3	7	100177563	1.81975
ASNS	7	97852118	-0.22848
OSBPL3	7	24796539	-1.60253
SNX13	7	17790761	-0.33206
WBSCR22	7	73683025	0.65257
CYP2W1	7	983199	-5.02615
SRI	7	88205118	0.38168
SLC25A40	7	87833568	-1.12626
FSCN1	7	5592823	-1.05627
BCAP29	7	107579977	-0.55235
CTTNBP2	7	117710651	-4.57945
LRCH4	7	100574011	1.81975
PMS2P1	7	100320992	1.2106
ADCYAP1R1	7	31052461	1.49256
UBE2D4	7	43926438	-1.5222
CNOT4	7	135361795	-0.19967
CADPS2	7	122318425	-0.4508
SMARCD3	7	151238764	1.3284
ABCB1	7	87503633	-0.31423
AKR1B1	7	134442350	-0.24682
EIF2AK1	7	6022244	0.87036
EPDR1	7	37683843	-0.10491
SNX10	7	26291895	0.36746
TRIP6	7	100867138	0.62647
ACHE	7	100889994	-1.35935
SRRT	7	100875111	-1.22274
NDUFB2	7	140690777	-0.67322
DTX2	7	76461676	-1.21142
PUS7	7	105439661	-1.26557
NRCAM	7	108147623	0.3375
LAMB1	7	107923799	0.29037
SLC26A4	7	107660635	-0.17058
DLD	7	107890970	-0.26742
AVL9	7	32495426	2.239
RUNDC3B	7	87627548	-0.46889
CFAP69	7	90245174	-1.44756
GTPBP10	7	90335223	-1.35297
CDK6	7	92604921	1.30046
PMPCB	7	103297422	-1.10076
NAMPT	7	106248285	1.36005
TWISTNB	7	19695462	-1.66976
ITGB8	7	20330702	-3.05042
HBP1	7	107168961	-1.71421
DUS4L	7	107563484	-1.29129
SP4	7	21428034	-0.11151
CBLL1	7	107743697	-0.71974
MTPN	7	135926761	0.10376
PTN	7	137227341	0.70065
MPP6	7	24573268	-2.34424
DFNA5	7	24698353	-2.9312
TTC26	7	139133744	0.45452
OGDH	7	44606572	0.12819
NPVF	7	25224570	-0.09386
H2AFV	7	44826791	0.61991
CAV1	7	116524785	6.1321
RNF32	7	156640281	-0.77231
LMBR1	7	156668946	-0.47621
DNAJB6	7	157335381	-0.03814
LFNG	7	2512529	-1.81708
BRAT1	7	2537877	1.00392
IQCE	7	2558972	-1.94865
SSBP1	7	141738321	-0.49109
HIBADH	7	27525442	0.94038
TAX1BP1	7	27739331	0.66109
CPVL	7	28995231	-0.06486
CHN2	7	29122274	2.52207
ABHD11	7	73736094	1.21995
FKBP14	7	30010587	-1.18685
PLEKHA8	7	30027404	1.62215
STX1A	7	73699206	0.83195
NOD1	7	30424527	-2.80658
EPHB6	7	142855061	1.87002
NSUN5P2	7	72947581	-0.88192
CASP2	7	143288215	1.33639
CHCHD2	7	56101569	0.09687
HSPB1	7	76302544	1.39954
PDAP1	7	99392048	1.28514
BUD31	7	99408641	-0.47269
ZKSCAN1	7	100015572	2.02866
EIF3B	7	2354086	1.20579
TAF6	7	100107070	0.07441
WASL	7	123681935	0.05674
AIMP2	7	6009245	-1.36093
TFR2	7	100620416	-2.025
FBXO24	7	100583982	2.81147
USP42	7	6104884	1.31622
AGFG2	7	100539211	-1.33224
LSM5	7	32485332	0.06878
AP1S1	7	101154397	-3.09107
C1GALT1	7	7156934	0.67621
PLOD3	7	101205977	-2.47267
CLDN15	7	101232092	-3.09107
TMEM106B	7	12211241	-0.58992
EZH2	7	148807383	-1.09322
CEP41	7	130393771	-2.02147
ZNF862	7	149838367	0.11215
SFRP4	7	37905932	-0.78806
ANKMY2	7	16599776	1.19838
POU6F2	7	38977998	-0.23984
TSPAN13	7	16753535	-1.18778
RARRES2	7	150338317	0.81516
CHCHD3	7	132784868	0.90932
BLVRA	7	43758680	1.83436
PRKAG2	7	151556111	-1.07632
POLD2	7	44114681	0.88866
BCL7B	7	73536356	2.06946
TBL2	7	73568932	-0.4873
LIMK1	7	74082933	1.08979
PILRB	7	100352176	-1.2106
BBS9	7	33129244	-2.01713
PMS2	7	5973239	-1.36093
EEPD1	7	36153149	4.09974
KIAA0087	7	26533121	-1.02964
KLHL7	7	23105758	-4.47818
HNRNPA2B1	7	26189927	-0.64213
WIPF3	7	29806486	-2.34368
FAM126A	7	22889371	-2.08165
INHBA	7	41667168	-0.00297
ARL4A	7	12686856	-0.44663
CCZ1	7	5898725	0.27575
POLM	7	44072247	-0.45999
RAMP3	7	45157791	-0.48088
MRM2	7	2234231	-3.27445
KIAA1549	7	138831381	-1.50104
C7orf49	7	135092363	0.76498
ASL	7	66075798	0.96338
LRRC61	7	150322639	-1.12595
GNG11	7	93921699	0.29566
SHFM1	7	96481626	-1.31799
GNGT1	7	93591573	0.0254
HIP1	7	75533300	-2.38105
PTPN12	7	77537275	0.70908
POR	7	75899200	1.25144
FGL2	7	77193371	0.63801
STYXL1	7	75996338	-0.57999
PMS2P3	7	75502930	-1.37173
CASD1	7	94509219	-0.31087
DOCK4	7	111726110	0.10765
CDHR3	7	105876796	-0.16817
PRKRIP1	7	102363872	0.21166
VGF	7	101162509	1.43753
PODXL	7	131500262	-0.14773
FLNC	7	128830377	2.69802
LRRC4	7	128027071	3.08205
CCDC136	7	128790757	0.16893
IRF5	7	128937612	1.61651
LRRC17	7	102912991	0.6496
FEZF1	7	122301394	0.19142
DPP6	7	153887097	1.002
ARPC1B	7	99374249	-1.28222
SEC61G	7	54752250	-0.00985
LANCL2	7	55365448	1.40525
FIGNL1	7	50444128	1.02151
GIMAP6	7	150625375	0.62162
ADCK2	7	140673153	0.67322
MKRN1	7	140453040	-1.75627
AGAP3	7	151085831	0.85686
KRBA1	7	149714781	-0.44829
ZNF767P	7	149547154	0.72116
ACTR3B	7	152759749	-1.43607
TMEM243	7	87196160	-0.3442
CCDC146	7	77122434	-0.62171
TMEM60	7	77793728	-1.21765
HILPDA	7	128455849	0.20636
FAM71F1	7	128709061	0.9079
RINT1	7	105532085	-1.28745
MDFIC	7	114922154	-1.42754
SCRN1	7	29920103	-2.34368
C7orf25	7	42908726	1.97245
GPNMB	7	23235967	2.27853
RAPGEF5	7	22118238	0.65921
RAC1	7	6374523	2.47755
KDELR2	7	6445953	2.31042
NUPL2	7	23181827	2.26403
IL6	7	22725884	1.31706
ZDHHC4	7	6577434	-0.11372
AOAH	7	36512949	0.28349
BZW2	7	16646131	-0.14746
DGKB	7	14145049	0.71168
TBRG4	7	45100100	0.85517
DDX56	7	44565417	0.12819
NACAD	7	45080438	-1.13326
CCM2	7	44999475	0.06603
MMD2	7	4905989	0.1976
GNA12	7	2728112	-0.1599
CCZ1B	7	6794134	-0.19286
CREB5	7	28299321	0.6401
EGFR	7	55019021	0.10596
IGFBP3	7	45912245	1.6191
MDH2	7	76048051	-0.57999
POMZP3	7	76609986	-0.77677
GBAS	7	55951793	-1.06986
PSPH	7	56011051	-1.22749
ZNF92	7	65373799	0.00273
ATXN7L1	7	105605067	-0.73809
TMEM168	7	112762382	-1.64232
ASB15	7	123567010	0.61281
C7orf43	7	100154420	-0.86931
SLC12A9	7	100826820	-0.23802
TMEM209	7	130164715	0.68365
AGBL3	7	134986508	0.47976
TMEM140	7	135148072	-0.92577
NOM1	7	156949723	0.25868
CNPY1	7	155474206	0.2586
NCAPG2	7	158631311	0.13445
LUC7L2	7	139340359	2.36767
C7orf31	7	25134697	0.8883
JAZF1	7	27830573	0.2147
CACNA2D1	7	81946444	-1.31322
PDE1C	7	31751179	0.06486
VOPP1	7	55436056	-0.26887
FBXL18	7	5431335	0.32056
PTPRN2	7	157539056	1.25414
LRGUK	7	134127299	-0.13428
PDIA4	7	149003062	0.43315
ELMO1	7	36854361	-0.8609
PAXIP1	7	154943687	-0.20032
STEAP2	7	90167590	-0.34529
CLDN12	7	90383721	1.68592
GATAD1	7	92447453	-0.86132
DGKI	7	137381037	0.52189
SLC37A3	7	140293693	0.25449
RADIL	7	4797055	-1.04663
AUTS2	7	69598919	-1.62244
TSPAN33	7	129144892	1.86563
AHCYL2	7	129225023	1.74416
CPA2	7	130266827	1.0807
PPP1R9A	7	94907202	-0.82993
TMED4	7	44577894	0.12819
PKD1L1	7	47774652	-2.01994
FAM131B	7	143353400	0.13155
ZYX	7	143381080	0.70201
PPP1R35	7	100435282	-3.78087
ZNF394	7	99486519	-1.25822
ORAI2	7	102433106	-1.63193
ALKBH4	7	102456238	-0.24302
SH2B2	7	102285091	0.93977
KIAA0895	7	36324221	-0.09616
TRA2A	7	23504780	0.1329
BMT2	7	112819147	-1.25419
RP9	7	33094797	-1.45789
ZNF12	7	6688433	1.43466
SLC29A4	7	5274369	1.71161
STEAP1	7	90154375	-0.16608
CDCA7L	7	21900900	-0.2816
INTS4P1	7	65141225	0.67187
COL1A2	7	94394561	0.90099
SLC13A4	7	135681237	1.10509
LMTK2	7	98106885	-0.88238
ADCY1	7	45574140	-0.92847
C7orf57	7	48035511	-0.40141
ORC5	7	104126341	-0.33363
GPER1	7	1082208	-2.8051
NOS3	7	150990995	1.19798
MICALL2	7	1428465	2.10605
INTS1	7	1470277	1.49489
CDK5	7	151053812	-0.55278
SLC4A2	7	151057210	1.29731
FOXK1	7	4682309	-1.41712
METTL2B	7	128476729	0.84793
TRPV6	7	142871203	1.0463
TMEM130	7	98846488	-1.09786
MCM7	7	100092728	-2.4144
ZSCAN21	7	100049774	-0.80355
NYAP1	7	100483927	1.23969
TSC22D4	7	100463359	-1.2106
CNPY4	7	100119613	-0.80355
NAT16	7	101170493	-0.23744
POLR2J3	7	102537918	0.86619
CCDC126	7	23597379	1.83917
RSPH10B2	7	6754109	-0.30113
TRIM56	7	101085439	-3.6335
GUSB	7	65960684	-0.33187
YWHAG	7	76326794	-1.34125
ZNF212	7	149239651	1.3192
OR2A20P	7	144250045	-1.14472
TCAF2	7	143620950	-0.44525
SEMA3E	7	83363906	6.33424
VSTM2A	7	54542325	-1.13327
SLC26A5	7	103352730	0.74877
RASA4B	7	102482445	-0.18672
GPR37	7	124745997	0.05674
KBTBD2	7	32868172	0.88568
ATP6V0E2	7	149872968	0.91454
SOSTDC1	7	16461481	0.2511
CYCS	7	25120091	-0.50935
GPR22	7	107470018	-0.75756
GNB2	7	100673531	-0.23802
ZNF680	7	64519884	-0.52271
LRRN3	7	111091006	1.27043
TMEM196	7	19719310	-0.83342
GTF2IRD2B	7	75092573	-2.08421
CNTNAP2	7	146116002	1.30324
SUGCT	7	40134977	0.03846
DNAJC30	7	73680969	-0.49619
SAMD9L	7	93130055	0.82304
ZFAND2A	7	1152071	-3.53466
FAM220A	7	6329409	3.04037
TRIM73	7	75395063	3.0891
TMEM139	7	143279957	1.12461
GIMAP7	7	150514830	-1.32324
LINC00174	7	66376044	-1.93261
CHRM2	7	136868669	1.05339
ZNF746	7	149472794	-0.36523
ZNF467	7	149764182	0.41365
ATG9B	7	151012209	-0.25238
TNRC18	7	5306790	-1.55446
CREB3L2	7	137874979	-0.86278
ZNF804B	7	88759368	1.08882
LINC01006	7	156472196	2.32214
CALN1	7	71779491	0.53367
OR7E38P	7	97966090	0.68387
RBM33	7	155644451	-1.07205
IMMP2L	7	110663051	0.47265
SPDYE16	7	76531319	0.62171
WBSCR17	7	71132169	0.43586
IKZF1	7	50304124	0.21105
C7orf61	7	100456615	0.77867
GSAP	7	77310751	1.49713
INSIG1	7	155297776	0.61299
UBE2H	7	129830732	1.59202
MAGI2	7	78017057	2.18911
LHFPL3	7	104328656	-2.67657
LINC00265	7	39733632	-0.09827
ZP3	7	76397518	-1.21142
ZBED6CL	7	150329789	1.61978
FAM221A	7	23680130	1.70281
RELN	7	103471784	-5.48599
CLDN4	7	73799542	1.21995
DPY19L2P1	7	35079989	-2.18921
RNF216P1	7	4973988	1.97761
PPIA	7	44796680	-1.13403
AC005154.6	7	30516309	-0.15979
GIMAP5	7	150722253	0.88476
STK31	7	23710167	3.1903
TRRAP	7	98877933	0.76947
EPHB4	7	100802565	1.42518
XRCC2	7	152644779	0.63005
ZKSCAN5	7	99504651	-1.0346
TOMM7	7	22812628	-1.99349
VKORC1L1	7	65873267	0.56203
ZSCAN25	7	99616946	2.23017
GAL3ST4	7	100159244	-0.87202
SND1	7	127652180	-2.20593
EIF4BP6	7	104667749	-4.96857
ZNF655	7	99558406	0.26012
ZNF786	7	149069643	0.11737
PDGFA	7	497258	3.88243
SSPO	7	149776042	-0.2433
ZNF273	7	64870172	1.00904
TCAF1	7	143851375	1.33785
SMURF1	7	99027438	1.33891
GRM3	7	86643914	1.141
ZNF277	7	112206588	0.49716
TYW1	7	66995173	-0.60327
CAPZA2	7	116811070	3.12493
ATP6V0E2-AS1	7	149867697	1.3446
ARHGEF34P	7	144272445	1.84135
SAP25	7	100572228	0.45608
TECPR1	7	98214624	-0.91146
SAMD9	7	93099513	1.29879
SPDYE18	7	77052785	0.62171
AC004980.7	7	76549360	-0.77695
STAG3L1	7	75359194	1.56776
TRBC2	7	142670777	-0.18649
ASIC3	7	151048292	1.89177
ARHGEF35	7	144186083	-0.24885
RP11-577H5.1	7	102755146	-1.09771
GPC2	7	100169606	-1.56322
ERV3-1	7	64990809	-0.97285
RP11-467H10.1	7	77115399	-0.76278
REPIN1	7	150368189	-1.43386
PAXIP1-AS2	7	154928498	1.51014
LINC00998	7	113116718	-1.03225
FIS1	7	101239458	2.25221
APTR	7	77657660	1.89425
MBLAC1	7	100126694	0.01943
RPS3AP26	7	98385801	-0.18521
FAM185BP	7	77083886	0.76775
GTF2IRD2P1	7	73242751	0.61686
ZNF727	7	64045443	1.24867
POLR2J4	7	43940895	-1.72035
AC004540.5	7	26398593	0.06379
ISPD	7	16087527	-1.6025
GRID2IP	7	6497462	-2.53472
AC009403.2	7	155611231	-1.16559
PAPOLB	7	4857733	-0.46791
UMAD1	7	7640711	0.02257
HTR5A-AS1	7	155067067	1.84742
AP4M1	7	100101549	2.5315
PLXNA4	7	132123332	-0.04056
FAM185A	7	102748971	0.82247
TCAF1P1	7	143598040	-1.83731
AC003090.1	7	25593351	2.1438
HRAT92	7	520391	2.8698
AC005076.5	7	87151423	0.73331
VSTM2A-OT1	7	54556970	-0.75133
POT1-AS1	7	124929873	0.80448
PRRT4	7	128350325	-0.98286
ZNRF2P2	7	29598795	0.24522
LHFPL3-AS2	7	104894628	0.59741
AC002064.5	7	90312496	-0.15251
CTAGE4	7	144183466	-0.61216
ELFN1	7	1688119	-0.11735
MIR29A	7	130876747	0.58661
AC000124.1	7	127476883	-2.83221
LHFPL3-AS1	7	104738597	1.59223
AC018647.3	7	35715034	-2.70621
DPY19L2P3	7	29650227	-0.83382
TRIM60P18	7	64355078	1.97394
LINC01004	7	104950315	-0.29805
AC004951.6	7	44004046	-2.01558
WEE2-AS1	7	141704338	0.55645
RASA4CP	7	44026951	-0.26539
OR2A9P	7	144294480	1.96521
PMS2P7	7	73005541	1.23232
GS1-124K5.11	7	66526088	-1.19561
DPY19L1P1	7	32580949	-0.06238
GS1-124K5.2	7	66409143	0.42752
TPI1P2	7	129055223	-0.82498
KLHL7-AS1	7	23101228	-2.11992
AC007349.7	7	36838972	0.36143
AC072052.7	7	6490793	-3.25139
LINC00689	7	159006522	0.41058
LINC-PINT	7	130941760	-0.92695
AC093673.5	7	143379692	1.56857
GS1-124K5.12	7	66554588	1.52568
AC004987.9	7	39833571	2.26021
EEF1A1P6	7	22510616	3.13732
AC004947.2	7	26551822	0.48306
ZNF736	7	64307459	-0.49359
MAGI2-AS3	7	79452877	0.26585
FAM133B	7	92560793	-1.50779
LINC00957	7	44039171	-1.08367
DPY19L2P4	7	90119400	2.90853
ZNF815P	7	5823160	0.13316
MKLN1-AS	7	131309744	-0.3296
GS1-124K5.4	7	66493706	-0.05244
AC003075.4	7	17279834	2.31902
OR7E7P	7	97946987	-0.03006
GATS	7	100200653	-0.86931
KMT2E-AS1	7	105013425	0.66266
GET4	7	876552	2.25057
PRKAG2-AS1	7	151877042	-1.23337
AQP1	7	30911855	2.35909
LRRD1	7	92112159	-0.69622
RP11-155G14.6	7	128455937	-0.97672
YAE1D1	7	39566376	-1.7758
ATP5J2	7	99448475	0.80912
ARPC1A	7	99325898	0.857
AC002467.7	7	107742817	-1.08554
PEG10	7	94656325	1.55493
AC093627.9	7	135853	0.99545
AC004893.11	7	99013165	1.33639
AC000120.7	7	92200014	0.96401
KCTD7	7	66628881	1.09269
RP11-274B21.3	7	128653969	-1.01975
OR2A7	7	144258607	-1.82557
AC007566.10	7	92457564	-0.61844
RP11-148K1.12	7	151074742	-0.02731
GS1-259H13.2	7	99598066	-1.10946
OR2A1-AS1	7	144251264	-1.64444
AC005154.7	7	30523143	0.17246
RP4-800G7.2	7	149285281	0.19554
CTAGE8	7	144266701	-0.19422
RP5-894A10.2	7	141652381	0.09335
ATP5J2-PTCD1	7	99419749	1.61664
AC068533.7	7	66087761	0.07459
RP11-15K19.2	7	55887277	-0.56491
AC145676.2	7	227554	2.74765
CCDC71L	7	106656765	0.90936
RP11-61L23.2	7	143761790	0.68385
TRIL	7	28953358	-1.27418
KIAA1147	7	141656728	-0.55645
MGAM	7	141907813	0.61345
MGAM2	7	142111749	0.61345
CLEC5A	7	141927357	-0.41208
RP11-467D6.1	7	39947522	-0.77407
JHDM1D-AS1	7	140177261	-0.50261
TMEM178B	7	141074232	-1.11817
RP4-584D14.7	7	150341771	-1.43386
LINC01003	7	152463786	-0.81218
DTX2P1-UPK3BP1-PMS2P11	7	76959835	0.07841
UPK3BL	7	102637025	-0.27066
RP11-577H5.5	7	102637049	4.65351
C7orf55-LUC7L2	7	139341360	-0.45452
RP5-894A10.6	7	141662922	0.1971
RP11-2E11.9	7	130507660	1.76044
RP11-379H18.1	7	35695214	-2.94478
RP11-274B21.9	7	128690451	-0.14842
GS1-166A23.2	7	16593626	1.15156
CTB-113D17.1	7	28979967	0.8303
RP11-155G14.5	7	128466563	-0.01414
RP11-251G23.5	7	105571083	1.0912
POLR2J4	7	44013562	-1.4909
RP11-390E23.6	7	123749068	0.81912
MESTIT1	7	130486042	0.07751
STAG3L5P-PVRIG2P-PILRB	7	100336104	-1.39217
RP11-792A8.4	7	66739829	-1.17569
RP11-313P13.5	7	72924418	0.7745
RP11-309L24.4	7	128866308	-0.33237
RP11-265E18.1	7	32845394	3.2348
CTB-152G17.6	7	105102838	0.43849
RP11-514P8.8	7	102483344	-0.18672
RP11-728K20.3	7	149890739	1.18086
RP11-225B17.2	7	32758882	2.59926
AC144652.1	7	155295918	1.34024
RP11-458F8.4	7	66902857	-0.61017
RP11-449P15.2	7	879790	3.63176
RP11-212P7.3	7	128455840	1.51283
RP11-1246C19.1	7	1464497	1.4238
CTB-119C2.1	7	26173533	-0.63162
RP5-1136G13.2	7	148696467	0.6172
RP11-22N19.2	7	106285480	1.13812
RP11-448A19.1	7	129604548	0.02826
PAXIP1-AS1	7	155003448	-2.15125
RP4-751H13.7	7	149858400	-1.027
RP5-1165K10.2	7	43951910	1.79622
RP11-166O4.6	7	67333047	0.31578
RP11-180C16.1	7	131493964	-0.00929
PMS2P6	7	75316048	0.71591
CH17-264B6.4	7	73037371	-0.94746
RCC1L	7	75027122	-2.11795
CH17-264B6.3	7	73065529	-1.21995
RP11-511H23.2	7	17940503	-0.96828
AC000123.3	7	127349833	-2.36407
RP11-736E3.3	7	113075124	-0.47132
RP5-907C10.3	7	124742312	-0.11848
AC090498.1	7	137513832	0.34001
RP11-445N20.2	7	149881477	1.3446
RP5-844F9.1	7	44367140	-1.09786
RP4-751H13.5	7	149851572	-1.62874
AC000123.2	7	127359785	-2.45942
RP4-568B10.1	7	106035798	-0.16817
RP4-777O23.3	7	30497077	0.4991
GHET1	7	148987527	0.88882
LINC00997	7	32760279	1.7658
LINC01176	7	30390885	1.162
GS1-114I9.3	7	30362400	-0.65196
RP11-371A22.1	7	133034607	-0.70653
RP5-912I13.2	7	155474256	0.2586
SLC7A2	8	17497088	-1.03297
ST3GAL1	8	133454848	1.69717
ZC3H3	8	143437655	1.57935
STMN4	8	27235323	-0.438018
ADGRA2	8	37784191	0.876208
SLC45A4	8	141207166	-0.545457
RNF19A	8	100257060	2.09216
NSMAF	8	58583504	1.000178
MSR1	8	16107878	0.182036
ADAM28	8	24294040	-2.330833
ATP6V1H	8	53715557	-0.223043
LZTS1	8	20246165	-0.767405
TAF2	8	119730775	1.022279
POLB	8	42338454	0.641511
AP3M2	8	42152946	0.585733
CPSF1	8	144393229	0.321414
PAG1	8	80967810	0.213897
PCM1	8	17922840	-1.855708
RUNX1T1	8	91954967	-0.689612
OPRK1	8	53225716	-1.089721
KAT6A	8	41929479	-0.224328
CPNE3	8	86514427	0.949674
ZFHX4	8	76681219	-0.387176
ANGPT2	8	6499651	0.065458
SGK3	8	66712418	2.398573
PDGFRL	8	17576433	0.319168
CSPP1	8	67062426	1.069856
ZDHHC2	8	17156029	0.8538
BRF2	8	37843268	-1.401813
TRIM35	8	27284887	-2.341598
ZFAND1	8	81701334	0.107816
CA2	8	85463852	-0.335978
FZD3	8	28494205	-1.269817
RIPK2	8	89757747	-2.263647
CPQ	8	96645227	1.104963
CALB1	8	90058608	0.333838
IMPAD1	8	56957933	-1.221306
SFRP1	8	41261958	0.249157
LAPTM4B	8	97775057	0.13192
UBE2W	8	73780097	-3.825637
NIPAL2	8	98189833	-0.054488
IKBKB	8	42271302	0.128278
PLAT	8	42175233	-0.470446
JPH1	8	74234700	0.712102
RAB2A	8	60516857	-0.867432
EIF3E	8	108201216	-1.607858
ARMC1	8	65602456	3.335971
TRPS1	8	115408496	-0.39243
SPAG1	8	100157906	-1.467847
CHRAC1	8	140511298	1.558551
NCALD	8	101686543	0.144148
SNX16	8	81799581	-0.041633
UBR5	8	102253012	0.187057
TSTA3	8	143612618	-0.507931
EEF1D	8	143579697	-0.761133
SQLE	8	124998497	0.340146
INTS10	8	19817140	-0.396423
SLC39A14	8	22367249	-0.140733
LEPROTL1	8	30095398	-1.161519
R3HCC1	8	23270120	1.785829
GSR	8	30678061	7.117533
UBXN8	8	30732247	-1.168127
PPP2CB	8	30774457	1.961548
NEFM	8	24913012	-3.90506
KCTD9	8	25427847	-0.895758
ASAH1	8	18055992	-3.202978
BNIP3L	8	26382898	-1.055432
DENND3	8	141117278	0.522776
DUSP4	8	29333064	0.103963
SORBS3	8	22544986	-0.749918
PTK2B	8	27311482	-2.683746
CHRNA2	8	27459761	-1.750175
PPP3CC	8	22440819	-1.254749
PDLIM2	8	22578279	-0.151148
EPHX2	8	27490779	-0.774449
RNF170	8	42849637	-1.568078
LYPLA1	8	54046367	-1.13808
CRISPLD1	8	74984515	-3.950883
NECAB1	8	90791550	-0.103024
WWP1	8	86342738	-0.774064
AGO2	8	140520156	0.057098
PHF20L1	8	132775358	-0.532485
LRRC6	8	132571953	-0.759598
MTUS1	8	17643795	-0.137121
TTI2	8	33473386	-1.657087
THEM6	8	142727203	0.025787
XPO7	8	21919671	-0.058042
KHDRBS3	8	135457457	-0.920121
THAP1	8	42836674	1.282532
EFR3A	8	131904088	1.120088
RIDA	8	98102344	0.048108
RGS22	8	99960936	-1.066027
MATN2	8	97868840	-0.85251
IMPA1	8	81657961	-0.058041
LRRCC1	8	85107147	-1.300835
TEX15	8	30831544	2.357391
RNF122	8	33547755	-1.117214
DUSP26	8	33591332	1.267853
LOXL2	8	23297189	0.320554
ENPP2	8	119557086	0.535868
DERL1	8	123013164	1.582122
MYC	8	127735434	-1.414431
NOV	8	119416306	0.69434
MRPL15	8	54135210	1.13808
TTPA	8	63048553	-0.836351
SLCO5A1	8	69667047	0.346409
SDCBP	8	58552924	-1.537141
MCPH1	8	6406592	0.08378
MFHAS1	8	8783354	2.180743
CSGALNACT1	8	19404161	0.526321
ATP6V1B2	8	20197367	0.372135
HMBOX1	8	28890394	0.028382
CHRNB3	8	42697376	1.037685
CHRNA6	8	42752620	-1.568078
GNRH1	8	25419260	1.418362
SLC25A37	8	23528805	-1.387116
CHMP7	8	23243637	-1.395185
DOCK5	8	25184723	4.772571
STAR	8	38143649	-1.293735
PROSC	8	37762593	-0.189636
ERLIN2	8	37736599	1.103663
SNTG1	8	49909789	-1.06125
PXDNL	8	51319578	0.586024
ST18	8	52110839	-1.682716
RGS20	8	53851808	-0.181239
TACC1	8	38728186	-0.18496
GOLGA7	8	41490396	0.721464
PLPP5	8	38263130	3.827068
GINS4	8	41529206	1.348772
WHSC1L1	8	38269697	-3.992231
CRH	8	66176382	0.974116
ADHFE1	8	66430185	0.040307
MRPS28	8	79918717	1.190743
PMP2	8	81440326	-0.212792
LACTB2	8	70635318	0.209769
TERF1	8	73008864	0.26313
PSKH2	8	86048373	-0.156845
ATP6V0D2	8	85987323	-0.074573
SYBU	8	109573978	1.424308
LRP12	8	104489231	-1.883792
EBAG9	8	109539711	1.154326
MAL2	8	119165034	0.383866
EIF3H	8	116642130	2.175776
FAM135B	8	138130023	1.432061
FAM49B	8	129839593	-0.758188
ANGPT1	8	107249482	2.356706
TDH	8	11339637	-1.40751
LONRF1	8	12721894	1.100619
TCEB1	8	73939169	-2.295823
AZIN1	8	102826357	0.933884
ATP6V1C1	8	103021063	-0.193169
TMEM55A	8	90993796	0.965144
OTUD6B	8	91070196	0.965144
DEPTOR	8	119873717	0.528264
ADCY8	8	130780301	0.087676
MICU3	8	17027238	1.184472
VPS37A	8	17246571	-0.459352
MMP16	8	88032009	0.258677
NDUFAF6	8	94895767	1.851701
MTERF3	8	96239398	-0.561339
PTDSS1	8	96261715	2.443509
RPL30	8	98024851	-0.969505
KCNS2	8	98427022	0.403037
RAB11FIP1	8	37858618	3.342307
TBC1D31	8	123041968	-0.234184
WDYHV1	8	123416725	-4.123921
NSMCE2	8	125091679	1.255444
RBPMS	8	30384479	-1.725669
RHPN1	8	143368887	0.915014
NPM2	8	22024125	0.282386
FGF17	8	22042398	0.088278
DMTN	8	22048995	-1.018651
CCAR2	8	22604632	0.158356
STC1	8	23841915	0.335522
LY6E	8	143017982	0.967644
RECQL4	8	144511288	-1.333326
PPP1R16A	8	144477969	-0.741271
HEY1	8	79764010	1.044531
FABP5	8	81280363	-0.385863
CTSB	8	11842524	-1.04633
DLC1	8	13083361	0.511661
C8orf48	8	13566843	-1.191284
PEX2	8	76980258	1.500579
RAD21	8	116845935	1.045789
SLC30A8	8	116950273	-0.46779
CSMD3	8	112222928	0.624186
OSGIN2	8	89901859	1.503727
TMEM74	8	108606850	-2.100253
COX6C	8	99873200	0.492238
FZD6	8	103298433	0.410955
CTHRC1	8	103371515	0.420988
SLC25A32	8	103398635	0.481434
TP53INP1	8	94925972	2.683873
KIAA1429	8	94487693	-2.842327
GEM	8	94249253	-0.623528
PDP1	8	93857807	0.96792
KIAA0196	8	125024260	0.974948
TMEM65	8	124306189	-0.257339
LETM2	8	38386207	-2.50451
ZMAT4	8	40530590	-1.036296
TMEM71	8	132685007	1.039329
HGSNAT	8	43140455	-0.683733
ZHX1	8	123248451	-1.717996
WRN	8	31033801	-0.052537
NKX3-1	8	23678693	0.301181
GPT	8	144502973	-0.154262
KIFC2	8	144466043	-0.426192
TMEM68	8	55696424	0.967848
RP11-25K19.1	8	59119040	3.070507
SCARA3	8	27633868	-0.240719
SCARA5	8	27869882	-1.798606
PCMTD1	8	51817575	-2.719312
HR	8	22114415	-0.058042
LGI3	8	22146825	-0.567922
PHYHIP	8	22219704	0.575816
POLR3D	8	22245104	0.46351
FNTA	8	43034194	-0.889331
GFRA2	8	21690403	0.40425
SLC20A2	8	42416475	-0.442673
ADAM9	8	38996869	2.022447
FAM84B	8	126552442	0.056207
C8orf46	8	66460003	0.63513
FAM110B	8	57994509	1.221482
PTK2	8	140657900	-0.497915
SDC2	8	96493351	1.472273
TM2D2	8	38988808	-0.888343
CNGB3	8	86553977	-0.031534
MTSS1	8	124550790	0.471952
XKR6	8	10896045	3.446485
CHD7	8	60678778	0.509508
NAT1	8	18170477	0.048072
SNTB1	8	120535745	1.100252
MRPL13	8	120380761	-0.908589
FUT10	8	33370824	1.918053
PURG	8	30995802	8.272317
CYP7B1	8	64587763	-0.323551
ADCK5	8	144373101	0.232881
FAM86B3P	8	8228595	-1.37316
TRIB1	8	125430321	-0.077242
TNFRSF10D	8	23135588	-1.965455
LSM1	8	38163321	-3.43019
LPL	8	19901717	-0.567211
TMEM70	8	73972437	-1.584062
PLEKHF2	8	95133804	1.033884
SMIM19	8	42541155	-0.442673
RIMS2	8	103500748	0.829348
KBTBD11	8	1973878	0.470894
RMDN1	8	86468257	-1.044648
C8orf59	8	85214076	-2.898077
FAM91A1	8	123768456	0.685374
C8orf4	8	40153455	1.690661
LY6H	8	143157914	-0.021285
OR7E125P	8	7246726	1.488755
C8orf31	8	143039209	-0.33808
ERICH5	8	98064311	0.366909
SAMD12	8	118189459	0.705414
PPP1R42	8	66964099	0.069186
CA8	8	60187347	-1.724491
GRINA	8	143990058	-2.601161
OPLAH	8	144051266	-0.631061
EXOSC4	8	144078626	1.326224
RRS1	8	66429028	2.613487
CYC1	8	144095027	-0.639947
EGR3	8	22687659	0.809196
SHARPIN	8	144098633	1.211498
MAF1	8	144104499	2.230381
WDR97	8	144107726	-1.584755
MROH1	8	144148016	-0.765381
TSPYL5	8	97273474	-0.145696
TMEM64	8	90621995	-1.1777
SCRIB	8	143790920	-0.68253
FAM83H	8	143723933	1.011238
PENK	8	56436674	0.335608
ADGRB1	8	142449430	-1.097523
C8orf33	8	145052378	-0.828132
CLN8	8	1755778	0.3255
CSMD1	8	2935353	-0.266148
ZNF623	8	143636013	0.199217
RP1L1	8	10606349	0.26307
TRMT12	8	124450820	-0.0575
KCNQ3	8	132120859	-2.338102
TOP1MT	8	143304384	1.643466
PTP4A3	8	141391993	-1.455482
FAM167A-AS1	8	11368402	-1.852412
CDCA2	8	25458997	-1.121667
RALYL	8	84182787	0.02451
CA13	8	85220587	1.057932
NRBP2	8	143833594	-0.743925
MYBL1	8	66562175	1.412376
ZNF696	8	143289676	1.957522
ZNF395	8	28345585	-0.784661
EIF4EBP1	8	38030341	-0.066373
CYHR1	8	144449582	-1.144649
ZNF250	8	144876497	0.766302
PIWIL2	8	22275297	-1.397775
ENTPD4	8	23385783	-0.179733
FABP12	8	81524981	-0.852432
KIF13B	8	29067279	1.057211
DLGAP2	8	737596	-1.98534
MAK16	8	33484750	0.595767
ZNF251	8	144720907	-1.915425
CNOT7	8	17224964	-0.8538
TOX	8	58805418	-5.28055
MROH6	8	143566187	1.278674
ZBTB10	8	80485619	1.381889
GOLGA2P1	8	86657388	-0.44445
XKR4	8	55102389	0.668445
C8orf82	8	144525733	0.350056
C8orf44	8	66667615	0.364279
FBXO16	8	28348287	0.647798
UBXN2B	8	58411264	-1.744413
EBF2	8	25841730	-1.237338
CEBPD	8	47736909	0.221078
XKR9	8	70669365	2.616556
RPL23AP53	8	213186	-0.871523
RP11-110G21.1	8	51899325	-2.791793
RP11-863K10.4	8	37747338	0.887818
JRK	8	142657460	-0.188286
HGH1	8	144137769	-0.415255
RP11-400K9.4	8	53515171	-0.382907
C8orf58	8	22599601	-0.079755
CTD-3064M3.4	8	141389939	0.501178
RNF139-AS1	8	124462485	-0.537176
SNHG6	8	66921684	0.957691
BAALC-AS1	8	103156990	1.34783
RP11-11N9.4	8	32996178	0.86472
RP11-468H14.2	8	17131181	-0.102419
GLI4	8	143267433	-2.1978
GAPDHP62	8	100550724	0.357074
RP11-37B2.1	8	89609409	-0.590472
RP11-369K16.1	8	12958387	-0.744647
RP11-48B3.5	8	80484561	-0.8057
RP11-410L14.1	8	99003407	-0.712871
RP11-582J16.5	8	22613908	-0.569834
C8orf88	8	90958637	-0.780855
AZIN1-AS1	8	102864300	-0.166435
RP11-468O2.1	8	123288355	1.414714
RP11-1C8.4	8	103483398	0.110029
CTD-2114J12.1	8	91157285	0.901219
RNF5P1	8	38600661	-1.349573
SLC10A5	8	81693607	0.332197
RP11-806O11.1	8	17808941	-2.909211
KBTBD11-OT1	8	1971397	0.102525
RP11-267M23.4	8	94553722	2.842327
MINCR	8	143280161	-1.957522
OTUD6B-AS1	8	91059909	-1.812626
CTD-2292P10.4	8	142702252	-0.548304
RP11-439C15.4	8	1972570	1.350063
CTD-2336O2.1	8	1761990	0.944278
RP11-431M3.2	8	34229294	-0.13377
RP11-10A14.3	8	9141424	-1.061566
LRRC24	8	144522377	0.632253
RP11-481A20.10	8	12003400	-2.081541
FAM66D	8	12115782	2.300711
AF186192.5	8	144700353	0.268736
CTD-2517M22.14	8	144495458	1.333326
AF131215.2	8	11107788	3.274755
RP11-1134I14.8	8	47190772	-1.29219
RP11-463D19.2	8	73688691	-0.073853
ZHX1-C8orf76	8	123226189	-4.98249
CTD-2647L4.4	8	29055935	0.667617
AC083843.1	8	134792020	1.766741
RP11-594N15.3	8	78605952	0.730441
RP11-531A24.3	8	72947150	1.368684
KB-1460A1.5	8	101166805	-1.034698
EPPK1	8	143857324	1.221266
RP11-79H23.3	8	78837529	0.57947
SCRT1	8	144330565	-0.163393
AF186192.6	8	144713899	0.611476
FSBP	8	94378377	-0.197224
AF131215.9	8	11104691	4.151015
RP11-439C15.5	8	1974818	0.102525
GS1-393G12.13	8	144353228	-0.690922
CTD-2541M15.3	8	6615604	-0.431057
RP11-1C8.7	8	103481266	-0.895196
CTD-3064M3.7	8	141434545	-1.118852
CTD-2006H14.2	8	93715378	0.609654
CTD-3025N20.3	8	65591850	-2.765444
RP11-350N15.6	8	38408048	2.148922
GS1-72M22.1	8	24912165	-0.269188
RP11-722E23.2	8	33360839	1.373151
RP11-140I16.3	8	56222688	-0.269617
RP11-51J9.6	8	30197404	-0.580262
RP11-981G7.6	8	10486807	0.472608
RP5-855D21.3	8	233119	-0.29484
UG0898H09	8	62977861	2.447984
NUDT18	8	22106872	1.374398
SGK223	8	8317736	2.492338
CTD-2342N23.1	8	134764809	1.669372
AC113188.2	8	118189455	2.036662
PEG13	8	140094894	0.000154
KBTBD11-OT1	8	1763888	-0.913171
AC090094.1	8	61503359	0.246533
RP11-419I17.1	8	12537079	-0.336086
FAM214B	9	35104112	0.04703
RABGAP1	9	122940833	-1.1664
ERP44	9	99979179	-0.49329
TNC	9	115019578	3.72535
CNTLN	9	17134982	1.36949
RC3H2	9	122844556	2.26542
DNAJC25	9	111631352	0.54299
MSANTD3	9	100427156	-2.73831
IKBKAP	9	108867517	-1.46721
SLC44A1	9	105244622	0.43021
FRMPD1	9	37651000	1.93943
GBA2	9	35736866	-1.21496
BRINP1	9	119153458	0.06165
RFX3	9	3218297	0.40681
CDC14B	9	96490241	1.69546
ZNF510	9	96755865	0.51077
TRPM3	9	70529063	1.11375
DNAJA1	9	33025211	-2.64018
B4GALT1	9	33104082	-0.20596
CHMP5	9	33264879	-1.58454
SPTLC1	9	92031999	-2.11383
EPB41L4B	9	109171975	0.02293
PSMD5	9	120815496	-0.83868
PTGS1	9	122370530	-1.5815
NUP188	9	128947699	0.97774
CRAT	9	129094810	1.18139
SH2D3C	9	127738317	-0.15837
NANS	9	98056739	-0.50103
WHRN	9	114402080	0.13802
IFT74	9	26947039	3.14152
JAK2	9	4984390	-1.45062
ERMP1	9	5765076	0.06487
MTAP	9	21802543	-1.19114
SLC1A1	9	4490444	1.1413
LHX2	9	124001670	1.97799
FSD1L	9	105447796	-2.54512
SPIN1	9	88388419	4.01959
NMRK1	9	75060573	0.26235
TMEM245	9	109015152	1.19563
PRUNE2	9	76611376	-2.64738
TRIM14	9	98069275	1.2936
CORO2A	9	98120975	0.57103
TGFBR1	9	99104038	0.90204
SEC61B	9	99222064	-0.48243
C5	9	120952335	-1.34215
ECM2	9	92493554	1.40719
PTGR1	9	111562577	1.76842
DNM1	9	128191655	-1.2665
ENG	9	127815012	1.48579
AK1	9	127866480	-1.11546
CDC37L1	9	4679559	-0.16717
RLN2	9	5299868	0.4537
RIC1	9	5629025	1.10332
DOCK8	9	214854	2.91017
KANK1	9	470291	-0.68274
ELAVL2	9	23690104	2.02337
KCNT1	9	135702185	0.57788
CA9	9	35673856	-0.53427
FUBP3	9	130578965	-0.3513
TYRP1	9	12685439	-1.24164
CREB3	9	35732335	1.00931
MPDZ	9	13105704	1.92153
LHX3	9	136196250	0.49707
EDF1	9	136862119	-0.12961
PIP5K1B	9	68705414	-2.51786
GLIS3	9	3824127	-1.09934
BAG1	9	33247820	-0.42186
RAPGEF1	9	131576770	-3.81588
APBA1	9	69427530	0.26831
SETX	9	132261356	-1.67705
SHB	9	37919134	1.3705
ABHD17B	9	71862452	2.15146
EXOSC3	9	37766978	-1.40517
TRPM6	9	74722495	0.60728
KLF9	9	70384597	-0.57183
TJP2	9	69121264	0.538
RAD23B	9	107283137	0.12573
FKBP15	9	113161006	-1.87934
FAM206A	9	108934181	0.13733
SET	9	128683424	-0.03869
PTPA	9	129110950	-0.98801
GLE1	9	128504700	2.22868
CNTRL	9	121074863	1.45883
TRIM32	9	116687302	0.97774
BSPRY	9	113349541	0.62834
PPP6C	9	125146573	-0.36086
HDHD3	9	113373419	1.20484
RBM18	9	122237624	-1.31628
HSDL2	9	112379937	1.16331
INVS	9	100099256	1.71891
ALG2	9	99216426	-0.75091
CAAP1	9	26840685	-0.58226
MOB3B	9	27325209	-1.07431
CD274	9	5450503	-0.66498
SMU1	9	33041764	1.29198
SLC25A51	9	37879400	0.15313
CLTA	9	36190856	-0.52573
RECK	9	36036433	-1.0792
ACO1	9	32384603	-0.91489
PHF24	9	34957608	-0.81432
DNAI1	9	34457414	1.39864
DCAF10	9	37800502	-0.1348
CNTFR	9	34551432	-1.50532
SARDH	9	133663560	0.35012
TTF1	9	132375548	2.54867
GTF3C4	9	132670035	-0.847
AIF1L	9	131096476	-1.10605
FAM78A	9	131258076	-1.80606
IPPK	9	92613184	-4.41316
FGD3	9	92947451	-0.64539
NXNL2	9	88535101	1.94682
OLFM1	9	135075422	0.52075
CAMSAP1	9	135808487	1.6837
UBAC1	9	135932969	-0.77157
COL5A1	9	134641774	2.49495
EXOSC2	9	130693721	-0.16099
UCK1	9	131523801	1.80606
FIBCD1	9	130902438	0.25253
PRRC2B	9	131394093	0.49346
HABP4	9	96450201	2.08649
SLC35D2	9	96320706	1.05605
NINJ1	9	93121489	-0.10171
OSTF1	9	75088543	1.10236
RFK	9	76385517	1.17571
UBQLN1	9	83659963	1.01655
C9orf40	9	74946581	0.01989
ANXA1	9	73151757	3.38326
CTSL	9	87725519	0.51343
TMEM2	9	71683366	-0.8912
AGTPBP1	9	85546539	0.14021
GOLM1	9	86026146	-0.27884
FAM189A2	9	69324572	-0.56607
ISCA1	9	86264546	0.3032
NIPSNAP3A	9	104747688	1.418
CDK9	9	127785679	-0.026
TOR1B	9	129803153	1.38243
C9orf78	9	129827290	0.56236
SMC2	9	104094260	3.02855
KLF4	9	107484852	0.28502
TOR1A	9	129812944	-1.38243
ST6GALNAC4	9	127907886	-1.94298
DAB2IP	9	121567057	0.77414
CDK5RAP2	9	120388869	1.06359
ZFP37	9	113038380	-0.42048
SLC31A2	9	113150942	0.55724
SLC31A1	9	113221562	0.40826
TLR4	9	117704332	-1.13367
ZNF189	9	101398873	-0.23639
PRPF4	9	113275343	-0.72399
USP20	9	129834698	0.91713
TEX10	9	100302077	0.09357
DPM2	9	127935099	1.96524
TSTD2	9	97600080	0.7977
GABBR2	9	98288082	1.11561
HEMGN	9	97926791	1.12691
TRMO	9	97904489	2.6945
RABEPK	9	125200542	0.4484
GOLGA1	9	124878357	-1.58781
XPA	9	97674909	-1.29224
ANP32B	9	97983361	0.28147
PDCL	9	122798389	0.16938
CTSV	9	97029679	-0.8659
ARPC5L	9	124862130	0.38877
IL33	9	6215786	1.46095
TMEM261	9	7796490	0.76871
PLAA	9	26904083	0.54285
UBAP2	9	33921693	-1.93546
APTX	9	32972606	1.29198
RNF38	9	36336396	1.98657
TLN1	9	35696948	3.82386
DNAJB5	9	34989641	0.44287
SPAG8	9	35808045	-0.15466
TMEM8B	9	35814451	-3.04356
GRHPR	9	37422666	0.30687
ALDH1B1	9	38392664	-0.33274
DENND4C	9	19230435	-0.31494
RPS6	9	19375715	-0.23291
RGS3	9	113444731	-1.86499
VLDLR	9	2621834	0.51772
UHRF2	9	6413151	1.58337
HAUS6	9	19053143	0.93545
C9orf72	9	27546545	0.54882
ZCCHC7	9	37120539	2.68858
FBXO10	9	37510892	-2.54995
CEP78	9	78236062	-0.22897
SHC3	9	89005771	-1.3976
ZNF462	9	106863097	-0.07209
UGCG	9	111896766	-1.60113
SNX30	9	112750838	-0.93463
STOM	9	121338988	1.90246
MRRF	9	122264603	0.13839
NR6A1	9	124517275	-1.54368
ALAD	9	113386317	-0.29935
ASTN2	9	116425225	-0.62752
WDR31	9	113313222	-0.05365
SURF1	9	133351755	0.96508
ASB6	9	129634604	0.54862
PTGES2	9	128120693	-1.26999
NTMT1	9	129608884	0.27295
CIZ1	9	128166064	-0.00638
SH3GLB2	9	129007036	0.3699
FAM73B	9	129036621	-0.90172
LRSAM1	9	127451486	-0.20851
GPR107	9	130053426	1.12103
INPP5E	9	136428619	1.23738
SEC16A	9	136440096	0.05689
NOTCH1	9	136494444	-2.03987
NACC2	9	136006537	-1.01246
PTPRD	9	8314246	-1.9879
PGM5	9	68328308	-0.51076
TTC39B	9	15163622	0.2748
C9orf85	9	71911510	-0.2665
SLC24A2	9	19507452	-0.70165
CARNMT1	9	74981020	1.27128
CDK20	9	87966441	-0.03268
SUSD3	9	93058688	2.45731
C9orf91	9	114611206	-1.20322
PTPDC1	9	94030794	0.91989
AAED1	9	96639577	-1.05682
NPR2	9	35792154	3.82386
RALGDS	9	133097720	-1.25138
VAV2	9	133761894	1.63048
CACFD1	9	133459965	1.37799
SLC2A6	9	133471095	-0.62382
GPSM1	9	136327476	0.14209
ZDHHC12	9	128720869	-0.54862
PLPP7	9	131289694	0.21937
MED27	9	131860107	0.79031
FREM1	9	14734666	-1.82959
C9orf24	9	34379019	-3.6535
SNAPC3	9	15422704	-2.40034
KIAA1161	9	34366670	-0.16972
NUDT2	9	34329506	-0.10603
PSIP1	9	15464066	-0.16496
UBAP1	9	34179005	-0.82221
DIRAS2	9	90609832	0.33731
NIPSNAP3B	9	104764157	-1.94669
FXN	9	69035259	-2.58765
RASEF	9	82979585	-0.40341
GKAP1	9	83739421	-2.17768
KIF27	9	83836698	0.15896
C9orf64	9	83938311	1.36409
HNRNPK	9	83968083	-1.13446
RP11-213G2.3	9	85805359	0.42527
FBP1	9	94603133	0.21805
TMEM246	9	101473171	1.39545
KIAA1958	9	112486847	-0.42777
STRBP	9	123109500	-1.79391
GAPVD1	9	125261794	0.93986
CARD19	9	93096218	-0.07633
AQP3	9	33441154	-0.27281
TRMT10B	9	37753803	0.32474
VCP	9	35056064	1.67618
QSOX2	9	136206333	2.41579
SNAPC4	9	136375577	-0.48877
AK8	9	132725578	0.57478
SPACA9	9	132878027	0.86694
TSC1	9	132891348	-0.72693
FAM69B	9	136712570	-2.24994
PBX3	9	125747345	8.13814
FAM102A	9	127940579	6.21902
TRUB2	9	128305161	0.17484
COQ4	9	128322536	0.11666
URM1	9	128371319	0.60952
CERCAM	9	128411751	-0.43472
DOLPP1	9	129081100	0.81208
ENDOG	9	128818474	-6.41908
ZBTB5	9	37438114	-2.19859
ENHO	9	34521040	-1.39484
ROR2	9	91563091	1.80314
BRD3	9	134030305	-2.25015
RP11-262H14.4	9	62897449	-0.82006
C9orf16	9	128160260	0.27773
NAIF1	9	128061233	-1.7249
ZBTB26	9	122915566	0.69926
MLLT3	9	20341665	2.93416
MIR31HG	9	21455642	4.06645
ANKRD20A4	9	64369394	0.82006
FRMD3	9	83242990	-1.43535
CBWD1	9	121038	3.26853
ZNF483	9	111525159	-0.58552
LINGO2	9	27948078	1.43414
PHYHD1	9	128920895	-2.77054
LINC00476	9	95759231	0.13099
TTLL11	9	121821928	0.38242
ZNF169	9	94259311	-2.09935
SWI5	9	128275379	1.96524
ZDHHC21	9	14611071	0.80073
CDC26	9	113255835	0.79985
ADAMTSL1	9	17906563	0.43614
RMI1	9	83980711	-1.31711
ATP8B5P	9	35406755	2.56767
ANKRD18A	9	38571358	-0.13773
GAS1	9	86944363	1.02339
WASH1	9	14521	-0.40817
ERCC6L2	9	95875701	-0.44258
KIAA2026	9	5881596	-1.16618
C9orf66	9	212824	2.98566
IFNE	9	21480839	1.97857
PTCH1	9	95442980	2.72484
BICD2	9	92711363	0.31486
C9orf47	9	88990863	0.68288
KIF24	9	34252381	0.08713
PTRH1	9	127692978	0.34805
RP11-195F19.5	9	34664163	0.1072
GCNT1	9	76419850	6.05515
FNBP1	9	129887187	0.54862
SEMA4D	9	89360787	-0.68961
CARD9	9	136361903	0.71242
TMEM215	9	32783499	-1.22273
CENPP	9	92325484	-2.34435
IER5L	9	129175552	-1.196
PTAR1	9	69709522	-1.04636
HACD4	9	20999515	21.40423
TDRD7	9	97411950	-0.3842
HRCT1	9	35906192	-0.26658
EEF1A1P5	9	133019486	-1.89236
IARS	9	92210207	-1.88577
MFSD14C	9	96897917	-0.32624
NTNG2	9	132161676	0.88076
PPP1R26	9	135479079	0.92079
ZNF782	9	96816472	1.01957
DAPK1	9	87497228	1.81215
TLE1	9	81583683	-0.38618
MVB12B	9	126326849	9.3758
CBWD3	9	68232003	2.15259
PHF2	9	93576407	-2.91882
CCDC180	9	97307304	0.89653
LPAR1	9	110873263	1.56723
TUSC1	9	25676389	-0.72954
UNC13B	9	35161992	-0.8475
GRIN3A	9	101569353	-0.04413
RUSC2	9	35490127	1.53186
DCAF12	9	34086387	2.03531
SMC5	9	70258962	-0.16472
C9orf114	9	128819651	4.66984
LINC00963	9	129483451	-0.23996
GGTA1P	9	121444991	-0.8786
MAMDC2-AS1	9	70033921	-2.10361
C9orf135	9	69820793	0.35202
RP11-204M4.2	9	39817530	-0.6699
FAM201A	9	38620474	-0.13773
PLPP6	9	4662315	-0.67974
S1PR3	9	88991447	-0.9997
LDHAP4	9	14921337	1.11689
RP11-27I1.4	9	120793551	1.07429
RP11-54D18.2	9	14993312	0.048
FRG1JP	9	63832127	-0.82006
FAM138C	9	34394	-0.28744
FANCG	9	35073835	0.57812
RP11-545E17.3	9	128724445	-0.2437
MIR181A2HG	9	124658467	0.53536
RORB-AS1	9	74485551	-1.02095
RP11-535M15.1	9	96687056	-1.05682
PGM5-AS1	9	68355189	-0.35349
RP11-228B15.4	9	127816066	-0.6539
SNX18P3	9	38566260	-0.13773
RP11-120J1.1	9	14317085	1.95469
RP11-390F4.3	9	6716495	-1.10332
PTPRD-AS1	9	8858130	-0.72425
DBH-AS1	9	133654586	0.55791
PSMD5-AS1	9	120824828	-2.16883
RP11-112J3.16	9	35772163	-4.31079
MIR1302-9	9	27657	0.26064
ADGRF5P1	9	62860873	-0.82006
RP11-165J3.6	9	93435332	-3.01332
OR1H1P	9	122607864	-0.01294
RALGAPA1P1	9	105520128	-2.54512
RP11-524G24.2	9	121574891	1.91039
RP11-195F19.9	9	34665665	0.86068
ANKRD18B	9	33524394	-0.95383
RP11-555J4.3	9	32643103	0.31875
CDC20P1	9	87011652	-1.67402
LINC01508	9	90300902	-0.19025
TRBV26OR9-2	9	33695767	0.30954
RFX3-AS1	9	3526723	0.0795
C9orf172	9	136844415	-1.41379
SNHG7	9	136721366	0.12116
RP11-88I18.2	9	68393881	2.66625
B4GALT1-AS1	9	33166975	1.06417
RP11-500B12.1	9	117648606	0.08876
RP11-535M15.2	9	96725890	-1.05682
LINC01503	9	129332300	1.2836
RP11-54D18.4	9	15055057	0.48893
RPSAP9	9	76398699	4.40374
RP11-262H14.3	9	62856999	-0.82006
SLC25A25-AS1	9	128108581	0.17672
LINC00094	9	134025439	0.61622
LINC00961	9	35909483	0.27237
VLDLR-AS1	9	2422702	0.51772
RP11-85O21.2	9	124006277	-0.79904
MIR600HG	9	123109494	1.8524
UNQ6494	9	89639814	-0.02659
PTENP1	9	33673504	0.476
SNRPCP1	9	32676063	0.03325
RP11-432J22.2	9	135907812	-0.46777
LINC01410	9	62801461	-0.82006
RP11-79D8.2	9	79726069	-0.12826
TMEFF1	9	100473113	-0.43238
AKAP2	9	110048598	-0.90176
GNG10	9	111661335	-0.98544
PALM2	9	109640788	1.63231
MSANTD3-TMEFF1	9	100442271	1.46444
RP11-522I20.3	9	83707594	-1.2021
RP11-23J9.4	9	97238497	1.77713
RP11-203J24.9	9	127867864	-3.75404
FRRS1L	9	109130293	0.25823
RP11-438B23.2	9	27937617	1.39199
ANKRD20A1	9	67859147	4.3825
RP11-363E7.4	9	19453209	0.29706
RP11-384P7.7	9	33697459	-0.27033
RP11-355O1.11	9	122937623	0.02476
RP11-195F19.30	9	34661903	1.75611
RP11-244O19.1	9	121815674	0.5188
DKFZP434A062	9	136322303	-0.19598
RP11-2B6.2	9	94176458	-1.2517
SMC2-AS1	9	104080024	-3.4867
RP11-339B21.13	9	128316337	-0.17484
RP11-408A13.4	9	14588797	-2.30995
RP11-392E22.10	9	38542389	-0.91848
FAM95C	9	38540567	-0.13773
RP11-513M16.8	9	19375451	2.53621
RP11-526D8.11	9	92840955	1.69489
PGM5P3-AS1	9	72674	-0.1583
GLIDR	9	39807361	-0.12329
RP11-182N22.9	9	35038625	-1.32162
PTENP1-AS	9	33677268	0.24631
LINC00950	9	35858738	-3.04356
EBLN3	9	37079857	-0.50829
AL513412.1	9	6720949	1.76871
AL135787.1	9	111549773	1.29518
RP11-392E22.9	9	38540569	-0.02957
